TRAVELER_ID,TRAVEL_DURATION_DAYS,TRAVEL_PURPOSE_1,TRAVEL_PURPOSE_2,TRAVEL_PURPOSE_3,TRAVEL_PURPOSE_4,TRAVEL_PURPOSE_5,TRAVEL_PURPOSE_6,TRAVEL_PURPOSE_7,TRAVEL_PURPOSE_8,TRAVEL_PURPOSE_9,TRAVEL_PURPOSE_10,TRAVEL_PURPOSE_11,TRAVEL_PURPOSE_12,TRAVEL_PURPOSE_13,TRAVEL_PURPOSE_14,TRAVEL_PURPOSE_15,TRAVEL_PURPOSE_16,TRAVEL_PURPOSE_17,TRAVEL_PURPOSE_18,TRAVEL_PURPOSE_19,TRAVEL_PURPOSE_20,TRAVEL_PURPOSE_21,TRAVEL_PURPOSE_22,TRAVEL_PURPOSE_23,TRAVEL_PURPOSE_24,TRAVEL_PURPOSE_25,TRAVEL_PURPOSE_26,TRAVEL_PURPOSE_27,TRAVEL_PURPOSE_28,TRAVEL_MISSION_1,TRAVEL_MISSION_2,TRAVEL_MISSION_3,TRAVEL_MISSION_4,TRAVEL_MISSION_5,TRAVEL_MISSION_6,TRAVEL_MISSION_7,TRAVEL_MISSION_8,TRAVEL_MISSION_9,TRAVEL_MISSION_10,TRAVEL_MISSION_11,TRAVEL_MISSION_12,TRAVEL_MISSION_13,TRAVEL_MISSION_14,TRAVEL_MISSION_15,TRAVEL_MISSION_16,TRAVEL_MISSION_17,TRAVEL_MISSION_18,TRAVEL_MISSION_19,TRAVEL_MISSION_20,TRAVEL_MISSION_21,TRAVEL_MISSION_22,TRAVEL_MISSION_23,TRAVEL_MISSION_24,TRAVEL_MISSION_25,TRAVEL_MISSION_26,TRAVEL_MISSION_27,TRAVEL_MISSION_28,GENDER,AGE_GRP,EDU_NM,FAMILY_MEMB,JOB_NM,INCOME,HOUSE_INCOME,TRAVEL_TERM,TRAVEL_STYL_1,TRAVEL_STYL_2,TRAVEL_STYL_3,TRAVEL_STYL_4,TRAVEL_STYL_5,TRAVEL_STYL_6,TRAVEL_STYL_7,TRAVEL_STYL_8,TRAVEL_COMPANIONS_NUM,TRAVEL_MOTIVE_1,TRAVEL_MOTIVE_2,TRAVEL_MOTIVE_3,TRAVEL_MOTIVE_4,TRAVEL_MOTIVE_5,TRAVEL_MOTIVE_6,TRAVEL_MOTIVE_7,TRAVEL_MOTIVE_8,TRAVEL_MOTIVE_9,TRAVEL_MOTIVE_10,WON_SUM
a014262,2,1,1,0,0,0,0,0,0,0,0,1,0,0,0,0,0,0,0,0,0,0,1,0,0,0,0,0,0,1,1,0,0,0,0,0,0,0,0,1,0,0,0,0,0,0,0,0,0,0,1,0,0,0,0,0,0,0,40,6,3,2.0,7,9.0,1,4,5,3,5,2,6,1,7,1,0,0,1,0,1,0,1,0,0,0,183249.0
a006728,2,0,0,0,0,1,0,0,0,0,0,0,0,0,0,0,0,0,0,0,0,1,1,0,1,0,1,1,0,0,0,0,0,1,0,0,0,0,0,0,0,0,0,0,0,0,0,0,0,1,1,0,1,0,1,1,0,0,40,6,4,3.0,9,10.0,2,5,4,4,5,5,5,5,5,3,1,0,1,0,0,1,0,0,0,0,128600.0
a015745,4,1,1,0,0,0,1,0,0,0,0,0,0,0,0,0,0,0,0,0,0,0,0,0,0,0,0,0,0,1,1,0,0,0,1,0,0,0,0,0,0,0,0,0,0,0,0,0,0,0,0,0,0,0,0,0,0,1,60,4,3,11.0,5,5.0,3,4,1,2,2,4,4,4,3,0,0,1,0,0,0,0,1,1,0,0,57100.0
a010544,2,0,0,0,0,0,0,0,0,0,0,0,0,0,0,0,0,0,0,0,0,1,1,0,1,0,1,0,0,0,0,0,0,0,0,0,0,0,0,0,0,0,0,0,0,0,0,0,0,1,1,0,1,0,1,0,0,0,40,7,1,2.0,5,7.49660441426146,2,2,5,2,6,3,3,2,6,0,1,1,0,0,1,0,0,0,0,0,99700.0
a012058,2,1,0,0,1,0,0,0,0,0,1,0,1,0,0,0,0,0,0,0,0,1,1,0,0,0,1,0,0,1,0,0,1,0,0,0,0,0,1,0,1,0,0,0,0,0,0,0,0,1,1,0,0,0,1,0,0,1,30,5,2,4.0,3,6.0,2,4,3,5,2,3,5,2,5,1,1,1,1,0,0,0,0,0,0,0,730560.0
a001826,3,0,0,0,0,0,0,0,1,0,0,0,0,0,0,0,0,0,0,0,0,0,1,0,1,0,0,0,0,0,0,0,0,0,0,0,1,0,0,0,0,0,0,0,0,0,0,0,0,0,1,0,1,0,0,0,0,0,20,5,2,3.0,3,3.0,3,1,1,4,1,1,4,1,7,1,1,1,1,0,0,0,0,0,0,0,1417000.0
a002687,3,0,0,0,0,0,0,0,0,0,0,0,0,0,0,0,0,0,0,0,0,1,1,1,1,1,0,0,0,0,0,0,0,0,0,0,0,0,0,0,0,0,0,0,0,0,0,0,0,1,1,1,1,1,0,0,0,1,30,6,5,2.0,6,12.0,2,1,2,1,4,7,2,3,6,1,0,0,1,0,0,0,1,0,0,0,671800.0
a008173,3,1,0,0,0,0,0,0,0,0,0,0,0,0,0,0,0,0,0,0,0,0,0,0,0,0,0,0,0,1,0,0,0,0,0,0,0,0,0,0,0,0,0,0,0,0,0,0,0,0,0,0,0,0,0,0,0,0,30,6,3,3.0,4,5.0,3,1,1,1,7,1,1,7,1,0,1,1,0,0,0,0,1,0,0,0,79700.0
a005503,3,0,0,0,0,0,0,0,0,0,0,0,0,0,0,0,0,0,0,0,0,0,1,1,0,0,1,1,1,0,0,0,0,0,0,0,0,0,0,0,0,0,0,0,0,0,0,0,0,0,1,1,0,0,1,1,1,1,20,6,2,2.0,4,6.0,3,3,3,2,4,3,4,5,4,1,0,0,1,0,1,0,1,0,0,0,1836900.0
a014026,2,0,1,0,1,0,1,0,0,0,0,1,0,0,0,0,0,0,0,0,0,0,1,0,0,0,1,0,0,0,1,0,1,0,1,0,0,0,0,1,0,0,0,0,0,0,0,0,0,0,1,0,0,0,1,0,0,1,20,6,1,12.0,2,7.49660441426146,3,1,2,1,1,7,6,1,7,0,1,0,0,0,1,0,1,0,0,0,203300.0
a006743,2,0,0,0,1,0,1,0,0,1,0,0,0,0,0,0,0,0,0,0,0,0,0,0,0,0,0,0,0,0,0,0,1,0,1,0,0,1,0,0,0,0,0,0,0,0,0,0,0,0,0,0,0,0,0,0,0,1,20,5,1,2.0,3,7.49660441426146,2,3,5,4,2,5,4,1,1,1,1,1,1,0,0,0,0,0,0,0,350000.0
a018188,2,1,0,0,1,0,0,0,0,0,0,0,0,0,0,0,0,0,0,0,0,0,1,0,0,0,0,0,0,1,0,0,1,0,0,0,0,0,0,0,0,0,0,0,0,0,0,0,0,0,1,0,0,0,0,0,0,1,20,6,5,3.0,4,9.0,2,3,1,1,4,6,4,3,7,1,1,0,1,0,1,0,0,0,0,0,269600.0
a001129,3,1,0,1,1,0,0,1,0,0,0,0,0,0,0,0,0,0,0,0,0,0,1,0,0,0,0,0,0,1,0,1,1,0,0,1,0,0,0,0,0,0,0,0,0,0,0,0,0,0,1,0,0,0,0,0,0,1,30,6,1,3.0,4,7.49660441426146,3,3,3,5,2,3,2,2,6,1,1,1,0,0,0,0,1,0,0,0,890400.0
a017969,2,0,0,1,0,0,0,0,0,0,0,0,0,0,0,0,0,0,0,0,0,0,1,0,0,0,0,0,0,0,0,1,0,0,0,0,0,0,0,0,0,0,0,0,0,0,0,0,0,0,1,0,0,0,0,0,0,0,30,7,4,3.0,5,7.0,2,2,2,3,3,4,5,2,4,1,0,1,1,0,0,0,0,1,0,0,43000.0
a012188,2,1,1,1,0,0,0,0,0,0,0,0,0,0,0,0,0,0,0,0,0,0,1,0,0,0,0,0,0,1,1,1,0,0,0,0,0,0,0,0,0,0,0,0,0,0,0,0,0,0,1,0,0,0,0,0,0,1,30,6,1,13.0,3,7.49660441426146,3,4,7,2,5,6,7,7,7,0,1,1,0,0,0,0,0,0,0,0,67400.0
a006668,2,1,1,0,1,0,0,0,0,0,0,1,0,0,0,0,0,0,0,0,0,1,0,0,0,0,0,0,0,1,1,0,1,0,0,0,0,0,0,1,0,0,0,0,0,0,0,0,0,1,0,0,0,0,0,0,0,1,30,7,3,3.0,8,12.0,3,4,6,3,5,7,6,2,6,2,1,0,1,0,0,0,1,0,0,0,352400.0
a002989,3,1,0,0,1,0,1,0,1,0,0,0,0,1,0,0,0,0,0,0,0,0,0,0,0,0,0,0,0,1,0,0,1,0,1,0,1,0,0,0,0,1,0,0,0,0,0,0,0,0,0,0,0,0,0,0,0,1,30,6,3,3.0,1,5.0,3,2,1,4,4,4,4,4,4,2,0,1,0,0,0,1,0,0,1,0,669900.0
a018209,2,0,0,0,0,0,0,0,0,0,0,1,0,0,0,0,0,0,0,0,0,1,0,0,0,0,0,1,1,0,0,0,0,0,0,0,0,0,0,1,0,0,0,0,0,0,0,0,0,1,0,0,0,0,0,1,1,1,30,5,3,2.0,4,8.0,2,3,5,3,4,5,3,6,3,1,1,0,1,0,0,0,1,0,0,0,147000.0
a006101,3,0,0,0,0,0,1,0,0,0,0,0,0,0,0,0,0,0,0,0,0,0,1,1,0,0,1,0,0,0,0,0,0,0,1,0,0,0,0,0,0,0,0,0,0,0,0,0,0,0,1,1,0,0,1,0,0,0,30,7,1,2.0,6,7.49660441426146,3,2,1,2,3,3,3,3,2,1,0,1,1,0,0,0,1,0,0,0,900000.0
a005593,2,1,0,0,0,0,1,0,0,0,0,0,0,0,0,0,0,0,0,0,0,0,1,0,0,0,0,0,0,1,0,0,0,0,1,0,0,0,0,0,0,0,0,0,0,0,0,0,0,0,1,0,0,0,0,0,0,1,20,7,4,12.0,3,3.0,3,5,2,1,2,2,5,1,7,0,1,0,0,0,1,0,1,0,0,0,27700.0
a001157,4,1,0,0,0,1,0,1,0,0,0,0,1,0,0,0,0,0,0,0,0,0,1,0,0,0,0,0,0,1,0,0,0,1,0,1,0,0,0,0,1,0,0,0,0,0,0,0,0,0,1,0,0,0,0,0,0,0,30,6,1,4.0,2,7.49660441426146,2,1,1,2,3,2,2,2,2,0,1,1,0,0,0,0,1,0,0,0,52500.0
a000637,3,0,0,0,0,0,0,0,0,0,0,0,0,0,0,0,0,0,0,0,0,0,1,1,0,1,0,0,0,0,0,0,0,0,0,0,0,0,0,0,0,0,0,0,0,0,0,0,0,0,1,1,0,1,0,0,0,0,30,6,3,2.0,6,10.0,2,1,1,6,1,2,2,2,5,2,0,1,1,0,0,0,0,0,0,1,1122000.0
a005806,2,0,0,0,1,0,0,0,0,1,0,1,0,0,0,0,0,0,0,0,0,0,1,0,0,0,0,0,0,0,0,0,1,0,0,0,0,1,0,1,0,0,0,0,0,0,0,0,0,0,1,0,0,0,0,0,0,1,30,6,1,3.0,1,7.49660441426146,3,1,1,1,4,2,6,6,7,0,0,1,0,1,0,0,1,0,0,0,65000.0
a000277,3,0,0,1,0,0,1,0,0,0,0,0,0,0,0,0,0,0,0,0,0,0,1,0,0,0,0,0,0,0,0,1,0,0,1,0,0,0,0,0,0,0,0,0,0,0,0,0,0,0,1,0,0,0,0,0,0,1,20,6,1,2.0,4,7.49660441426146,3,4,7,1,5,6,1,6,7,1,1,0,0,0,0,0,1,1,0,0,489600.0
a000428,4,1,1,0,1,0,1,0,0,0,0,0,0,0,0,0,0,0,0,0,0,0,0,0,0,0,0,1,0,1,1,0,1,0,1,0,0,0,0,0,0,0,0,0,0,0,0,0,0,0,0,0,0,0,0,1,0,0,30,6,4,3.0,9,12.0,1,6,7,6,3,6,6,7,4,3,1,1,1,0,0,0,0,0,0,0,1143300.0
a018074,2,0,0,0,1,0,0,0,0,0,0,0,0,0,0,0,0,0,0,0,0,0,0,0,0,0,0,0,0,0,0,0,1,0,0,0,0,0,0,0,0,0,0,0,0,0,0,0,0,0,0,0,0,0,0,0,0,1,40,5,4,3.0,5,6.0,2,2,2,3,2,2,2,3,7,1,1,0,1,0,0,0,1,0,0,0,34700.0
a004431,2,1,0,0,0,1,1,0,0,0,0,0,0,0,0,0,0,0,0,0,0,0,1,0,0,0,0,0,0,1,0,0,0,1,1,0,0,0,0,0,0,0,0,0,0,0,0,0,0,0,1,0,0,0,0,0,0,1,20,6,3,12.0,2,4.0,4,3,3,2,3,2,2,4,7,1,0,1,0,1,0,0,1,0,0,0,308600.0
a003282,2,0,1,0,0,0,0,0,0,0,0,0,0,0,0,0,0,0,0,0,0,0,0,0,0,0,0,0,0,0,1,0,0,0,0,0,0,0,0,0,0,0,0,0,0,0,0,0,0,0,0,0,0,0,0,0,0,1,30,6,4,3.0,7,7.0,2,1,4,2,5,4,4,3,5,4,0,1,1,0,0,0,1,0,0,0,307000.0
a000307,3,0,0,0,0,0,0,0,1,0,0,0,0,0,0,0,0,0,0,0,0,1,1,0,1,0,0,1,0,0,0,0,0,0,0,0,1,0,0,0,0,0,0,0,0,0,0,0,0,1,1,0,1,0,0,1,0,0,30,7,2,2.0,6,6.0,3,2,1,4,3,4,3,3,6,4,0,1,1,0,0,0,0,0,1,0,1642260.0
a000980,2,1,0,0,1,1,0,0,0,0,0,0,0,0,0,0,0,0,0,0,0,0,1,1,0,0,0,0,0,1,0,0,1,1,0,0,0,0,0,0,0,0,0,0,0,0,0,0,0,0,1,1,0,0,0,0,0,1,30,6,3,3.0,5,7.0,1,1,2,2,2,6,6,5,5,1,1,0,0,0,0,1,1,0,0,0,50000.0
a008206,2,1,0,1,0,0,1,1,0,0,0,0,0,0,0,0,0,0,0,0,0,0,1,0,0,0,0,0,0,1,0,1,0,0,1,1,0,0,0,0,0,0,0,0,0,0,0,0,0,0,1,0,0,0,0,0,0,1,20,7,4,12.0,3,4.0,3,4,1,4,5,3,5,1,7,1,1,0,0,0,1,0,1,0,0,0,294300.0
a008349,3,1,0,0,0,0,1,0,0,0,0,1,0,0,0,0,0,0,0,0,0,0,0,0,0,0,0,0,0,1,0,0,0,0,1,0,0,0,0,1,0,0,0,0,0,0,0,0,0,0,0,0,0,0,0,0,0,1,20,8,1,12.0,3,7.49660441426146,2,5,6,4,1,4,3,5,2,0,1,1,0,0,0,0,1,0,0,0,308550.0
a005195,2,0,0,0,1,0,0,0,0,0,0,0,0,0,0,0,0,0,0,0,0,1,0,0,0,0,0,0,1,0,0,0,1,0,0,0,0,0,0,0,0,0,0,0,0,0,0,0,0,1,0,0,0,0,0,0,1,0,30,6,4,2.0,6,9.0,3,3,3,5,5,1,5,5,2,0,1,1,0,0,0,1,0,0,0,0,11100.0
a005824,3,0,0,0,1,0,0,0,1,0,1,0,0,0,0,0,0,0,0,0,0,0,0,0,0,0,0,0,0,0,0,0,1,0,0,0,1,0,1,0,0,0,0,0,0,0,0,0,0,0,0,0,0,0,0,0,0,0,30,6,3,3.0,5,5.0,2,6,1,2,1,1,4,2,6,1,1,1,1,0,0,0,0,0,0,0,521280.0
a000286,4,0,0,1,0,0,0,0,0,0,0,0,1,0,0,0,0,0,0,0,0,0,0,0,0,0,0,0,0,0,0,1,0,0,0,0,0,0,0,0,1,0,0,0,0,0,0,0,0,0,0,0,0,0,0,0,0,1,30,6,3,3.0,7,11.0,2,1,1,1,1,6,2,1,7,2,1,1,1,0,0,0,0,0,0,0,360400.0
a005562,2,0,0,1,0,1,0,0,0,0,0,0,0,0,0,0,0,0,0,0,0,0,1,0,0,0,0,0,0,0,0,1,0,1,0,0,0,0,0,0,0,0,0,0,0,0,0,0,0,0,1,0,0,0,0,0,0,0,30,6,1,3.0,7,7.49660441426146,2,3,3,2,4,6,2,4,5,0,0,0,0,0,0,1,0,1,0,1,64900.0
a006278,2,0,1,0,1,0,0,0,0,1,0,0,0,0,0,0,0,0,0,0,0,0,0,0,0,0,0,0,0,0,1,0,1,0,0,0,0,1,0,0,0,0,0,0,0,0,0,0,0,0,0,0,0,0,0,0,0,0,20,6,3,2.0,7,8.0,3,1,2,2,5,6,4,5,7,0,1,1,0,0,0,0,1,0,0,0,151800.0
a018134,2,0,0,0,1,0,0,0,0,0,0,0,0,0,0,0,0,0,0,0,0,0,1,0,1,0,0,0,0,0,0,0,1,0,0,0,0,0,0,0,0,0,0,0,0,0,0,0,0,0,1,0,1,0,0,0,0,1,30,6,3,2.0,4,7.0,3,2,3,2,4,4,2,4,5,2,1,1,1,0,0,0,0,0,0,0,36500.0
a000618,3,1,0,0,1,0,1,0,0,0,0,0,0,0,0,0,0,0,0,0,0,0,0,0,0,0,0,0,0,1,0,0,1,0,1,0,0,0,0,0,0,0,0,0,0,0,0,0,0,0,0,0,0,0,0,0,0,1,30,7,2,3.0,4,6.0,2,7,2,7,1,1,7,1,7,1,1,1,1,0,0,0,0,0,0,0,97600.0
a004497,2,0,0,1,0,0,0,0,0,0,0,0,0,0,0,0,0,0,0,0,0,0,1,0,0,0,1,0,1,0,0,1,0,0,0,0,0,0,0,0,0,0,0,0,0,0,0,0,0,0,1,0,0,0,1,0,1,0,20,6,4,12.0,3,7.0,2,2,2,2,3,5,4,6,7,1,1,1,1,0,0,0,0,0,0,0,105500.0
a005182,2,1,0,0,1,0,0,0,0,0,0,0,0,0,0,0,0,0,0,0,0,0,0,0,0,0,0,0,0,1,0,0,1,0,0,0,0,0,0,0,0,0,0,0,0,0,0,0,0,0,0,0,0,0,0,0,0,0,20,6,4,3.0,4,9.0,3,4,2,1,5,2,3,4,4,0,0,1,0,1,0,0,1,0,0,0,49800.0
a008024,2,0,1,1,0,0,0,0,0,0,0,0,0,0,0,0,0,0,0,0,0,1,1,0,0,0,0,0,0,0,1,1,0,0,0,0,0,0,0,0,0,0,0,0,0,0,0,0,0,1,1,0,0,0,0,0,0,1,50,6,3,2.0,3,10.0,2,2,4,2,3,4,2,2,6,1,1,0,0,0,0,0,0,1,0,1,60000.0
a006065,2,1,0,1,1,0,0,0,0,0,0,0,0,0,0,0,0,0,0,0,0,0,1,0,1,0,0,0,0,1,0,1,1,0,0,0,0,0,0,0,0,0,0,0,0,0,0,0,0,0,1,0,1,0,0,0,0,0,50,6,2,3.0,6,11.0,1,2,4,6,7,4,5,7,6,0,1,1,0,0,0,0,0,1,0,0,81000.0
a002251,2,1,0,0,0,0,1,0,0,0,0,0,0,0,0,0,0,0,0,0,0,0,1,0,0,0,0,0,0,1,0,0,0,0,1,0,0,0,0,0,0,0,0,0,0,0,0,0,0,0,1,0,0,0,0,0,0,1,50,4,4,4.0,4,9.0,3,2,4,3,5,2,2,5,5,0,1,0,0,0,1,0,1,0,0,0,131950.0
a004399,4,1,0,1,0,0,1,0,0,0,0,0,1,0,0,0,0,0,0,0,0,0,1,0,0,0,0,0,0,1,0,1,0,0,1,0,0,0,0,0,1,0,0,0,0,0,0,0,0,0,1,0,0,0,0,0,0,0,40,6,4,2.0,5,8.0,3,2,2,1,6,6,6,7,7,3,1,1,1,0,0,0,0,0,0,0,271700.0
a003305,3,1,0,0,0,0,1,0,0,0,0,0,0,0,0,0,0,0,0,0,0,0,1,1,0,0,0,0,0,1,0,0,0,0,1,0,0,0,0,0,0,0,0,0,0,0,0,0,0,0,1,1,0,0,0,0,0,0,20,6,2,3.0,2,5.0,2,7,2,2,3,3,6,1,7,1,1,1,1,0,0,0,0,0,0,0,1859750.0
a004307,2,0,0,0,0,0,0,0,0,0,0,0,0,0,0,0,0,0,0,0,0,0,0,0,0,0,0,0,1,0,0,0,0,0,0,0,0,0,0,0,0,0,0,0,0,0,0,0,0,0,0,0,0,0,0,0,1,0,40,8,1,13.0,7,7.49660441426146,3,4,4,4,5,5,4,4,4,0,1,1,0,1,0,0,0,0,0,0,15000.0
a017685,2,0,0,1,0,0,0,0,0,0,0,0,0,1,0,0,0,0,0,0,0,1,0,0,0,1,0,1,0,0,0,1,0,0,0,0,0,0,0,0,0,1,0,0,0,0,0,0,0,1,0,0,0,1,0,1,0,1,50,6,3,1.0,10,11.0,1,1,1,1,2,4,4,7,1,0,0,0,0,1,0,0,1,0,0,1,123500.0
a006833,2,1,1,0,1,1,1,0,0,0,0,0,0,0,0,0,0,0,0,0,0,0,0,0,0,0,0,0,0,1,1,0,1,1,1,0,0,0,0,0,0,0,0,0,0,0,0,0,0,0,0,0,0,0,0,0,0,1,30,6,3,2.0,2,5.0,2,3,4,5,4,4,4,6,4,0,1,1,0,0,0,0,1,0,0,0,31500.0
a006260,3,0,1,0,0,0,0,0,0,0,0,0,0,0,0,0,0,0,0,0,0,0,1,0,1,0,1,1,0,0,1,0,0,0,0,0,0,0,0,0,0,0,0,0,0,0,0,0,0,0,1,0,1,0,1,1,0,1,30,6,2,3.0,4,7.0,2,4,2,3,5,3,5,2,5,0,1,0,0,0,1,0,1,0,0,0,1692520.0
a003779,5,0,0,0,0,0,1,0,0,0,1,0,1,0,0,0,0,0,0,0,0,1,1,0,0,0,0,0,0,0,0,0,0,0,1,0,0,0,1,0,1,0,0,0,0,0,0,0,0,1,1,0,0,0,0,0,0,0,20,6,1,3.0,3,7.49660441426146,3,6,3,6,6,2,6,1,3,0,0,0,0,0,0,1,1,1,0,0,218900.0
a005650,2,1,1,1,0,0,1,0,0,1,0,0,0,0,0,0,0,0,0,0,0,0,0,0,0,0,0,0,0,1,1,1,0,0,1,0,0,1,0,0,0,0,0,0,0,0,0,0,0,0,0,0,0,0,0,0,0,1,50,6,1,4.0,4,7.49660441426146,3,5,5,6,2,2,3,2,5,1,1,0,1,0,0,0,0,0,0,0,47800.0
a003697,2,0,1,0,0,0,1,0,0,0,0,0,0,0,0,0,0,0,0,0,0,0,1,0,0,0,0,0,0,0,1,0,0,0,1,0,0,0,0,0,0,0,0,0,0,0,0,0,0,0,1,0,0,0,0,0,0,1,40,5,4,3.0,2,4.0,2,2,6,2,2,4,4,2,6,3,0,0,1,0,0,0,1,1,0,0,57200.0
a001244,4,1,0,0,0,1,0,0,0,0,0,0,0,0,0,0,0,0,0,0,0,1,1,0,0,0,1,0,0,1,0,0,0,1,0,0,0,0,0,0,0,0,0,0,0,0,0,0,0,1,1,0,0,0,1,0,0,1,20,6,3,2.0,6,8.0,1,2,1,1,1,6,7,1,7,2,1,0,1,1,0,0,0,0,0,0,806800.0
a002245,4,1,0,0,1,1,0,0,0,0,0,0,0,0,0,0,0,0,0,0,0,0,1,0,0,0,0,0,0,1,0,0,1,1,0,0,0,0,0,0,0,0,0,0,0,0,0,0,0,0,1,0,0,0,0,0,0,1,20,6,1,3.0,4,7.49660441426146,3,4,6,2,3,4,4,2,2,0,1,1,0,1,0,0,0,0,0,0,260400.0
a007884,2,1,0,0,0,0,1,0,0,0,0,0,0,0,0,0,0,0,0,0,0,1,0,0,0,0,0,0,0,1,0,0,0,0,1,0,0,0,0,0,0,0,0,0,0,0,0,0,0,1,0,0,0,0,0,0,0,1,20,6,1,12.0,1,7.49660441426146,3,3,3,4,3,3,4,3,3,1,1,0,1,0,1,0,0,0,0,0,208400.0
a000877,4,0,0,0,1,0,1,0,0,0,0,1,1,0,0,0,0,0,0,0,0,0,1,0,0,0,0,0,0,0,0,0,1,0,1,0,0,0,0,1,1,0,0,0,0,0,0,0,0,0,1,0,0,0,0,0,0,1,40,7,1,4.0,3,7.49660441426146,3,3,1,5,2,4,5,3,7,0,0,0,0,0,0,0,0,0,0,1,1217364.0
a001595,3,0,0,0,0,0,1,0,1,0,0,0,0,0,0,0,0,0,0,0,0,0,1,0,1,0,0,0,0,0,0,0,0,0,1,0,1,0,0,0,0,0,0,0,0,0,0,0,0,0,1,0,1,0,0,0,0,0,40,6,2,3.0,5,5.0,1,2,2,1,4,2,1,4,7,1,1,1,0,0,0,0,0,0,0,0,63900.0
a002056,3,1,0,1,0,0,1,0,1,0,0,0,1,0,0,0,0,0,0,0,0,0,0,0,0,0,0,0,0,1,0,1,0,0,1,0,1,0,0,0,1,0,0,0,0,0,0,0,0,0,0,0,0,0,0,0,0,0,50,6,3,3.0,6,7.0,3,2,4,4,4,4,4,5,4,2,1,1,1,0,0,0,0,0,0,0,223200.0
a005324,2,1,0,0,1,0,0,0,0,0,0,0,0,0,0,0,0,0,0,0,0,1,1,0,0,0,0,0,0,1,0,0,1,0,0,0,0,0,0,0,0,0,0,0,0,0,0,0,0,1,1,0,0,0,0,0,0,1,60,4,2,4.0,5,8.0,3,2,4,6,1,1,7,1,7,1,1,1,1,0,0,0,0,0,0,0,109200.0
a006674,2,0,0,0,0,0,0,0,0,0,0,0,0,0,0,0,0,0,0,0,0,0,0,0,0,1,0,1,0,0,0,0,0,0,0,0,0,0,0,0,0,0,0,0,0,0,0,0,0,0,0,0,0,1,0,1,0,0,30,6,1,12.0,4,7.49660441426146,3,7,7,6,1,4,6,2,4,0,1,1,0,0,0,1,0,0,0,0,595600.0
a002737,2,0,1,0,1,0,1,0,0,0,0,0,1,0,0,0,0,0,0,0,0,0,1,0,0,0,0,0,0,0,1,0,1,0,1,0,0,0,0,0,1,0,0,0,0,0,0,0,0,0,1,0,0,0,0,0,0,0,50,6,4,3.0,7,12.0,2,3,2,1,4,6,5,2,4,1,0,1,1,0,0,0,1,0,0,0,199000.0
a002979,3,1,0,0,0,0,0,0,0,0,0,0,0,0,0,0,0,0,0,0,0,0,0,1,0,0,0,0,0,1,0,0,0,0,0,0,0,0,0,0,0,0,0,0,0,0,0,0,0,0,0,1,0,0,0,0,0,1,30,6,4,2.0,3,10.0,2,5,1,3,4,2,6,1,2,1,1,1,1,0,0,0,0,0,0,0,136060.0
a006656,2,0,1,0,0,0,0,0,0,0,0,0,0,0,0,0,0,0,0,0,0,0,1,0,0,0,0,0,0,0,1,0,0,0,0,0,0,0,0,0,0,0,0,0,0,0,0,0,0,0,1,0,0,0,0,0,0,1,20,6,1,2.0,4,7.49660441426146,4,4,1,4,6,7,4,2,6,3,1,0,0,0,1,0,0,0,1,0,761000.0
a018000,2,1,0,0,1,0,1,0,0,0,0,0,0,0,0,0,0,0,0,0,0,0,1,0,0,0,1,0,0,1,0,0,1,0,1,0,0,0,0,0,0,0,0,0,0,0,0,0,0,0,1,0,0,0,1,0,0,0,30,6,1,4.0,5,7.49660441426146,2,1,4,1,2,3,6,6,5,1,1,1,1,0,0,0,0,0,0,0,755000.0
a006976,2,0,0,0,0,0,0,0,0,0,0,0,0,0,0,0,0,0,0,0,0,0,1,0,0,0,0,0,0,0,0,0,0,0,0,0,0,0,0,0,0,0,0,0,0,0,0,0,0,0,1,0,0,0,0,0,0,1,20,5,4,3.0,5,12.0,2,2,2,5,3,3,3,5,6,1,0,0,1,0,1,0,0,0,1,0,78500.0
a004818,2,0,1,0,0,0,0,0,0,0,0,0,0,0,0,0,0,0,0,0,0,0,0,0,1,0,0,0,0,0,1,0,0,0,0,0,0,0,0,0,0,0,0,0,0,0,0,0,0,0,0,0,1,0,0,0,0,1,30,6,3,3.0,6,7.0,2,5,6,3,2,3,3,2,4,2,1,1,1,0,0,0,0,0,0,0,51800.0
a010193,2,0,0,1,1,0,0,0,0,0,0,0,0,1,0,0,0,0,0,0,0,1,0,0,1,0,0,0,0,0,0,1,1,0,0,0,0,0,0,0,0,1,0,0,0,0,0,0,0,1,0,0,1,0,0,0,0,0,40,6,1,3.0,8,7.49660441426146,2,4,3,3,4,4,4,3,5,0,0,1,0,0,0,1,1,0,0,0,160150.0
a002410,3,0,1,0,0,0,0,0,0,0,0,0,0,0,0,0,0,0,0,0,0,0,0,1,1,0,1,1,0,0,1,0,0,0,0,0,0,0,0,0,0,0,0,0,0,0,0,0,0,0,0,1,1,0,1,1,0,1,50,4,4,11.0,4,6.0,2,4,6,3,5,5,3,3,5,3,1,1,1,0,0,0,0,0,0,0,1228200.0
a009817,2,0,0,1,0,0,1,0,0,0,0,0,0,0,0,0,0,0,0,0,0,0,0,0,0,0,0,0,0,0,0,1,0,0,1,0,0,0,0,0,0,0,0,0,0,0,0,0,0,0,0,0,0,0,0,0,0,0,60,6,2,1.0,5,5.0,3,4,4,4,4,4,4,4,4,1,1,1,0,0,0,0,1,0,0,0,101000.0
a006410,2,0,0,0,0,0,1,0,0,0,0,0,0,0,0,0,0,0,0,0,0,0,0,0,0,0,0,0,0,0,0,0,0,0,1,0,0,0,0,0,0,0,0,0,0,0,0,0,0,0,0,0,0,0,0,0,0,1,30,6,2,2.0,4,5.0,3,4,2,2,4,4,4,3,4,0,1,1,0,0,0,0,1,0,0,0,285800.0
a007878,2,0,0,0,0,0,0,0,0,0,0,0,0,0,0,0,0,0,0,0,0,1,1,0,0,0,1,1,0,0,0,0,0,0,0,0,0,0,0,0,0,0,0,0,0,0,0,0,0,1,1,0,0,0,1,1,0,0,20,6,1,2.0,7,7.49660441426146,2,3,5,6,3,1,3,2,6,1,0,1,1,0,1,0,0,0,0,0,161060.0
a004178,3,0,0,0,0,0,0,0,1,0,1,0,0,0,0,0,0,0,0,0,0,0,1,0,0,0,0,0,0,0,0,0,0,0,0,0,1,0,1,0,0,0,0,0,0,0,0,0,0,0,1,0,0,0,0,0,0,0,30,5,2,4.0,5,8.0,2,2,1,1,3,6,2,7,7,1,1,1,0,0,0,0,1,0,0,0,501780.0
a003426,4,0,0,1,0,0,0,0,1,0,0,0,1,0,0,0,0,0,0,0,0,1,1,0,0,0,0,0,0,0,0,1,0,0,0,0,1,0,0,0,1,0,0,0,0,0,0,0,0,1,1,0,0,0,0,0,0,1,30,7,4,2.0,1,9.0,2,1,1,3,6,1,4,7,1,6,1,0,1,0,0,0,0,0,0,0,378900.0
a006562,2,0,1,0,0,0,0,0,0,0,0,0,0,0,0,0,0,0,0,0,0,0,0,0,0,0,0,0,0,0,1,0,0,0,0,0,0,0,0,0,0,0,0,0,0,0,0,0,0,0,0,0,0,0,0,0,0,0,60,2,3,9.0,4,4.0,3,3,4,7,2,2,4,4,4,2,0,1,0,0,0,1,0,0,0,1,436450.0
a007436,2,1,1,0,1,0,0,0,0,0,0,0,0,0,0,0,0,0,0,0,0,1,0,1,0,0,0,0,0,1,1,0,1,0,0,0,0,0,0,0,0,0,0,0,0,0,0,0,0,1,0,1,0,0,0,0,0,0,30,6,2,5.0,4,6.0,2,4,3,3,4,2,4,2,6,1,1,1,0,0,0,0,1,0,0,0,151800.0
a005139,2,1,0,0,1,0,0,0,0,0,0,0,0,0,0,0,0,0,0,0,0,0,1,0,0,0,1,0,0,1,0,0,1,0,0,0,0,0,0,0,0,0,0,0,0,0,0,0,0,0,1,0,0,0,1,0,0,0,20,6,5,12.0,2,4.0,3,4,2,4,4,5,6,5,6,0,0,0,0,0,0,0,1,0,0,0,19900.0
a005193,2,0,0,0,0,0,0,1,0,0,0,0,0,0,0,0,0,0,0,0,0,1,0,0,0,0,0,0,0,0,0,0,0,0,0,1,0,0,0,0,0,0,0,0,0,0,0,0,0,1,0,0,0,0,0,0,0,0,50,7,3,2.0,6,6.0,2,6,5,3,3,5,5,2,6,2,0,0,1,1,0,0,1,0,0,0,656674.0
a006750,2,0,0,1,0,0,0,0,0,1,0,0,0,0,0,0,0,0,0,0,0,1,1,0,0,0,1,0,0,0,0,1,0,0,0,0,0,1,0,0,0,0,0,0,0,0,0,0,0,1,1,0,0,0,1,0,0,1,50,6,4,11.0,1,9.0,2,1,7,1,4,7,4,3,7,1,1,0,1,0,1,0,0,0,0,0,32000.0
a014948,3,1,0,0,1,0,0,1,0,1,0,0,0,0,0,0,0,0,0,0,0,0,1,0,0,0,0,0,0,1,0,0,1,0,0,1,0,1,0,0,0,0,0,0,0,0,0,0,0,0,1,0,0,0,0,0,0,1,20,7,1,2.0,4,7.49660441426146,3,2,7,1,5,7,6,3,3,2,1,0,0,0,0,0,1,0,0,0,727200.0
a000056,4,1,1,1,1,1,0,0,0,0,0,0,0,0,0,0,0,0,0,0,0,0,0,0,0,0,0,0,0,1,0,0,0,0,0,0,0,0,0,0,0,0,0,0,0,0,0,0,0,0,0,0,0,0,0,0,0,1,50,7,1,2.0,6,7.49660441426146,3,6,4,3,4,4,4,2,2,0,1,1,0,0,0,0,0,1,0,0,152400.0
c005920,2,0,0,0,0,0,0,0,0,0,0,0,0,0,0,0,0,0,0,0,0,0,1,0,0,0,1,1,0,0,0,0,0,0,0,0,0,0,0,0,0,0,0,0,0,0,0,0,0,0,1,0,0,0,1,1,0,1,30,6,3,2.0,3,6.0,2,1,7,2,1,1,2,2,7,2,1,0,1,0,0,1,0,0,0,0,196627.0
a015245,2,0,1,0,0,0,0,0,0,0,0,0,0,0,0,0,0,0,0,0,0,0,0,0,0,0,0,0,0,0,1,0,0,0,0,0,0,0,0,0,0,0,0,0,0,0,0,0,0,0,0,0,0,0,0,0,0,1,30,7,1,2.0,4,7.49660441426146,1,4,3,4,1,2,3,6,5,0,1,0,0,0,0,0,1,0,0,1,452260.0
a007424,2,0,0,1,1,0,0,0,0,0,0,0,0,0,0,0,0,0,0,0,0,1,1,0,1,0,0,0,0,0,0,1,1,0,0,0,0,0,0,0,0,0,0,0,0,0,0,0,0,1,1,0,1,0,0,0,0,1,40,5,4,3.0,4,7.0,3,2,2,6,4,2,2,6,3,0,1,1,0,1,0,0,0,0,0,0,390200.0
a006636,2,1,0,0,1,1,1,1,0,0,0,0,0,0,0,0,0,0,0,0,0,1,1,0,1,0,0,0,0,1,0,0,1,1,1,1,0,0,0,0,0,0,0,0,0,0,0,0,0,1,1,0,1,0,0,0,0,1,20,6,4,3.0,3,6.0,3,1,1,1,4,6,2,2,2,1,0,0,1,0,0,0,0,0,0,0,648500.0
a004767,2,0,1,0,0,0,1,0,0,1,0,0,1,0,0,0,0,0,0,0,0,1,0,0,0,0,0,0,0,0,1,0,0,0,1,0,0,1,0,0,1,0,0,0,0,0,0,0,0,1,0,0,0,0,0,0,0,1,30,6,2,3.0,5,8.0,3,1,4,2,4,2,1,1,6,3,0,0,1,0,0,0,0,1,0,1,231200.0
a003666,3,1,0,0,0,0,1,0,0,0,0,0,0,0,0,0,0,0,0,0,0,0,1,0,0,0,0,1,0,1,0,0,0,0,1,0,0,0,0,0,0,0,0,0,0,0,0,0,0,0,1,0,0,0,0,1,0,1,30,6,3,3.0,4,7.0,3,3,4,6,5,5,4,6,5,0,1,1,0,0,0,0,1,0,0,0,184100.0
a003517,3,0,0,0,0,1,0,1,0,0,0,0,0,0,0,0,0,0,0,0,0,0,0,0,0,0,0,0,1,0,0,0,0,1,0,1,0,0,0,0,0,0,0,0,0,0,0,0,0,0,0,0,0,0,0,0,1,0,40,5,4,13.0,6,6.0,2,3,3,5,4,3,3,3,4,4,1,1,1,0,0,0,0,0,0,0,117580.0
b006889,2,0,0,0,0,1,0,0,0,0,0,0,0,0,0,0,0,0,0,0,0,0,0,0,0,0,0,0,0,0,0,0,0,1,0,0,0,0,0,0,0,0,0,0,0,0,0,0,0,0,0,0,0,0,0,0,0,0,30,6,4,2.0,4,6.0,3,4,4,4,4,4,4,4,4,0,1,1,0,0,0,1,0,0,0,0,58200.0
a010333,3,0,0,0,0,0,1,0,0,0,0,0,0,0,0,0,0,0,0,0,0,1,1,0,0,0,0,1,0,0,0,0,0,0,1,0,0,0,0,0,0,0,0,0,0,0,0,0,0,1,1,0,0,0,0,1,0,0,40,6,4,3.0,10,10.0,3,3,3,2,4,2,4,2,4,3,1,1,1,0,0,0,0,0,0,0,436500.0
a007370,2,1,0,0,0,0,0,0,0,0,0,0,0,0,0,0,0,0,0,0,0,0,1,0,0,0,1,0,0,1,0,0,0,0,0,0,0,0,0,0,0,0,0,0,0,0,0,0,0,0,1,0,0,0,1,0,0,0,40,6,3,3.0,6,9.0,2,3,2,2,2,3,5,5,5,1,1,1,1,0,0,0,0,0,0,0,116900.0
a018006,2,1,0,1,0,0,0,0,0,0,0,0,0,0,0,0,0,0,0,0,0,0,1,0,0,0,1,0,0,1,0,1,0,0,0,0,0,0,0,0,0,0,0,0,0,0,0,0,0,0,1,0,0,0,1,0,0,1,30,6,4,5.0,5,11.0,3,2,4,6,5,2,2,2,6,0,1,0,0,1,0,0,1,0,0,0,859400.0
d007564,2,1,1,0,1,0,0,0,0,0,0,0,0,0,0,0,0,0,0,0,0,0,1,1,0,0,0,0,0,1,1,0,1,0,0,0,0,0,0,0,0,0,0,0,0,0,0,0,0,0,1,1,0,0,0,0,0,1,30,6,3,3.0,5,9.0,3,5,2,1,3,4,3,2,7,0,1,0,0,0,1,0,1,0,0,0,112400.0
a000018,3,1,1,0,0,1,0,0,1,0,0,0,0,0,0,0,0,0,0,0,0,0,0,0,0,0,0,0,1,0,0,0,0,1,0,0,0,0,0,0,0,0,0,0,0,0,0,0,0,0,0,0,0,0,0,0,0,1,40,6,4,2.0,4,10.0,2,2,2,2,5,3,1,3,4,3,1,1,0,0,0,0,0,0,0,0,170600.0
a006045,2,0,0,0,0,1,0,0,0,0,0,0,0,0,0,0,0,0,0,0,0,0,0,0,0,0,0,0,0,0,0,0,0,1,0,0,0,0,0,0,0,0,0,0,0,0,0,0,0,0,0,0,0,0,0,0,0,1,30,6,2,3.0,4,7.0,2,3,2,3,1,2,3,1,2,1,1,1,0,0,0,0,1,0,0,0,739000.0
a006026,2,1,0,0,0,0,1,0,0,0,0,0,0,0,0,0,0,0,0,0,0,0,1,0,0,0,0,0,0,1,0,0,0,0,1,0,0,0,0,0,0,0,0,0,0,0,0,0,0,0,1,0,0,0,0,0,0,1,20,7,1,2.0,8,7.49660441426146,2,6,3,4,5,5,3,6,6,1,1,0,0,0,1,0,1,0,0,0,738200.0
a004282,2,1,0,0,0,0,0,0,0,0,0,0,0,0,0,0,0,0,0,0,0,0,1,0,0,0,1,0,0,1,0,0,0,0,0,0,0,0,0,0,0,0,0,0,0,0,0,0,0,0,1,0,0,0,1,0,0,0,30,6,1,3.0,4,7.49660441426146,3,2,2,5,2,6,3,1,6,1,1,0,1,0,0,0,1,0,0,0,77900.0
a007058,2,1,0,0,0,0,0,0,0,0,0,0,0,0,0,0,0,0,0,0,0,0,1,0,0,0,0,0,0,1,0,0,0,0,0,0,0,0,0,0,0,0,0,0,0,0,0,0,0,0,1,0,0,0,0,0,0,1,20,6,4,13.0,4,7.0,2,7,1,4,1,1,6,4,7,1,1,0,1,0,1,0,0,0,0,0,89200.0
a002704,2,1,0,1,1,0,0,0,0,0,0,0,0,0,0,0,0,0,0,0,0,0,1,0,0,0,1,0,0,1,0,1,1,0,0,0,0,0,0,0,0,0,0,0,0,0,0,0,0,0,1,0,0,0,1,0,0,0,20,6,3,12.0,2,4.0,3,6,2,1,2,3,5,5,2,1,1,0,0,0,0,0,0,0,0,0,204400.0
a007351,2,0,0,1,0,0,1,0,0,0,0,0,0,0,0,0,0,0,0,0,0,0,0,0,0,0,0,0,0,0,0,1,0,0,1,0,0,0,0,0,0,0,0,0,0,0,0,0,0,0,0,0,0,0,0,0,0,1,30,6,4,2.0,2,9.0,2,1,1,1,3,6,4,2,6,3,0,0,1,0,0,0,1,1,0,0,77200.0
a007894,2,1,0,1,1,0,0,0,0,0,0,0,0,0,0,0,0,0,0,0,0,0,1,0,0,0,1,0,0,1,0,1,1,0,0,0,0,0,0,0,0,0,0,0,0,0,0,0,0,0,1,0,0,0,1,0,0,1,20,6,1,4.0,4,7.49660441426146,2,2,1,1,2,6,6,2,6,0,1,0,0,0,0,0,1,1,0,0,21900.0
a006799,2,0,1,0,0,0,0,0,0,0,0,0,0,0,0,0,0,0,0,0,0,1,1,0,1,0,0,1,0,0,1,0,0,0,0,0,0,0,0,0,0,0,0,0,0,0,0,0,0,1,1,0,1,0,0,1,0,1,30,6,3,3.0,5,11.0,1,4,1,1,5,7,6,2,7,2,1,0,0,0,0,0,1,1,0,0,338960.0
a007322,2,0,1,0,0,1,0,0,0,0,0,0,0,0,0,0,0,0,0,0,0,0,0,0,0,0,0,0,0,0,1,0,0,1,0,0,0,0,0,0,0,0,0,0,0,0,0,0,0,0,0,0,0,0,0,0,0,1,60,6,4,2.0,7,7.0,2,4,3,2,5,6,5,2,4,2,0,0,1,0,0,1,1,0,0,0,22100.0
a007399,2,1,0,0,0,0,0,0,0,0,0,0,0,0,0,0,0,0,0,0,0,0,0,0,0,0,1,0,0,1,0,0,0,0,0,0,0,0,0,0,0,0,0,0,0,0,0,0,0,0,0,0,0,0,1,0,0,1,20,6,4,4.0,4,10.0,3,6,1,1,3,4,6,6,6,1,1,1,1,0,0,0,0,0,0,0,43000.0
a015109,2,1,0,1,1,0,1,1,0,1,0,0,0,0,0,0,0,0,0,0,0,1,1,0,0,0,0,0,0,1,0,1,1,0,1,1,0,1,0,0,0,0,0,0,0,0,0,0,0,1,1,0,0,0,0,0,0,1,20,6,1,3.0,5,7.49660441426146,4,2,4,2,2,4,2,2,6,0,1,1,0,0,0,0,1,0,0,0,43800.0
a005458,2,1,1,0,0,0,0,0,0,0,0,0,0,0,0,0,0,0,0,0,0,1,1,0,0,0,1,0,0,1,1,0,0,0,0,0,0,0,0,0,0,0,0,0,0,0,0,0,0,1,1,0,0,0,1,0,0,1,30,5,2,4.0,3,6.0,3,1,1,2,2,3,3,2,6,1,1,0,1,0,0,0,1,0,0,0,56400.0
a018008,2,0,1,0,0,1,1,0,0,0,0,0,0,0,0,0,0,0,0,0,0,0,1,0,0,0,0,0,0,0,1,0,0,1,1,0,0,0,0,0,0,0,0,0,0,0,0,0,0,0,1,0,0,0,0,0,0,0,40,6,4,3.0,6,6.0,2,1,4,2,1,7,4,1,7,3,0,0,0,0,0,0,0,1,0,0,182600.0
a007194,2,0,0,0,1,0,0,0,0,0,0,0,0,0,0,0,0,0,0,0,0,0,0,0,1,0,0,0,0,0,0,0,1,0,0,0,0,0,0,0,0,0,0,0,0,0,0,0,0,0,0,0,1,0,0,0,0,1,30,5,3,2.0,4,9.0,2,4,1,1,1,1,1,1,3,1,1,1,1,0,0,0,0,0,0,0,130500.0
a005302,3,1,0,0,1,1,0,0,0,0,0,0,0,0,0,0,0,0,0,0,0,1,1,1,0,0,1,0,0,1,0,0,1,1,0,0,0,0,0,0,0,0,0,0,0,0,0,0,0,1,1,1,0,0,1,0,0,1,50,6,3,11.0,4,12.0,3,1,1,6,1,1,4,4,4,1,1,1,1,0,0,0,0,0,0,0,868400.0
a002004,3,1,1,0,0,0,1,1,0,0,1,0,0,0,0,0,0,0,0,0,0,0,0,0,0,0,0,0,0,1,1,0,0,0,1,1,0,0,1,0,0,0,0,0,0,0,0,0,0,0,0,0,0,0,0,0,0,0,20,5,4,3.0,4,10.0,3,2,4,1,6,4,3,6,3,4,1,0,1,1,0,0,0,0,0,0,1682760.0
a002652,2,1,1,1,0,0,0,1,0,0,0,0,0,0,0,0,0,0,0,0,0,0,0,0,0,0,0,0,0,1,1,1,0,0,0,1,0,0,0,0,0,0,0,0,0,0,0,0,0,0,0,0,0,0,0,0,0,1,30,5,1,3.0,4,7.49660441426146,2,4,4,2,1,4,3,2,5,1,1,1,1,0,0,0,0,0,0,0,323200.0
a006263,2,1,0,0,0,0,0,0,0,0,0,0,0,0,0,0,0,0,0,0,0,0,1,0,0,1,0,0,0,1,0,0,0,0,0,0,0,0,0,0,0,0,0,0,0,0,0,0,0,0,1,0,0,1,0,0,0,1,50,4,4,3.0,3,7.0,2,6,5,6,6,6,6,7,5,2,0,1,1,1,0,0,0,0,0,0,103500.0
a005705,2,0,0,0,1,0,0,0,0,0,0,0,0,0,0,0,0,0,0,0,0,0,1,0,0,0,0,0,0,0,0,0,1,0,0,0,0,0,0,0,0,0,0,0,0,0,0,0,0,0,1,0,0,0,0,0,0,1,30,6,5,3.0,4,12.0,2,1,1,1,3,3,1,6,6,3,1,1,1,0,0,0,0,0,0,0,171500.0
a017915,2,0,1,1,1,0,1,0,0,1,0,0,0,0,0,0,0,0,0,0,0,0,0,0,0,0,0,0,0,0,1,1,1,0,1,0,0,1,0,0,0,0,0,0,0,0,0,0,0,0,0,0,0,0,0,0,0,0,30,6,1,3.0,5,7.49660441426146,3,6,6,6,2,5,5,2,3,3,1,1,1,0,0,0,0,0,0,0,161000.0
a002155,2,0,0,1,1,0,0,0,0,0,0,0,0,0,0,0,0,0,0,0,0,1,1,0,1,0,0,0,0,0,0,1,1,0,0,0,0,0,0,0,0,0,0,0,0,0,0,0,0,1,1,0,1,0,0,0,0,1,40,6,2,3.0,1,9.0,3,2,4,1,4,2,2,3,5,0,1,0,0,0,0,0,1,1,0,0,24000.0
a004683,2,0,0,1,0,0,1,0,0,0,0,0,0,0,0,0,0,0,0,0,0,0,0,0,0,0,1,0,0,0,0,1,0,0,1,0,0,0,0,0,0,0,0,0,0,0,0,0,0,0,0,0,0,0,1,0,0,0,40,6,5,3.0,7,10.0,2,1,1,3,5,2,5,5,5,4,0,1,1,0,0,0,0,1,0,0,246800.0
a018147,2,0,0,1,1,0,0,0,0,0,0,0,0,0,0,0,0,0,0,0,0,0,1,0,0,0,0,0,0,0,0,1,1,0,0,0,0,0,0,0,0,0,0,0,0,0,0,0,0,0,1,0,0,0,0,0,0,1,60,4,3,3.0,3,7.0,2,1,4,1,2,3,1,4,6,2,1,0,0,0,0,1,1,0,0,0,69800.0
a005095,2,1,1,1,1,1,0,0,0,0,0,0,0,0,0,0,0,0,0,0,0,0,0,0,0,0,0,0,0,1,1,1,1,1,0,0,0,0,0,0,0,0,0,0,0,0,0,0,0,0,0,0,0,0,0,0,0,1,40,7,3,3.0,4,7.0,2,7,1,1,1,4,7,1,4,2,0,1,1,0,0,0,1,0,0,0,34600.0
a017957,2,1,0,0,0,0,0,0,0,0,0,0,1,0,0,0,0,0,0,0,0,0,1,0,0,0,0,0,0,1,0,0,0,0,0,0,0,0,0,0,1,0,0,0,0,0,0,0,0,0,1,0,0,0,0,0,0,1,30,6,1,3.0,4,7.49660441426146,3,1,4,4,3,1,2,6,6,2,1,0,1,0,1,0,0,0,0,0,60600.0
a002219,3,1,0,0,1,0,0,0,0,0,0,0,0,1,0,0,0,0,0,0,0,0,0,0,0,0,0,0,0,1,0,0,1,0,0,0,0,0,0,0,0,1,0,0,0,0,0,0,0,0,0,0,0,0,0,0,0,0,40,5,3,3.0,5,8.0,2,6,5,6,5,6,4,3,3,0,1,1,0,1,0,0,0,0,0,0,164412.0
a005702,3,1,0,1,1,0,0,0,0,0,0,0,0,0,0,0,0,0,0,0,0,0,1,0,0,0,1,0,0,1,0,1,1,0,0,0,0,0,0,0,0,0,0,0,0,0,0,0,0,0,1,0,0,0,1,0,0,0,30,6,1,4.0,5,7.49660441426146,1,1,1,1,1,1,7,7,7,0,1,1,0,0,0,0,1,0,0,0,72350.0
a003372,2,0,0,0,0,0,1,0,1,0,0,1,0,0,0,0,0,0,0,0,0,0,0,0,0,0,0,0,0,0,0,0,0,0,1,0,1,0,0,1,0,0,0,0,0,0,0,0,0,0,0,0,0,0,0,0,0,1,40,5,3,11.0,2,5.0,2,1,1,3,3,1,4,5,5,2,1,0,1,0,0,0,1,0,0,0,30000.0
a007100,2,1,0,0,0,0,1,0,0,0,0,0,0,0,0,0,0,0,0,0,0,0,0,0,0,0,0,0,0,1,0,0,0,0,1,0,0,0,0,0,0,0,0,0,0,0,0,0,0,0,0,0,0,0,0,0,0,1,40,5,2,3.0,3,3.0,3,2,3,3,3,3,3,3,4,0,1,0,0,0,0,0,1,1,0,0,23000.0
a002722,4,1,0,1,1,0,1,0,0,0,0,0,1,0,0,0,0,0,0,0,0,0,0,0,0,0,0,0,0,1,0,1,1,0,1,0,0,0,0,0,1,0,0,0,0,0,0,0,0,0,0,0,0,0,0,0,0,1,30,5,1,13.0,3,7.49660441426146,3,3,1,3,3,4,4,7,6,0,1,1,0,1,0,0,0,0,0,0,683000.0
a017480,2,0,0,0,0,0,0,0,0,0,0,0,0,0,0,0,0,0,0,0,0,0,1,0,0,1,0,0,0,0,0,0,0,0,0,0,0,0,0,0,0,0,0,0,0,0,0,0,0,0,1,0,0,1,0,0,0,1,30,7,4,3.0,4,12.0,2,4,4,3,1,2,5,3,7,2,1,1,1,0,0,0,0,0,0,0,144000.0
a003643,2,1,0,0,0,0,1,0,0,0,0,0,0,0,0,0,0,0,0,0,0,0,0,0,0,0,0,0,0,1,0,0,0,0,1,0,0,0,0,0,0,0,0,0,0,0,0,0,0,0,0,0,0,0,0,0,0,1,40,6,1,3.0,4,7.49660441426146,2,1,4,1,4,1,2,4,6,0,1,1,0,1,0,0,0,0,0,0,57350.0
a003229,4,0,1,1,0,0,0,0,0,0,0,0,0,0,0,0,0,0,0,0,0,0,0,0,0,0,0,0,0,0,1,1,0,0,0,0,0,0,0,0,0,0,0,0,0,0,0,0,0,0,0,0,0,0,0,0,0,0,30,4,3,7.0,5,6.0,3,2,2,1,1,2,6,2,6,2,1,1,0,0,0,0,0,1,0,0,1262600.0
a007607,2,0,0,1,1,0,0,0,0,1,0,1,0,0,0,0,0,0,0,0,0,0,1,0,0,0,0,0,0,0,0,1,1,0,0,0,0,1,0,1,0,0,0,0,0,0,0,0,0,0,1,0,0,0,0,0,0,1,40,6,3,2.0,5,11.0,2,2,2,3,2,4,4,2,6,2,0,0,1,0,0,0,1,0,0,1,177800.0
a006002,2,0,0,0,0,0,1,0,0,0,0,1,0,0,0,0,0,0,0,0,0,0,0,0,0,0,0,0,0,0,0,0,0,0,1,0,0,0,0,1,0,0,0,0,0,0,0,0,0,0,0,0,0,0,0,0,0,0,50,7,1,2.0,4,7.49660441426146,3,4,4,3,5,4,4,2,4,1,1,0,1,0,0,0,1,0,0,0,38553.0
a005397,2,0,1,1,1,1,1,1,0,0,0,0,1,1,0,0,0,0,0,0,0,1,1,0,0,0,0,0,0,0,1,1,1,1,1,1,0,0,0,0,1,1,0,0,0,0,0,0,0,1,1,0,0,0,0,0,0,1,30,6,4,2.0,1,6.0,2,1,1,1,4,4,4,1,7,1,1,0,1,0,0,0,1,0,0,0,32000.0
a018046,2,1,0,1,1,0,1,0,0,0,0,0,0,0,0,0,0,0,0,0,0,0,1,0,0,0,0,0,0,1,0,1,1,0,1,0,0,0,0,0,0,0,0,0,0,0,0,0,0,0,1,0,0,0,0,0,0,1,20,6,4,2.0,1,6.0,2,4,7,6,6,4,5,2,2,0,1,1,0,1,0,0,0,0,0,0,9600.0
a007866,2,0,0,0,1,0,1,0,0,1,0,0,0,0,0,0,0,0,0,0,0,0,0,0,0,0,0,0,0,0,0,0,1,0,1,0,0,1,0,0,0,0,0,0,0,0,0,0,0,0,0,0,0,0,0,0,0,1,30,6,1,3.0,5,7.49660441426146,2,1,2,1,6,1,3,2,3,0,1,1,0,0,0,0,1,0,0,0,85900.0
a006719,2,0,0,0,1,0,0,0,0,0,0,0,0,0,0,0,0,0,0,0,0,0,1,0,0,0,0,0,0,0,0,0,1,0,0,0,0,0,0,0,0,0,0,0,0,0,0,0,0,0,1,0,0,0,0,0,0,1,20,7,4,2.0,4,11.0,2,2,6,2,1,6,2,1,7,0,1,0,0,0,1,0,1,0,0,0,102800.0
a007658,2,1,0,0,0,0,1,1,0,0,0,1,0,0,0,0,0,0,0,0,0,0,1,0,1,0,1,0,0,1,0,0,0,0,1,1,0,0,0,1,0,0,0,0,0,0,0,0,0,0,1,0,1,0,1,0,0,0,20,5,3,2.0,1,11.0,2,4,4,1,4,7,4,1,7,1,1,0,1,0,0,0,1,0,0,0,75200.0
a001866,3,0,0,0,0,0,1,0,1,0,0,0,0,0,0,0,0,0,0,0,0,0,1,1,0,0,0,0,0,0,0,0,0,0,1,0,1,0,0,0,0,0,0,0,0,0,0,0,0,0,1,1,0,0,0,0,0,1,20,4,3,3.0,5,7.0,3,6,1,5,2,2,4,5,2,1,1,1,0,0,0,0,1,0,0,0,1112600.0
a004417,3,0,0,0,0,0,0,0,1,0,0,0,0,0,0,0,0,0,0,0,0,0,0,0,0,0,0,0,0,0,0,0,0,0,0,0,1,0,0,0,0,0,0,0,0,0,0,0,0,0,0,0,0,0,0,0,0,0,20,6,2,2.0,5,9.0,2,2,2,1,4,5,2,1,6,3,0,1,1,0,0,1,0,0,0,0,385080.0
a006134,2,0,1,0,0,0,0,0,0,0,0,0,0,0,0,0,0,0,0,0,0,0,1,0,0,0,0,0,0,0,1,0,0,0,0,0,0,0,0,0,0,0,0,0,0,0,0,0,0,0,1,0,0,0,0,0,0,1,40,6,5,13.0,4,5.0,2,4,5,5,6,6,5,4,5,4,1,0,0,0,0,0,1,0,0,1,1032600.0
a007924,2,0,0,1,0,0,0,0,0,0,0,0,0,0,0,0,0,0,0,0,0,0,1,0,1,0,0,1,0,0,0,1,0,0,0,0,0,0,0,0,0,0,0,0,0,0,0,0,0,0,1,0,1,0,0,1,0,0,30,6,3,3.0,9,12.0,2,2,2,2,3,3,3,4,3,2,1,1,1,0,0,0,0,0,0,0,63500.0
a001039,3,0,0,0,0,0,1,0,0,0,0,1,0,0,0,0,0,0,0,0,0,1,1,1,0,0,0,0,0,0,0,0,0,0,1,0,0,0,0,1,0,0,0,0,0,0,0,0,0,1,1,1,0,0,0,0,0,0,30,6,3,3.0,5,5.0,3,4,2,3,2,1,3,4,5,2,0,1,1,0,0,0,0,1,0,0,1054555.0
a005845,4,0,0,0,0,0,0,1,0,0,0,0,0,0,0,0,0,0,0,0,0,0,1,1,0,0,0,0,0,0,0,0,0,0,0,1,0,0,0,0,0,0,0,0,0,0,0,0,0,0,1,1,0,0,0,0,0,0,30,6,1,3.0,5,7.49660441426146,3,7,4,6,3,3,5,5,3,1,1,1,1,0,0,0,0,0,0,0,1467400.0
a002276,2,0,1,0,0,0,0,0,0,0,0,0,0,0,0,0,0,0,0,0,0,0,1,0,0,0,1,0,0,0,1,0,0,0,0,0,0,0,0,0,0,0,0,0,0,0,0,0,0,0,1,0,0,0,1,0,0,1,30,5,4,2.0,4,7.0,2,1,1,1,5,7,5,1,7,2,0,1,1,0,1,0,0,0,0,0,31400.0
a009947,2,0,0,0,1,0,0,1,0,0,0,0,0,0,0,0,0,0,0,0,0,0,1,0,0,0,1,0,0,0,0,0,1,0,0,1,0,0,0,0,0,0,0,0,0,0,0,0,0,0,1,0,0,0,1,0,0,0,20,6,1,2.0,5,7.49660441426146,2,2,1,3,2,2,4,3,5,0,1,1,0,0,0,0,0,0,0,1,335100.0
b006351,2,0,0,1,0,0,0,0,0,0,0,0,0,0,0,0,0,0,0,0,0,0,1,0,0,0,0,0,0,0,0,1,0,0,0,0,0,0,0,0,0,0,0,0,0,0,0,0,0,0,1,0,0,0,0,0,0,1,30,6,4,4.0,4,9.0,3,2,2,3,3,6,2,2,6,0,1,1,0,0,1,0,0,0,0,0,705200.0
a003244,2,0,0,1,0,0,0,0,0,0,0,0,0,0,0,0,0,0,0,0,0,0,0,0,0,0,0,0,0,0,0,1,0,0,0,0,0,0,0,0,0,0,0,0,0,0,0,0,0,0,0,0,0,0,0,0,0,0,50,5,4,11.0,1,9.0,3,3,3,2,4,5,5,2,5,3,1,0,1,0,0,0,0,1,0,0,93400.0
c014246,2,1,0,0,0,0,0,0,0,0,0,0,0,0,0,0,0,0,0,0,0,1,1,0,0,0,0,0,1,1,0,0,0,0,0,0,0,0,0,0,0,0,0,0,0,0,0,0,0,1,1,0,0,0,0,0,1,0,20,5,4,4.0,4,9.0,3,4,4,5,6,3,6,6,6,2,0,1,0,1,0,0,1,0,0,0,100300.0
a008109,2,0,0,0,0,0,1,1,0,0,0,0,0,0,0,0,0,0,0,0,0,0,0,0,0,0,0,0,0,0,0,0,0,0,1,1,0,0,0,0,0,0,0,0,0,0,0,0,0,0,0,0,0,0,0,0,0,1,30,6,4,3.0,5,9.0,3,7,2,5,2,2,6,6,3,1,1,0,1,0,0,0,0,0,0,1,163800.0
a012091,2,0,0,0,1,0,1,0,0,0,0,0,0,0,0,0,0,0,0,0,0,0,1,0,0,0,0,0,0,0,0,0,1,0,1,0,0,0,0,0,0,0,0,0,0,0,0,0,0,0,1,0,0,0,0,0,0,1,30,6,1,3.0,3,7.49660441426146,4,4,2,1,7,4,3,1,6,0,1,0,0,0,0,0,1,1,0,0,55900.0
a005899,2,1,1,0,0,0,0,0,0,0,0,0,1,0,0,0,0,0,0,0,0,0,1,0,0,0,1,0,0,1,1,0,0,0,0,0,0,0,0,0,1,0,0,0,0,0,0,0,0,0,1,0,0,0,1,0,0,0,30,7,2,10.0,5,6.0,1,4,6,2,6,4,6,2,3,1,1,1,1,0,0,0,0,0,0,0,465400.0
a017256,3,1,0,0,1,0,1,0,0,0,0,0,0,0,0,0,0,0,0,0,0,0,1,0,0,0,1,0,0,1,0,0,1,0,1,0,0,0,0,0,0,0,0,0,0,0,0,0,0,0,1,0,0,0,1,0,0,0,20,6,1,3.0,4,7.49660441426146,2,2,2,2,5,6,6,7,6,3,1,0,1,0,1,0,0,0,0,0,1464000.0
a003274,4,0,1,0,0,0,0,0,0,0,0,0,0,0,0,0,0,0,0,0,0,0,1,0,1,0,0,1,0,0,1,0,0,0,0,0,0,0,0,0,0,0,0,0,0,0,0,0,0,0,1,0,1,0,0,1,0,1,20,6,5,12.0,2,12.0,2,2,1,6,5,2,6,6,6,1,1,0,1,0,0,0,0,0,1,0,1736600.0
a002616,2,0,0,0,0,0,1,0,0,0,0,0,0,0,0,0,0,0,0,0,0,0,1,0,0,0,1,0,0,0,0,0,0,0,1,0,0,0,0,0,0,0,0,0,0,0,0,0,0,0,1,0,0,0,1,0,0,1,30,6,1,3.0,5,7.49660441426146,3,4,1,4,1,1,6,1,4,1,1,1,0,0,0,0,1,0,0,0,122600.0
a009629,3,0,0,0,1,0,0,0,1,0,0,0,0,1,0,0,0,0,0,0,0,0,0,0,0,0,0,0,0,0,0,0,1,0,0,0,1,0,0,0,0,1,0,0,0,0,0,0,0,0,0,0,0,0,0,0,0,0,20,4,1,10.0,3,7.49660441426146,3,4,4,4,4,4,4,4,4,2,1,1,0,0,0,0,0,0,0,1,60000.0
a001187,3,1,0,0,0,0,0,1,0,0,0,0,0,0,0,0,0,0,0,0,0,0,0,0,1,0,0,1,1,1,0,0,0,0,0,1,0,0,0,0,0,0,0,0,0,0,0,0,0,0,0,0,1,0,0,1,1,0,40,6,1,3.0,9,7.49660441426146,3,2,1,4,2,2,4,6,2,0,0,1,0,0,1,0,1,0,0,0,730580.0
a000573,3,0,0,0,0,0,0,0,0,0,0,0,0,0,0,0,0,0,0,0,0,0,1,1,1,0,0,0,0,0,0,0,0,0,0,0,0,0,0,0,0,0,0,0,0,0,0,0,0,0,1,1,1,0,0,0,0,1,20,6,5,2.0,2,10.0,3,4,3,5,3,1,3,3,2,1,0,1,1,0,0,0,1,0,0,0,670300.0
a002726,2,1,0,0,1,0,0,0,0,0,0,0,0,0,0,0,0,0,0,0,0,0,1,0,1,0,1,0,0,1,0,0,1,0,0,0,0,0,0,0,0,0,0,0,0,0,0,0,0,0,1,0,1,0,1,0,0,1,20,6,2,3.0,4,9.0,2,4,5,2,3,4,6,5,6,0,1,0,0,0,1,0,1,0,0,0,14200.0
a014171,2,1,0,0,0,0,0,0,0,0,0,0,0,0,0,0,0,0,0,0,0,1,1,0,0,0,1,0,0,1,0,0,0,0,0,0,0,0,0,0,0,0,0,0,0,0,0,0,0,1,1,0,0,0,1,0,0,1,30,6,3,3.0,3,10.0,3,1,1,1,2,1,7,7,7,2,0,1,1,0,0,0,0,0,0,0,104800.0
a006725,2,0,0,0,1,0,1,0,0,1,0,0,0,0,0,0,0,0,0,0,0,1,1,0,0,0,0,0,0,0,0,0,1,0,1,0,0,1,0,0,0,0,0,0,0,0,0,0,0,1,1,0,0,0,0,0,0,0,50,6,2,3.0,1,6.0,3,6,5,2,2,1,2,1,7,0,1,0,0,0,0,1,1,0,0,0,11500.0
a006020,2,1,0,0,0,0,0,0,0,0,0,0,0,0,0,0,0,0,0,0,0,0,0,0,0,0,0,0,0,1,0,0,0,0,0,0,0,0,0,0,0,0,0,0,0,0,0,0,0,0,0,0,0,0,0,0,0,0,30,6,3,3.0,7,7.0,2,4,1,4,1,3,4,2,4,2,1,1,1,0,0,0,0,0,0,0,111900.0
a006638,2,0,0,1,0,0,1,0,0,0,0,1,0,0,0,0,0,0,0,0,0,0,0,0,0,0,0,0,0,0,0,1,0,0,1,0,0,0,0,1,0,0,0,0,0,0,0,0,0,0,0,0,0,0,0,0,0,1,40,6,6,2.0,5,12.0,2,3,1,3,2,2,6,1,6,20,0,0,1,0,0,0,1,1,0,0,676200.0
a006254,3,1,0,0,0,0,1,0,0,0,0,0,0,0,0,0,0,0,0,0,0,0,1,0,0,0,0,0,0,1,0,0,0,0,1,0,0,0,0,0,0,0,0,0,0,0,0,0,0,0,1,0,0,0,0,0,0,0,40,7,3,2.0,7,7.0,2,4,4,4,4,4,4,4,4,4,1,0,1,0,1,0,0,0,0,0,760240.0
a009427,2,0,0,0,1,0,0,0,0,0,0,0,0,0,0,0,0,0,0,0,0,0,1,0,0,0,0,0,0,0,0,0,1,0,0,0,0,0,0,0,0,0,0,0,0,0,0,0,0,0,1,0,0,0,0,0,0,1,20,6,4,3.0,6,10.0,3,4,5,3,5,5,4,3,3,1,1,0,1,0,0,0,1,0,0,0,101300.0
a017942,2,0,0,0,0,1,0,0,0,0,0,0,0,0,0,0,0,0,0,0,0,0,1,0,0,0,0,0,0,0,0,0,0,1,0,0,0,0,0,0,0,0,0,0,0,0,0,0,0,0,1,0,0,0,0,0,0,0,40,6,3,2.0,10,12.0,2,1,1,1,1,6,1,1,7,3,0,0,1,0,1,1,0,0,0,0,856000.0
a001283,3,1,0,0,1,0,0,0,0,0,0,0,0,0,0,0,0,0,0,0,0,1,1,1,0,0,0,0,0,1,0,0,1,0,0,0,0,0,0,0,0,0,0,0,0,0,0,0,0,1,1,1,0,0,0,0,0,0,30,6,2,4.0,5,8.0,2,1,1,3,1,4,6,7,7,0,1,1,0,0,1,0,0,0,0,0,296500.0
a003822,2,0,0,1,0,0,0,0,0,0,0,0,0,0,0,0,0,0,0,0,0,0,0,0,0,0,0,0,0,0,0,1,0,0,0,0,0,0,0,0,0,0,0,0,0,0,0,0,0,0,0,0,0,0,0,0,0,1,30,6,2,3.0,4,7.0,3,3,6,1,1,5,6,2,3,0,1,0,0,0,0,0,1,1,0,0,3300.0
a007415,2,0,0,0,0,1,0,0,0,0,0,0,0,0,0,0,0,0,0,0,0,0,0,0,0,0,0,0,0,0,0,0,0,1,0,0,0,0,0,0,0,0,0,0,0,0,0,0,0,0,0,0,0,0,0,0,0,1,40,7,3,11.0,2,5.0,2,4,4,4,4,7,4,4,3,20,0,1,0,0,0,1,1,0,0,0,63000.0
a002037,3,1,1,0,1,0,0,1,0,0,0,0,0,0,0,0,0,0,0,0,0,0,1,0,0,0,0,0,0,1,1,0,1,0,0,1,0,0,0,0,0,0,0,0,0,0,0,0,0,0,1,0,0,0,0,0,0,1,20,6,3,1.0,4,12.0,2,4,1,3,3,4,4,3,2,1,0,1,1,0,1,0,0,0,0,0,159600.0
a003965,2,0,0,0,0,0,1,0,0,0,0,0,0,0,0,0,0,0,0,0,0,0,0,0,0,0,0,0,0,0,0,0,0,0,1,0,0,0,0,0,0,0,0,0,0,0,0,0,0,0,0,0,0,0,0,0,0,1,20,6,1,2.0,4,7.49660441426146,3,2,6,1,4,4,3,2,1,0,1,0,0,1,0,0,1,0,0,0,90100.0
a002270,2,1,0,0,0,1,0,0,0,0,1,0,0,0,0,0,0,0,0,0,0,0,1,0,0,0,1,0,0,1,0,0,0,1,0,0,0,0,1,0,0,0,0,0,0,0,0,0,0,0,1,0,0,0,1,0,0,1,20,6,3,4.0,2,12.0,3,2,4,1,3,3,3,6,4,1,0,0,1,0,0,1,1,0,0,0,855080.0
a003994,3,1,0,1,1,0,0,0,1,0,0,0,0,0,0,0,0,0,0,0,0,0,0,1,0,0,0,0,0,1,0,1,1,0,0,0,1,0,0,0,0,0,0,0,0,0,0,0,0,0,0,1,0,0,0,0,0,1,60,4,2,11.0,2,4.0,3,4,1,1,2,2,2,2,4,1,0,0,1,1,0,0,0,0,1,0,763800.0
a018220,2,1,0,0,0,0,0,0,0,0,0,0,0,0,0,0,0,0,0,0,0,0,1,0,0,0,1,0,0,1,0,0,0,0,0,0,0,0,0,0,0,0,0,0,0,0,0,0,0,0,1,0,0,0,1,0,0,1,30,6,1,2.0,5,7.49660441426146,2,3,3,2,1,2,3,5,6,0,1,1,0,0,1,0,0,0,0,0,15700.0
a012482,3,1,0,0,1,0,1,0,0,1,0,0,0,0,0,0,0,0,0,0,0,0,0,0,1,0,0,0,0,1,0,0,1,0,1,0,0,1,0,0,0,0,0,0,0,0,0,0,0,0,0,0,1,0,0,0,0,0,30,6,1,8.0,5,7.49660441426146,2,4,3,2,3,6,3,4,5,0,0,0,0,1,0,1,1,0,0,0,856920.0
a002604,4,0,0,0,0,0,0,0,1,0,0,0,0,0,0,0,0,0,0,0,0,0,1,0,0,0,0,0,0,0,0,0,0,0,0,0,1,0,0,0,0,0,0,0,0,0,0,0,0,0,1,0,0,0,0,0,0,1,30,5,4,3.0,3,5.0,3,1,1,4,1,4,4,3,5,6,1,1,1,0,0,0,0,0,0,0,872000.0
b013622,2,0,0,0,0,0,0,0,0,0,0,0,0,0,0,0,0,0,0,0,0,1,0,0,0,0,0,0,0,0,0,0,0,0,0,0,0,0,0,0,0,0,0,0,0,0,0,0,0,1,0,0,0,0,0,0,0,0,60,6,3,1.0,4,5.0,2,3,3,3,3,3,6,3,5,3,0,1,0,0,0,1,0,1,0,0,302000.0
a001702,3,0,0,0,0,0,0,0,0,0,0,1,0,0,0,0,0,0,0,0,0,0,0,0,0,0,0,0,0,0,0,0,0,0,0,0,0,0,0,1,0,0,0,0,0,0,0,0,0,0,0,0,0,0,0,0,0,1,30,6,5,3.0,4,5.0,3,2,2,2,3,4,2,3,7,4,1,1,1,0,0,0,0,0,0,0,1457500.0
a017555,2,0,0,1,0,0,0,0,0,0,0,0,0,0,0,0,0,0,0,0,0,1,1,0,0,0,0,1,0,0,0,1,0,0,0,0,0,0,0,0,0,0,0,0,0,0,0,0,0,1,1,0,0,0,0,1,0,1,30,6,3,3.0,4,9.0,3,5,1,3,4,5,3,5,4,2,0,1,1,0,0,0,0,1,0,0,32000.0
a007414,2,1,0,0,1,0,0,0,0,0,0,0,0,0,0,0,0,0,0,0,0,0,1,0,0,0,0,0,0,1,0,0,1,0,0,0,0,0,0,0,0,0,0,0,0,0,0,0,0,0,1,0,0,0,0,0,0,1,20,6,2,3.0,4,5.0,3,7,7,7,7,7,7,7,7,1,1,1,1,0,0,0,0,0,0,0,213000.0
a011113,2,0,1,1,0,0,0,0,0,0,0,0,0,0,0,0,0,0,0,0,0,0,0,0,0,0,0,0,0,0,1,1,0,0,0,0,0,0,0,0,0,0,0,0,0,0,0,0,0,0,0,0,0,0,0,0,0,1,40,4,5,11.0,3,10.0,3,2,6,6,7,7,6,6,2,0,1,1,0,1,0,0,0,0,0,0,7100.0
a003345,3,0,1,0,0,0,1,0,0,1,1,1,0,0,0,0,0,0,0,0,0,0,0,0,0,0,0,0,0,0,1,0,0,0,1,0,0,1,1,1,0,0,0,0,0,0,0,0,0,0,0,0,0,0,0,0,0,1,20,5,4,3.0,1,6.0,3,2,1,1,3,6,6,1,5,0,0,1,0,1,0,0,1,0,0,0,367640.0
a017667,2,1,0,0,0,0,0,0,0,0,0,0,0,0,0,0,0,0,0,0,0,1,0,0,0,0,0,0,0,1,0,0,0,0,0,0,0,0,0,0,0,0,0,0,0,0,0,0,0,1,0,0,0,0,0,0,0,0,30,6,2,3.0,6,8.0,2,7,3,1,1,1,6,7,4,1,1,0,0,0,0,1,1,0,0,0,74800.0
a013785,2,0,0,0,0,0,1,0,0,0,0,0,0,0,0,0,0,0,0,0,0,0,1,0,0,0,1,0,0,0,0,0,0,0,1,0,0,0,0,0,0,0,0,0,0,0,0,0,0,0,1,0,0,0,1,0,0,1,60,6,2,4.0,3,4.0,3,1,4,3,3,5,3,3,6,4,1,0,1,0,0,0,0,1,0,0,70500.0
a001447,2,1,0,0,0,0,1,0,0,0,0,0,0,0,0,0,0,0,0,0,0,0,0,0,0,0,1,0,0,1,0,0,0,0,1,0,0,0,0,0,0,0,0,0,0,0,0,0,0,0,0,0,0,0,1,0,0,1,30,7,1,2.0,6,7.49660441426146,2,2,2,1,6,7,1,6,2,1,1,0,1,0,0,0,1,0,0,0,76900.0
a002209,3,1,0,1,1,0,1,0,0,0,0,1,0,0,0,0,0,0,0,0,0,0,0,0,0,0,0,0,0,1,0,1,1,0,1,0,0,0,0,1,0,0,0,0,0,0,0,0,0,0,0,0,0,0,0,0,0,1,20,6,1,3.0,5,7.49660441426146,3,4,4,2,4,4,4,4,4,0,1,1,0,0,0,0,1,0,0,0,970400.0
a004771,2,1,0,0,1,0,0,1,0,0,0,0,0,0,0,0,0,0,0,0,0,0,0,1,0,0,0,0,0,1,0,0,1,0,0,1,0,0,0,0,0,0,0,0,0,0,0,0,0,0,0,1,0,0,0,0,0,0,40,5,3,2.0,6,9.0,3,2,1,6,2,1,3,1,2,0,1,1,0,0,0,0,1,0,0,0,15200.0
a007192,2,0,0,0,0,0,0,0,0,0,0,1,0,0,0,0,0,0,0,0,0,0,0,0,0,0,0,0,0,0,0,0,0,0,0,0,0,0,0,1,0,0,0,0,0,0,0,0,0,0,0,0,0,0,0,0,0,0,20,7,4,2.0,7,12.0,2,4,2,2,1,4,4,5,4,0,0,1,0,0,0,1,0,1,0,0,18300.0
a003309,2,1,1,0,0,1,0,0,0,0,0,0,0,0,0,0,0,0,0,0,0,0,0,0,0,0,0,0,0,1,1,0,0,1,0,0,0,0,0,0,0,0,0,0,0,0,0,0,0,0,0,0,0,0,0,0,0,1,40,6,3,4.0,4,6.0,3,1,7,5,5,1,5,1,7,0,1,1,0,0,0,1,0,0,0,0,31600.0
a014374,2,1,0,0,0,0,0,0,0,1,0,0,0,0,0,0,0,0,0,0,0,0,0,0,1,0,0,0,0,1,0,0,0,0,0,0,0,1,0,0,0,0,0,0,0,0,0,0,0,0,0,0,1,0,0,0,0,1,30,6,1,2.0,5,7.49660441426146,2,2,4,3,5,3,4,5,3,1,0,1,1,0,0,0,1,0,0,0,242800.0
a011873,2,1,0,0,0,0,0,0,0,0,0,0,0,0,0,0,0,0,0,0,0,1,1,0,1,0,1,0,0,1,0,0,0,0,0,0,0,0,0,0,0,0,0,0,0,0,0,0,0,1,1,0,1,0,1,0,0,1,20,6,4,12.0,2,5.0,3,3,3,6,5,7,6,6,5,0,0,1,0,0,0,0,0,1,0,0,17100.0
a007603,2,0,1,0,1,0,0,0,0,0,0,0,0,0,0,0,0,0,0,0,0,0,1,0,0,0,0,0,0,0,1,0,1,0,0,0,0,0,0,0,0,0,0,0,0,0,0,0,0,0,1,0,0,0,0,0,0,1,60,6,1,3.0,5,7.49660441426146,2,6,1,1,2,5,7,2,7,1,0,1,0,0,1,1,0,0,0,0,8750.0
a007267,2,1,0,0,0,0,1,0,0,0,0,0,0,0,0,0,0,0,0,0,0,0,0,0,0,0,0,0,0,1,0,0,0,0,1,0,0,0,0,0,0,0,0,0,0,0,0,0,0,0,0,0,0,0,0,0,0,1,60,6,4,11.0,1,8.0,2,2,6,2,6,2,2,2,2,1,1,0,1,0,0,0,0,1,0,0,548200.0
a003144,3,1,0,0,1,0,0,0,1,0,0,0,0,0,0,0,0,0,0,0,0,1,1,0,0,1,0,0,0,1,0,0,1,0,0,0,1,0,0,0,0,0,0,0,0,0,0,0,0,1,1,0,0,1,0,0,0,1,20,6,4,2.0,2,5.0,3,2,2,2,1,2,2,1,6,1,0,1,0,1,0,0,1,0,0,0,528558.0
a008052,2,0,0,0,0,0,1,0,0,0,0,0,0,0,0,0,0,0,0,0,0,0,1,0,0,0,0,0,0,0,0,0,0,0,1,0,0,0,0,0,0,0,0,0,0,0,0,0,0,0,1,0,0,0,0,0,0,1,40,6,1,3.0,9,7.49660441426146,2,3,4,3,4,4,3,3,6,0,0,0,0,0,1,0,1,1,0,0,72300.0
a001736,2,1,1,0,0,0,0,0,0,0,0,0,0,0,0,0,0,0,0,0,0,0,1,0,1,0,0,1,0,1,1,0,0,0,0,0,0,0,0,0,0,0,0,0,0,0,0,0,0,0,1,0,1,0,0,1,0,1,30,7,1,2.0,5,7.49660441426146,2,5,4,3,6,6,5,4,2,2,1,1,0,1,0,0,0,0,0,0,136400.0
a017889,2,0,0,0,0,0,0,0,0,0,0,0,0,0,0,0,0,0,0,0,0,0,1,0,0,0,0,0,0,0,0,0,0,0,0,0,0,0,0,0,0,0,0,0,0,0,0,0,0,0,1,0,0,0,0,0,0,1,50,6,4,4.0,3,11.0,2,2,2,2,4,5,5,2,7,0,1,0,0,0,1,1,0,0,0,0,20900.0
a000797,2,0,1,1,0,0,1,0,0,0,0,0,0,0,0,0,0,0,0,0,0,0,1,0,0,0,1,0,0,0,1,1,0,0,1,0,0,0,0,0,0,0,0,0,0,0,0,0,0,0,1,0,0,0,1,0,0,0,30,6,2,3.0,5,8.0,2,4,5,3,3,3,6,3,6,1,1,1,1,0,0,0,0,0,0,0,232300.0
a004637,2,1,0,0,0,0,0,0,0,0,0,0,0,0,0,0,0,0,0,0,0,0,0,0,0,0,0,0,0,1,0,0,0,0,0,0,0,0,0,0,0,0,0,0,0,0,0,0,0,0,0,0,0,0,0,0,0,1,30,5,2,3.0,4,7.0,3,2,1,4,3,2,6,5,6,1,1,1,1,0,0,0,0,0,0,0,72050.0
a004915,2,1,0,0,0,0,0,0,0,0,0,0,0,0,0,0,0,0,0,0,0,1,1,0,0,0,0,1,0,1,0,0,0,0,0,0,0,0,0,0,0,0,0,0,0,0,0,0,0,1,1,0,0,0,0,1,0,1,40,6,2,3.0,7,7.0,2,3,5,1,3,3,1,5,1,0,0,1,0,0,0,1,1,0,0,0,25000.0
a009822,3,0,0,1,0,0,1,0,0,1,0,1,0,0,0,0,0,0,0,0,0,0,1,0,0,0,0,0,0,0,0,1,0,0,1,0,0,1,0,1,0,0,0,0,0,0,0,0,0,0,1,0,0,0,0,0,0,1,50,5,1,1.0,2,7.49660441426146,3,6,2,4,2,6,4,2,6,0,1,0,0,0,0,0,1,1,0,0,468600.0
a003370,4,1,1,0,1,0,1,0,0,0,0,0,0,0,0,0,0,0,0,0,0,0,0,0,0,0,0,1,0,1,1,0,1,0,1,0,0,0,0,0,0,0,0,0,0,0,0,0,0,0,0,0,0,0,0,1,0,1,30,6,1,2.0,5,7.49660441426146,3,4,2,4,2,4,6,5,4,1,0,1,1,0,0,0,1,0,0,0,401900.0
a006463,2,0,0,0,0,0,0,0,0,0,0,0,0,0,0,0,0,0,0,0,0,0,0,0,0,0,0,1,0,0,0,0,0,0,0,0,0,0,0,0,0,0,0,0,0,0,0,0,0,0,0,0,0,0,0,1,0,0,40,6,3,3.0,5,8.0,4,3,6,4,4,2,6,6,2,5,1,0,1,0,0,1,0,0,0,0,55200.0
a014518,2,0,0,0,0,0,0,0,1,0,0,0,0,0,0,0,0,0,0,0,0,0,1,0,0,0,1,0,0,0,0,0,0,0,0,0,1,0,0,0,0,0,0,0,0,0,0,0,0,0,1,0,0,0,1,0,0,1,30,6,3,2.0,6,12.0,3,4,2,6,1,1,6,2,7,4,1,0,1,0,0,0,1,0,0,0,334760.0
a008580,4,1,0,0,0,1,0,0,1,0,0,0,0,0,0,0,0,0,0,0,0,0,0,1,0,1,0,0,0,1,0,0,0,1,0,0,1,0,0,0,0,0,0,0,0,0,0,0,0,0,0,1,0,1,0,0,0,0,30,6,1,3.0,4,7.49660441426146,2,2,2,2,4,2,2,4,4,1,1,1,1,0,0,0,0,0,0,0,1058620.0
b012272,3,0,0,0,1,0,0,0,0,0,0,0,0,0,0,0,0,0,0,0,0,1,0,0,0,0,0,0,0,0,0,0,1,0,0,0,0,0,0,0,0,0,0,0,0,0,0,0,0,1,0,0,0,0,0,0,0,1,60,4,1,11.0,4,7.49660441426146,2,1,3,4,2,3,3,5,3,0,1,0,0,1,0,0,1,0,0,0,123600.0
a007144,2,0,0,0,1,0,0,0,0,0,0,0,0,0,0,0,0,0,0,0,0,1,1,0,1,0,0,0,0,0,0,0,1,0,0,0,0,0,0,0,0,0,0,0,0,0,0,0,0,1,1,0,1,0,0,0,0,1,30,8,1,2.0,5,7.49660441426146,3,4,1,1,3,4,3,6,1,0,1,1,0,1,0,0,0,0,0,0,103000.0
a010137,2,1,0,0,1,0,0,0,0,0,0,0,0,0,0,0,0,0,0,0,0,0,1,0,0,0,0,0,0,1,0,0,1,0,0,0,0,0,0,0,0,0,0,0,0,0,0,0,0,0,1,0,0,0,0,0,0,0,20,6,1,3.0,4,7.49660441426146,3,2,3,3,4,4,3,3,7,0,1,0,0,0,1,0,1,0,0,0,54500.0
a006575,2,1,0,0,0,0,0,0,0,0,0,0,0,0,0,0,0,0,0,0,0,0,1,0,1,0,1,0,1,1,0,0,0,0,0,0,0,0,0,0,0,0,0,0,0,0,0,0,0,0,1,0,1,0,1,0,1,0,20,5,2,4.0,4,4.0,3,1,4,1,1,1,1,4,7,1,1,0,1,0,0,0,1,0,0,0,23450.0
a017871,2,0,0,1,0,0,0,0,0,1,0,1,0,0,0,0,0,0,0,0,0,0,0,0,0,0,0,0,0,0,0,1,0,0,0,0,0,1,0,1,0,0,0,0,0,0,0,0,0,0,0,0,0,0,0,0,0,1,40,6,3,2.0,6,10.0,2,6,6,2,6,5,5,2,1,2,1,0,1,0,0,0,1,0,0,0,69365.0
a018155,2,1,0,0,0,0,1,0,0,0,0,0,0,0,0,0,0,0,0,0,0,0,1,0,0,0,0,0,0,1,0,0,0,0,1,0,0,0,0,0,0,0,0,0,0,0,0,0,0,0,1,0,0,0,0,0,0,1,20,6,1,12.0,1,7.49660441426146,2,1,2,4,3,3,4,3,7,0,0,1,0,0,1,0,0,1,0,0,419200.0
a017959,2,0,0,0,0,0,1,0,0,0,0,0,0,0,0,0,0,0,0,0,0,0,0,0,0,0,0,0,0,0,0,0,0,0,1,0,0,0,0,0,0,0,0,0,0,0,0,0,0,0,0,0,0,0,0,0,0,1,40,6,4,3.0,4,7.0,2,3,3,3,6,6,6,2,5,2,0,0,1,0,0,1,0,1,0,0,150230.0
a004227,3,1,0,0,1,0,0,1,0,0,0,0,0,0,0,0,0,0,0,0,0,0,1,0,1,0,0,0,0,1,0,0,1,0,0,1,0,0,0,0,0,0,0,0,0,0,0,0,0,0,1,0,1,0,0,0,0,0,20,5,4,3.0,3,9.0,3,5,1,1,3,4,1,1,4,0,1,1,0,0,0,0,1,0,0,0,1473200.0
a007929,2,1,1,0,0,0,0,0,0,1,0,0,0,0,0,0,0,0,0,0,0,0,0,0,1,0,1,0,0,1,1,0,0,0,0,0,0,1,0,0,0,0,0,0,0,0,0,0,0,0,0,0,1,0,1,0,0,1,20,6,1,12.0,3,7.49660441426146,2,6,3,1,2,7,1,2,7,1,1,1,1,0,0,0,0,0,0,0,154700.0
a009775,2,1,0,0,1,0,1,0,0,0,0,0,0,0,0,0,0,0,0,0,0,0,0,0,1,0,0,1,0,1,0,0,1,0,1,0,0,0,0,0,0,0,0,0,0,0,0,0,0,0,0,0,1,0,0,1,0,0,20,6,4,1.0,9,12.0,2,2,6,2,2,3,2,1,7,1,0,1,1,0,0,0,1,0,0,0,40000.0
a014409,2,0,1,0,0,0,0,0,0,0,0,0,0,0,0,0,0,0,0,0,0,0,1,0,1,0,1,0,0,0,1,0,0,0,0,0,0,0,0,0,0,0,0,0,0,0,0,0,0,0,1,0,1,0,1,0,0,1,40,5,3,11.0,1,6.0,1,2,1,2,4,5,6,2,6,1,1,0,1,0,0,0,1,0,0,0,25000.0
a007378,2,0,0,0,0,1,0,0,0,1,0,1,0,0,0,0,0,0,0,0,0,0,1,0,0,0,0,0,0,0,0,0,0,1,0,0,0,1,0,1,0,0,0,0,0,0,0,0,0,0,1,0,0,0,0,0,0,1,20,6,2,3.0,5,5.0,2,2,1,2,4,4,4,3,6,3,1,0,1,0,0,1,0,0,0,0,19850.0
a001805,3,1,0,0,1,0,0,0,0,0,0,0,0,0,0,0,0,0,0,0,0,0,1,0,1,0,1,0,0,1,0,0,1,0,0,0,0,0,0,0,0,0,0,0,0,0,0,0,0,0,1,0,1,0,1,0,0,0,50,6,2,3.0,10,10.0,3,1,1,1,1,1,1,2,5,0,0,1,0,0,0,1,1,0,0,0,86000.0
a002378,5,1,1,1,0,1,1,0,0,0,0,0,0,0,0,0,0,0,0,0,0,0,0,0,0,0,0,0,0,1,1,1,0,1,1,0,0,0,0,0,0,0,0,0,0,0,0,0,0,0,0,0,0,0,0,0,0,0,20,6,4,1.0,7,12.0,2,6,3,5,7,6,6,5,5,0,0,0,0,0,1,0,1,1,0,0,127400.0
a006001,2,0,0,0,0,0,1,0,0,0,0,0,0,0,0,0,0,0,0,0,0,0,0,0,0,0,0,0,0,0,0,0,0,0,1,0,0,0,0,0,0,0,0,0,0,0,0,0,0,0,0,0,0,0,0,0,0,1,40,6,5,2.0,4,6.0,2,4,4,4,4,4,4,4,4,1,0,0,1,0,0,1,0,1,0,0,29200.0
a006545,2,1,0,1,1,0,0,0,0,0,0,0,0,0,0,0,0,0,0,0,0,0,0,0,0,0,0,0,0,1,0,1,1,0,0,0,0,0,0,0,0,0,0,0,0,0,0,0,0,0,0,0,0,0,0,0,0,0,20,5,2,12.0,2,7.0,2,6,1,1,5,4,4,3,7,1,0,1,1,0,0,0,0,1,0,0,41000.0
a005644,2,0,1,1,0,0,0,0,0,0,0,0,0,0,0,0,0,0,0,0,0,0,0,0,0,0,0,0,0,0,1,1,0,0,0,0,0,0,0,0,0,0,0,0,0,0,0,0,0,0,0,0,0,0,0,0,0,0,60,6,1,2.0,4,7.49660441426146,3,4,3,5,5,4,3,5,3,0,1,0,0,0,1,0,0,1,0,0,66400.0
a004970,2,0,1,0,0,0,0,0,0,0,0,0,0,0,0,0,0,0,0,0,0,0,1,0,0,0,0,0,0,0,1,0,0,0,0,0,0,0,0,0,0,0,0,0,0,0,0,0,0,0,1,0,0,0,0,0,0,1,30,7,3,3.0,6,12.0,2,1,1,1,6,6,2,6,2,2,0,0,0,0,0,0,1,1,0,0,34100.0
a000605,4,1,1,1,1,0,0,0,0,1,0,0,0,0,0,0,0,0,0,0,0,0,0,0,0,0,0,0,0,1,1,1,1,0,0,0,0,1,0,0,0,0,0,0,0,0,0,0,0,0,0,0,0,0,0,0,0,0,40,6,3,2.0,4,4.0,3,2,1,2,5,5,2,4,4,2,1,0,1,0,0,0,0,0,0,1,603510.0
a017822,2,0,0,0,1,0,0,0,0,0,0,0,0,0,0,0,0,0,0,0,0,1,1,0,0,0,0,0,0,0,0,0,1,0,0,0,0,0,0,0,0,0,0,0,0,0,0,0,0,1,1,0,0,0,0,0,0,0,50,6,1,4.0,4,7.49660441426146,3,4,2,4,2,4,3,2,2,0,1,1,0,0,0,1,0,0,0,0,34500.0
a002530,3,1,1,0,0,0,1,1,0,0,0,0,0,0,0,0,0,0,0,0,0,0,1,0,0,0,0,0,0,1,1,0,0,0,1,1,0,0,0,0,0,0,0,0,0,0,0,0,0,0,1,0,0,0,0,0,0,1,20,6,3,12.0,1,7.0,3,5,5,4,5,4,4,6,6,1,1,1,1,0,0,0,0,0,0,0,315700.0
a007727,2,1,0,1,0,1,0,0,0,0,0,0,0,0,0,0,0,0,0,0,0,0,1,0,1,0,0,0,0,1,0,1,0,1,0,0,0,0,0,0,0,0,0,0,0,0,0,0,0,0,1,0,1,0,0,0,0,0,40,5,3,2.0,5,8.0,2,5,1,2,3,5,3,2,4,0,1,1,0,0,0,0,1,0,0,0,85200.0
a005190,2,0,0,0,0,1,0,0,0,0,0,0,0,0,0,0,0,0,0,0,0,0,0,0,0,0,0,0,0,0,0,0,0,1,0,0,0,0,0,0,0,0,0,0,0,0,0,0,0,0,0,0,0,0,0,0,0,0,50,8,1,2.0,11,7.49660441426146,2,1,1,4,5,1,2,3,6,3,1,0,1,0,0,1,0,0,0,0,179100.0
a000975,4,1,0,0,1,0,1,0,0,0,0,0,0,0,0,0,0,0,0,0,0,0,0,0,0,0,0,0,1,1,0,0,1,0,1,0,0,0,0,0,0,0,0,0,0,0,0,0,0,0,0,0,0,0,0,0,1,0,30,8,3,2.0,4,12.0,3,4,5,3,3,4,4,3,4,3,1,0,0,0,0,0,1,0,0,1,132290.0
b004636,2,0,1,1,0,1,0,0,1,0,0,0,0,0,0,0,0,0,0,0,0,0,0,0,0,0,0,0,0,0,1,1,0,1,0,0,1,0,0,0,0,0,0,0,0,0,0,0,0,0,0,0,0,0,0,0,0,0,40,5,4,11.0,1,6.0,2,1,1,1,7,4,1,1,7,3,0,1,1,0,0,0,1,0,0,0,91600.0
a007418,2,1,1,0,0,0,0,0,0,0,0,0,0,0,0,0,0,0,0,0,0,1,1,0,0,0,0,0,0,1,1,0,0,0,0,0,0,0,0,0,0,0,0,0,0,0,0,0,0,1,1,0,0,0,0,0,0,0,30,6,2,3.0,8,9.0,2,2,1,4,3,2,4,6,6,1,1,1,1,0,0,0,0,0,0,0,30300.0
a003949,2,0,1,0,0,0,0,0,0,0,0,0,0,0,0,0,0,0,0,0,0,0,0,0,0,0,0,0,0,0,1,0,0,0,0,0,0,0,0,0,0,0,0,0,0,0,0,0,0,0,0,0,0,0,0,0,0,1,40,5,3,11.0,1,5.0,3,2,4,4,3,3,3,2,5,1,1,1,0,0,0,0,0,0,0,0,30000.0
a017805,2,1,1,1,0,0,1,0,0,1,0,0,0,0,0,0,0,0,0,0,0,0,0,0,0,0,0,0,0,1,1,1,0,0,1,0,0,1,0,0,0,0,0,0,0,0,0,0,0,0,0,0,0,0,0,0,0,1,30,5,1,2.0,4,7.49660441426146,3,2,2,6,5,6,5,2,6,1,1,1,1,0,0,0,0,0,0,0,115500.0
a007928,2,0,0,1,0,0,0,0,0,0,0,0,0,0,0,0,0,0,0,0,0,0,0,0,0,0,0,0,0,0,0,1,0,0,0,0,0,0,0,0,0,0,0,0,0,0,0,0,0,0,0,0,0,0,0,0,0,0,40,7,4,3.0,10,10.0,3,2,2,3,4,2,3,2,4,3,1,0,1,0,0,0,0,1,0,0,110686.0
a017812,2,1,0,0,1,0,0,0,0,0,0,0,0,0,0,0,0,0,0,0,0,0,0,0,0,0,0,0,0,1,0,0,1,0,0,0,0,0,0,0,0,0,0,0,0,0,0,0,0,0,0,0,0,0,0,0,0,0,30,6,2,7.0,5,8.0,2,3,2,4,4,3,2,3,4,1,1,1,1,0,0,0,0,0,0,0,112800.0
a006632,2,0,0,0,1,0,0,0,0,0,0,0,0,0,0,0,0,0,0,0,0,0,0,0,0,0,0,1,0,0,0,0,1,0,0,0,0,0,0,0,0,0,0,0,0,0,0,0,0,0,0,0,0,0,0,1,0,0,20,6,1,7.0,4,7.49660441426146,2,7,7,1,1,1,4,4,7,1,0,1,1,0,0,0,0,0,1,0,127850.0
a011091,2,1,0,0,1,0,0,0,0,0,0,0,0,0,0,0,0,0,0,0,0,1,1,0,0,0,1,0,0,1,0,0,1,0,0,0,0,0,0,0,0,0,0,0,0,0,0,0,0,1,1,0,0,0,1,0,0,0,30,6,4,2.0,5,10.0,3,4,1,2,2,3,6,5,5,3,1,0,1,0,0,1,0,0,0,0,411900.0
a005176,2,0,0,0,0,1,1,1,0,0,0,0,0,0,0,0,0,0,0,0,0,0,0,0,0,0,0,0,0,0,0,0,0,1,1,1,0,0,0,0,0,0,0,0,0,0,0,0,0,0,0,0,0,0,0,0,0,0,30,7,1,2.0,5,7.49660441426146,3,1,1,1,5,2,2,2,7,1,1,0,0,0,0,0,0,1,0,0,257600.0
a004868,3,0,1,0,1,0,0,0,0,0,0,0,0,0,0,0,0,0,0,0,0,0,1,1,1,0,0,0,0,0,1,0,1,0,0,0,0,0,0,0,0,0,0,0,0,0,0,0,0,0,1,1,1,0,0,0,0,0,20,6,3,12.0,2,8.0,3,5,1,4,3,3,6,5,5,1,1,1,1,0,0,0,0,0,0,0,1072470.0
a007240,2,0,0,1,0,0,0,0,0,0,0,0,0,0,0,0,0,0,0,0,0,0,1,0,1,0,0,0,0,0,0,1,0,0,0,0,0,0,0,0,0,0,0,0,0,0,0,0,0,0,1,0,1,0,0,0,0,0,40,6,3,2.0,4,4.0,3,2,1,1,4,3,2,3,6,2,1,0,1,0,0,0,0,1,0,0,216000.0
a007106,2,1,0,0,1,0,0,0,0,0,0,0,0,0,0,0,0,0,0,0,0,0,0,0,1,0,0,0,0,1,0,0,1,0,0,0,0,0,0,0,0,0,0,0,0,0,0,0,0,0,0,0,1,0,0,0,0,0,30,5,4,2.0,5,7.0,1,4,6,4,4,2,2,6,5,3,1,1,1,0,0,0,0,0,0,0,502000.0
a006985,2,1,1,0,1,0,0,0,0,0,0,0,0,0,0,0,0,0,0,0,0,0,1,1,1,0,1,0,0,1,1,0,1,0,0,0,0,0,0,0,0,0,0,0,0,0,0,0,0,0,1,1,1,0,1,0,0,1,20,6,4,2.0,4,12.0,3,5,1,1,2,6,3,1,7,0,1,1,0,0,0,0,1,0,0,0,319500.0
a011541,2,0,0,0,0,0,1,0,0,0,0,0,0,0,0,0,0,0,0,0,0,1,1,0,1,0,1,0,0,0,0,0,0,0,1,0,0,0,0,0,0,0,0,0,0,0,0,0,0,1,1,0,1,0,1,0,0,1,40,6,1,2.0,5,7.49660441426146,2,4,1,3,1,4,2,6,6,0,1,0,0,0,0,0,1,0,0,1,55000.0
a010436,2,1,1,0,0,0,0,0,0,0,0,0,0,0,0,0,0,0,0,0,0,0,0,0,0,0,0,0,0,1,1,0,0,0,0,0,0,0,0,0,0,0,0,0,0,0,0,0,0,0,0,0,0,0,0,0,0,0,30,6,3,3.0,4,5.0,2,2,2,6,1,1,2,3,1,5,1,1,1,0,0,0,0,0,0,0,245500.0
a009760,3,1,0,0,1,0,1,0,0,0,0,0,0,0,0,0,0,0,0,0,0,0,1,1,0,0,0,0,0,1,0,0,1,0,1,0,0,0,0,0,0,0,0,0,0,0,0,0,0,0,1,1,0,0,0,0,0,0,20,7,1,3.0,5,7.49660441426146,3,3,1,1,3,4,2,1,6,1,1,1,1,0,0,0,0,0,0,0,1421350.0
a000181,3,0,0,0,0,0,1,0,0,1,0,0,0,0,0,0,0,0,0,0,0,0,0,0,0,0,0,0,0,0,0,0,0,0,1,0,0,0,0,0,0,0,0,0,0,0,0,0,0,0,0,0,0,0,0,0,0,0,20,6,4,3.0,2,6.0,2,3,1,2,4,4,2,1,6,1,0,1,1,0,0,0,0,1,0,0,760250.0
a002034,2,0,0,0,0,1,0,0,0,0,0,0,0,0,0,0,0,0,0,0,0,0,0,0,0,0,1,0,0,0,0,0,0,1,0,0,0,0,0,0,0,0,0,0,0,0,0,0,0,0,0,0,0,0,1,0,0,0,30,4,3,2.0,5,6.0,2,2,5,2,2,4,2,7,2,0,1,0,0,0,0,1,1,0,0,0,116000.0
c008854,2,0,0,0,1,0,0,0,0,0,0,0,0,0,0,0,0,0,0,0,0,0,0,0,0,0,0,0,0,0,0,0,1,0,0,0,0,0,0,0,0,0,0,0,0,0,0,0,0,0,0,0,0,0,0,0,0,1,60,6,2,11.0,2,6.0,3,2,6,6,2,2,6,6,1,0,0,1,0,1,1,0,0,0,0,0,239800.0
a002105,3,0,0,0,0,0,0,0,0,0,0,0,0,0,0,0,0,0,0,0,0,0,1,1,0,0,0,0,0,0,0,0,0,0,0,0,0,0,0,0,0,0,0,0,0,0,0,0,0,0,1,1,0,0,0,0,0,1,20,5,4,2.0,5,9.0,2,4,1,3,4,2,4,3,1,1,1,1,0,0,0,0,0,0,0,0,654400.0
a008018,2,1,0,0,1,0,1,0,0,0,0,0,0,0,0,0,0,0,0,0,0,0,1,0,0,0,0,0,0,1,0,0,1,0,1,0,0,0,0,0,0,0,0,0,0,0,0,0,0,0,1,0,0,0,0,0,0,1,30,6,4,4.0,2,8.0,3,4,1,2,1,7,5,7,2,1,1,0,0,0,1,0,1,0,0,0,156100.0
a001657,3,0,0,1,0,0,1,0,0,0,0,0,0,1,0,0,0,0,0,0,0,0,0,0,0,0,0,1,0,0,0,1,0,0,1,0,0,0,0,0,0,1,0,0,0,0,0,0,0,0,0,0,0,0,0,1,0,1,50,7,1,2.0,5,7.49660441426146,3,1,6,6,3,6,2,2,2,0,1,1,0,0,0,0,0,1,0,0,536000.0
a000265,4,1,1,0,1,0,0,1,0,0,0,0,0,0,0,0,0,0,0,0,0,0,1,0,0,0,0,0,0,1,1,0,1,0,0,1,0,0,0,0,0,0,0,0,0,0,0,0,0,0,1,0,0,0,0,0,0,0,30,7,2,2.0,5,9.0,3,2,2,3,2,2,4,5,7,1,1,1,0,0,0,0,0,0,1,0,657600.0
b009669,2,0,0,1,0,0,0,0,0,0,0,0,0,0,0,0,0,0,0,0,0,0,0,1,0,0,0,0,0,0,0,1,0,0,0,0,0,0,0,0,0,0,0,0,0,0,0,0,0,0,0,1,0,0,0,0,0,0,30,7,1,2.0,5,7.49660441426146,2,5,1,2,2,4,2,3,6,1,1,1,0,0,0,0,1,0,0,0,29500.0
a007234,2,1,0,0,0,0,0,0,0,0,0,0,0,0,0,0,0,0,0,0,0,0,0,0,0,0,0,0,0,1,0,0,0,0,0,0,0,0,0,0,0,0,0,0,0,0,0,0,0,0,0,0,0,0,0,0,0,1,30,6,4,3.0,4,10.0,2,3,2,5,3,3,6,7,7,1,0,0,1,0,1,0,0,0,0,1,205500.0
a017939,2,0,0,0,0,0,1,0,0,0,0,1,0,0,0,0,0,0,0,0,0,0,0,0,0,0,0,0,0,0,0,0,0,0,1,0,0,0,0,1,0,0,0,0,0,0,0,0,0,0,0,0,0,0,0,0,0,1,40,7,5,2.0,6,10.0,2,6,4,4,4,1,4,2,3,3,1,0,1,0,0,0,0,1,0,0,116000.0
b012022,3,1,1,0,0,1,1,0,0,0,0,0,0,0,0,0,0,0,0,0,0,1,1,1,0,0,1,1,0,1,1,0,0,1,1,0,0,0,0,0,0,0,0,0,0,0,0,0,0,1,1,1,0,0,1,1,0,1,20,6,5,2.0,4,6.0,4,4,1,2,4,5,3,5,7,0,1,0,0,0,1,0,1,0,0,0,663995.0
a014619,3,0,1,1,1,0,0,0,0,0,0,0,0,0,0,0,0,0,0,0,0,0,0,0,0,0,0,0,0,0,1,1,1,0,0,0,0,0,0,0,0,0,0,0,0,0,0,0,0,0,0,0,0,0,0,0,0,0,20,4,3,9.0,4,4.0,3,4,2,4,4,4,6,4,2,1,0,0,1,1,0,0,1,0,0,0,1195200.0
a010202,2,1,0,0,0,1,0,0,0,1,0,0,0,0,0,0,0,0,0,0,0,0,1,0,0,0,0,0,0,1,0,0,0,1,0,0,0,1,0,0,0,0,0,0,0,0,0,0,0,0,1,0,0,0,0,0,0,0,40,6,4,3.0,8,8.0,1,5,5,5,4,5,5,6,5,3,1,1,1,0,0,0,0,0,0,0,203928.0
a005366,2,1,0,0,0,0,0,0,0,0,0,0,0,0,0,0,0,0,0,0,0,0,0,0,0,0,0,0,0,1,0,0,0,0,0,0,0,0,0,0,0,0,0,0,0,0,0,0,0,0,0,0,0,0,0,0,0,0,30,6,3,3.0,5,8.0,3,1,1,1,1,1,1,1,1,0,1,1,0,0,0,0,1,0,0,0,96700.0
a000789,3,1,0,0,1,0,0,0,0,0,0,0,0,0,0,0,0,0,0,0,0,1,0,1,0,0,0,0,0,1,0,0,1,0,0,0,0,0,0,0,0,0,0,0,0,0,0,0,0,1,0,1,0,0,0,0,0,1,20,6,4,4.0,2,6.0,1,4,1,4,1,1,2,7,3,0,1,1,0,1,0,0,0,0,0,0,479100.0
a003435,2,1,1,1,1,1,0,0,0,0,0,0,0,0,0,0,0,0,0,0,0,0,0,0,0,0,0,0,0,1,1,1,1,1,0,0,0,0,0,0,0,0,0,0,0,0,0,0,0,0,0,0,0,0,0,0,0,1,40,6,2,11.0,4,11.0,2,1,2,4,2,2,3,4,3,0,1,1,0,0,0,1,0,0,0,0,108840.0
a014214,2,0,0,0,0,0,0,0,0,0,0,0,0,0,0,0,0,0,0,0,0,0,0,0,0,0,1,0,0,0,0,0,0,0,0,0,0,0,0,0,0,0,0,0,0,0,0,0,0,0,0,0,0,0,1,0,0,1,30,5,3,4.0,2,5.0,3,2,4,4,3,4,4,4,4,0,1,1,0,1,0,0,0,0,0,0,132800.0
a002468,3,0,0,0,0,0,0,0,0,0,0,0,0,0,0,0,0,0,0,0,0,0,0,0,0,1,0,0,0,0,0,0,0,0,0,0,0,0,0,0,0,0,0,0,0,0,0,0,0,0,0,0,0,1,0,0,0,1,30,5,2,3.0,5,9.0,2,4,2,4,2,2,3,6,1,4,0,1,0,0,0,0,0,0,0,0,688560.0
a002167,3,1,0,0,1,0,1,0,0,0,1,0,0,0,0,0,0,0,0,0,0,0,0,1,0,0,0,0,0,1,0,0,1,0,1,0,0,0,1,0,0,0,0,0,0,0,0,0,0,0,0,1,0,0,0,0,0,1,50,6,3,4.0,4,4.0,3,1,1,2,4,2,2,1,2,1,1,1,0,1,0,0,0,0,0,0,93800.0
a017689,2,1,1,0,0,0,0,0,0,1,0,0,0,0,0,0,0,0,0,0,0,0,0,0,0,0,0,1,0,1,1,0,0,0,0,0,0,1,0,0,0,0,0,0,0,0,0,0,0,0,0,0,0,0,0,1,0,1,20,5,2,1.0,3,5.0,2,2,1,3,6,6,4,4,4,1,1,0,1,0,0,0,1,0,0,0,35800.0
a017926,2,0,1,0,0,0,0,0,0,0,0,0,0,0,0,0,0,0,0,0,0,0,0,0,0,0,0,0,0,0,1,0,0,0,0,0,0,0,0,0,0,0,0,0,0,0,0,0,0,0,0,0,0,0,0,0,0,0,40,7,4,3.0,8,11.0,2,2,3,2,4,4,2,3,4,3,0,0,1,0,0,0,1,0,0,0,119000.0
a003621,4,1,0,0,1,0,1,0,0,0,0,0,0,0,0,0,0,0,0,0,0,0,1,0,0,0,1,0,0,1,0,0,1,0,1,0,0,0,0,0,0,0,0,0,0,0,0,0,0,0,1,0,0,0,1,0,0,1,20,6,1,12.0,1,7.49660441426146,3,7,1,1,1,1,7,6,7,0,1,1,0,0,1,0,0,0,0,0,1348250.0
a001573,3,0,0,1,1,0,0,0,0,0,0,0,1,0,0,0,0,0,0,0,0,0,0,0,0,0,1,0,0,0,0,1,1,0,0,0,0,0,0,0,1,0,0,0,0,0,0,0,0,0,0,0,0,0,1,0,0,1,30,6,2,2.0,6,12.0,2,3,2,3,4,2,2,5,7,1,0,0,1,0,1,0,0,1,0,0,1524276.0
a006989,2,0,0,0,0,0,0,0,0,0,0,0,0,0,0,0,0,0,0,0,0,1,0,0,0,0,0,0,0,0,0,0,0,0,0,0,0,0,0,0,0,0,0,0,0,0,0,0,0,1,0,0,0,0,0,0,0,1,20,6,3,13.0,1,4.0,3,2,1,6,2,2,6,6,6,1,1,1,1,0,0,0,0,0,0,0,46200.0
a003798,4,0,0,0,0,0,0,0,0,0,0,0,0,0,0,0,0,0,0,0,0,1,0,1,0,0,0,1,0,0,0,0,0,0,0,0,0,0,0,0,0,0,0,0,0,0,0,0,0,1,0,1,0,0,0,1,0,1,20,6,2,3.0,4,4.0,2,2,2,2,2,2,4,6,7,1,1,1,1,0,0,0,0,0,0,0,484820.0
a018217,2,0,0,0,1,1,0,0,0,0,0,0,0,0,0,0,0,0,0,0,0,1,1,0,0,0,0,0,0,0,0,0,1,1,0,0,0,0,0,0,0,0,0,0,0,0,0,0,0,1,1,0,0,0,0,0,0,1,20,6,3,12.0,1,8.0,3,5,2,3,1,5,4,1,6,0,1,1,0,0,1,0,0,0,0,0,61600.0
a002011,3,0,0,0,1,0,0,0,0,1,0,1,0,0,0,0,0,0,0,0,0,0,1,0,0,0,1,0,0,0,0,0,1,0,0,0,0,1,0,1,0,0,0,0,0,0,0,0,0,0,1,0,0,0,1,0,0,1,30,6,4,2.0,7,7.0,3,3,3,3,5,5,6,6,3,1,1,1,0,0,0,0,1,0,0,0,943800.0
a000369,3,0,0,0,0,0,0,0,1,0,0,0,0,0,0,0,0,0,0,0,0,0,0,0,0,0,0,0,0,0,0,0,0,0,0,0,1,0,0,0,0,0,0,0,0,0,0,0,0,0,0,0,0,0,0,0,0,0,30,4,4,7.0,5,5.0,3,4,5,5,4,3,4,5,4,3,1,0,1,0,0,0,1,0,0,0,662300.0
a004788,3,1,0,0,0,0,1,0,0,0,0,0,0,0,0,0,0,0,0,0,0,1,1,0,1,0,0,0,0,1,0,0,0,0,1,0,0,0,0,0,0,0,0,0,0,0,0,0,0,1,1,0,1,0,0,0,0,0,30,8,1,2.0,6,7.49660441426146,2,3,3,2,4,4,2,4,5,1,1,1,1,0,0,0,0,0,0,0,504100.0
a015340,2,0,1,0,0,0,1,0,0,0,0,0,0,0,0,0,0,0,0,0,0,0,1,0,0,0,0,0,0,0,1,0,0,0,1,0,0,0,0,0,0,0,0,0,0,0,0,0,0,0,1,0,0,0,0,0,0,1,40,7,4,11.0,1,8.0,2,4,6,6,2,6,6,2,6,3,1,0,1,0,0,0,1,0,0,0,184200.0
a017661,2,0,1,0,0,0,0,0,0,0,0,0,0,0,0,0,0,0,0,0,0,0,0,0,0,0,0,0,0,0,1,0,0,0,0,0,0,0,0,0,0,0,0,0,0,0,0,0,0,0,0,0,0,0,0,0,0,1,20,6,4,3.0,4,10.0,3,3,3,1,4,5,7,7,7,1,1,0,1,0,1,0,0,0,0,0,69800.0
a007655,2,1,0,1,0,0,1,0,0,0,0,0,0,0,0,0,0,0,0,0,0,0,1,0,0,0,0,0,0,1,0,1,0,0,1,0,0,0,0,0,0,0,0,0,0,0,0,0,0,0,1,0,0,0,0,0,0,1,40,7,1,2.0,2,7.49660441426146,2,3,3,3,5,3,3,3,5,0,0,0,0,0,0,0,1,1,0,1,34550.0
a005619,2,0,1,0,0,1,1,0,0,0,0,0,1,0,0,0,0,0,0,0,0,1,0,0,0,0,0,0,0,0,1,0,0,1,1,0,0,0,0,0,1,0,0,0,0,0,0,0,0,1,0,0,0,0,0,0,0,1,30,6,3,2.0,9,12.0,2,4,3,4,3,6,4,4,7,0,0,1,0,1,0,1,0,0,0,0,30200.0
a003117,3,0,0,0,0,0,1,0,0,0,0,1,0,0,0,0,0,0,0,0,0,0,1,0,1,0,1,0,0,0,0,0,0,0,1,0,0,0,0,1,0,0,0,0,0,0,0,0,0,0,1,0,1,0,1,0,0,1,40,6,2,2.0,3,8.0,3,1,4,3,2,2,4,4,6,1,1,0,0,0,0,0,1,1,0,0,287250.0
a003510,2,1,0,1,0,0,0,0,0,0,0,0,0,0,0,0,0,0,0,0,0,1,1,0,0,0,0,1,0,1,0,1,0,0,0,0,0,0,0,0,0,0,0,0,0,0,0,0,0,1,1,0,0,0,0,1,0,1,30,6,2,3.0,4,10.0,2,2,2,2,4,4,2,2,4,1,1,1,1,0,0,0,0,0,0,0,281100.0
a008721,3,0,0,0,1,0,0,0,0,0,0,0,0,0,0,0,0,0,0,0,0,1,0,0,0,0,0,0,0,0,0,0,1,0,0,0,0,0,0,0,0,0,0,0,0,0,0,0,0,1,0,0,0,0,0,0,0,1,40,6,2,3.0,4,7.0,3,1,6,2,1,3,6,2,2,0,1,1,0,0,0,0,1,0,0,0,459000.0
a006965,2,0,0,0,1,0,0,0,0,0,0,0,0,0,0,0,0,0,0,0,0,0,1,0,0,0,1,0,0,0,0,0,1,0,0,0,0,0,0,0,0,0,0,0,0,0,0,0,0,0,1,0,0,0,1,0,0,0,30,6,2,3.0,3,5.0,3,1,4,1,4,3,3,2,3,1,1,0,1,0,0,0,1,0,0,0,131100.0
a006808,2,1,0,0,0,0,0,0,0,0,0,0,0,0,0,0,0,0,0,0,0,0,0,0,0,0,0,0,0,1,0,0,0,0,0,0,0,0,0,0,0,0,0,0,0,0,0,0,0,0,0,0,0,0,0,0,0,0,20,4,1,2.0,4,7.49660441426146,2,6,2,6,4,3,6,5,5,0,0,1,0,0,0,1,1,0,0,0,8500.0
a018096,2,1,0,1,0,0,0,0,0,0,0,0,0,0,0,0,0,0,0,0,0,0,0,0,0,0,0,0,1,1,0,1,0,0,0,0,0,0,0,0,0,0,0,0,0,0,0,0,0,0,0,0,0,0,0,0,1,0,30,6,1,3.0,4,7.49660441426146,2,5,5,6,4,4,4,4,4,0,0,1,0,1,0,1,0,0,0,0,11900.0
a009413,2,0,0,1,0,0,1,0,0,0,0,0,0,0,0,0,0,0,0,0,0,1,1,0,1,0,0,0,0,0,0,1,0,0,1,0,0,0,0,0,0,0,0,0,0,0,0,0,0,1,1,0,1,0,0,0,0,0,40,7,4,2.0,9,10.0,2,1,4,2,4,2,2,5,2,0,1,0,0,1,0,0,1,0,0,0,70000.0
a003546,2,0,0,0,0,1,1,0,0,0,0,0,0,0,0,0,0,0,0,0,0,1,0,0,0,0,0,0,0,0,0,0,0,1,1,0,0,0,0,0,0,0,0,0,0,0,0,0,0,1,0,0,0,0,0,0,0,1,20,6,4,5.0,2,8.0,3,4,2,2,5,6,4,2,6,1,1,0,1,0,0,0,1,0,0,0,49600.0
a015335,2,0,0,0,0,1,0,0,0,0,0,0,0,0,0,0,0,0,0,0,0,0,0,0,0,0,0,0,0,0,0,0,0,1,0,0,0,0,0,0,0,0,0,0,0,0,0,0,0,0,0,0,0,0,0,0,0,1,20,6,4,12.0,1,5.0,3,2,1,1,3,2,4,2,6,1,1,1,0,0,0,1,0,0,0,0,94500.0
a009439,2,0,0,0,0,0,0,0,0,0,0,0,0,0,0,0,0,0,0,0,0,1,0,0,1,0,0,1,0,0,0,0,0,0,0,0,0,0,0,0,0,0,0,0,0,0,0,0,0,1,0,0,1,0,0,1,0,0,40,7,4,2.0,12,12.0,3,1,2,1,2,2,6,2,2,1,1,1,0,0,0,0,1,0,0,0,428000.0
b003330,3,0,0,0,0,1,0,0,1,0,0,0,0,0,0,0,0,0,0,0,0,0,1,0,0,0,0,0,0,0,0,0,0,1,0,0,1,0,0,0,0,0,0,0,0,0,0,0,0,0,1,0,0,0,0,0,0,0,30,6,1,3.0,4,7.49660441426146,2,1,1,1,5,5,3,6,7,5,1,0,1,0,0,0,1,0,0,0,497000.0
a014688,2,1,0,0,1,0,0,0,0,0,0,0,0,0,0,0,0,0,0,0,0,0,1,1,0,0,1,0,0,1,0,0,1,0,0,0,0,0,0,0,0,0,0,0,0,0,0,0,0,0,1,1,0,0,1,0,0,0,20,4,1,12.0,1,7.49660441426146,3,7,1,1,1,7,1,7,1,0,1,1,0,1,0,0,0,0,0,0,58440.0
a009655,2,0,0,0,0,0,0,0,0,0,0,0,1,0,0,0,0,0,0,0,0,1,1,1,0,0,1,0,0,0,0,0,0,0,0,0,0,0,0,0,1,0,0,0,0,0,0,0,0,1,1,1,0,0,1,0,0,1,30,8,1,2.0,6,7.49660441426146,2,7,7,7,1,4,7,7,7,0,1,0,0,0,1,0,1,0,0,0,124650.0
a007602,2,0,0,0,0,1,0,0,0,0,0,0,0,0,0,0,0,0,0,0,0,0,1,0,0,0,0,0,1,0,0,0,0,1,0,0,0,0,0,0,0,0,0,0,0,0,0,0,0,0,1,0,0,0,0,0,1,1,40,5,4,2.0,4,9.0,2,4,1,3,7,6,2,1,7,1,0,0,1,0,1,1,0,0,0,0,32250.0
a005832,2,0,0,0,0,0,1,0,0,0,0,1,0,0,0,0,0,0,0,0,0,0,1,0,0,0,0,0,0,0,0,0,0,0,1,0,0,0,0,1,0,0,0,0,0,0,0,0,0,0,1,0,0,0,0,0,0,1,40,6,4,3.0,7,12.0,3,2,4,4,6,6,4,5,2,2,1,0,0,0,0,0,1,1,0,0,167000.0
a011212,3,0,0,0,0,0,1,0,0,0,0,0,0,0,0,0,0,0,0,0,0,1,1,0,0,0,0,1,0,0,0,0,0,0,1,0,0,0,0,0,0,0,0,0,0,0,0,0,0,1,1,0,0,0,0,1,0,1,30,6,1,3.0,4,7.49660441426146,3,3,2,2,3,5,5,6,6,1,1,0,1,0,0,0,1,0,0,0,636400.0
a001627,2,0,0,0,0,0,0,0,0,0,0,0,0,0,0,0,0,0,0,0,0,1,1,0,1,0,1,1,0,0,0,0,0,0,0,0,0,0,0,0,0,0,0,0,0,0,0,0,0,1,1,0,1,0,1,1,0,1,30,6,3,3.0,4,9.0,3,1,1,4,1,1,4,3,7,0,1,1,0,0,1,0,0,0,0,0,154700.0
a007280,2,0,1,1,0,0,1,0,0,0,0,0,0,0,0,0,0,0,0,0,0,0,0,0,0,0,0,0,0,0,1,1,0,0,1,0,0,0,0,0,0,0,0,0,0,0,0,0,0,0,0,0,0,0,0,0,0,1,40,6,4,2.0,5,8.0,2,2,1,3,5,6,6,5,7,3,0,0,1,0,0,0,0,1,0,1,159600.0
a006054,3,1,1,0,1,0,0,1,0,0,1,0,0,0,0,0,0,0,0,0,0,0,0,0,0,0,0,0,0,1,1,0,1,0,0,1,0,0,1,0,0,0,0,0,0,0,0,0,0,0,0,0,0,0,0,0,0,0,20,5,2,2.0,3,12.0,3,5,1,2,4,5,4,2,3,1,1,0,1,0,0,0,1,0,0,0,674000.0
a011248,2,0,1,0,0,0,1,1,0,1,0,0,0,0,0,0,0,0,0,0,0,0,1,0,0,0,0,0,0,0,1,0,0,0,1,1,0,1,0,0,0,0,0,0,0,0,0,0,0,0,1,0,0,0,0,0,0,0,20,6,3,3.0,3,5.0,2,3,5,5,4,5,5,3,6,1,0,1,1,0,0,0,0,0,1,0,61800.0
a018132,2,0,0,0,0,1,0,1,0,0,0,0,0,0,0,0,0,0,0,0,0,0,0,0,0,0,0,0,0,0,0,0,0,1,0,1,0,0,0,0,0,0,0,0,0,0,0,0,0,0,0,0,0,0,0,0,0,0,30,6,3,3.0,5,7.0,2,2,1,2,3,4,4,1,3,1,1,1,1,0,0,0,0,0,0,0,233600.0
a003947,3,0,1,0,1,0,1,0,0,0,0,0,0,0,0,0,0,0,0,0,0,0,1,0,0,0,0,0,0,0,1,0,1,0,1,0,0,0,0,0,0,0,0,0,0,0,0,0,0,0,1,0,0,0,0,0,0,0,20,6,1,12.0,2,7.49660441426146,2,2,2,3,2,3,3,6,5,1,1,0,1,0,0,0,1,0,0,0,788600.0
a018036,2,0,1,0,0,0,0,0,0,0,0,0,0,0,0,0,0,0,0,0,0,0,1,0,0,0,0,0,0,0,1,0,0,0,0,0,0,0,0,0,0,0,0,0,0,0,0,0,0,0,1,0,0,0,0,0,0,1,20,6,4,2.0,5,11.0,3,3,1,1,2,6,6,6,7,1,1,0,1,0,1,0,0,0,0,0,138000.0
a000884,2,0,0,0,0,1,0,0,1,0,0,0,0,0,0,0,0,0,0,0,0,1,1,0,0,0,0,1,0,0,0,0,0,1,0,0,1,0,0,0,0,0,0,0,0,0,0,0,0,1,1,0,0,0,0,1,0,1,40,7,4,3.0,7,12.0,2,2,6,4,4,5,3,4,3,3,1,1,0,0,0,0,1,0,0,0,1409700.0
a003242,4,0,1,1,0,0,1,0,0,0,0,0,0,0,0,0,0,0,0,0,0,0,1,1,0,0,0,0,0,0,1,1,0,0,1,0,0,0,0,0,0,0,0,0,0,0,0,0,0,0,1,1,0,0,0,0,0,0,20,6,4,12.0,1,9.0,2,4,2,1,3,6,6,1,7,1,1,0,1,0,1,0,0,0,0,0,1311220.0
a005693,3,0,0,0,0,0,0,0,0,0,0,0,0,0,0,0,0,0,0,0,0,0,0,1,0,0,0,0,0,0,0,0,0,0,0,0,0,0,0,0,0,0,0,0,0,0,0,0,0,0,0,1,0,0,0,0,0,0,20,5,3,3.0,3,6.0,3,5,5,1,1,2,2,5,7,0,1,1,0,1,0,0,0,0,0,0,97000.0
a007127,2,0,1,0,0,0,0,0,0,0,0,0,0,0,0,0,0,0,0,0,0,0,0,0,0,0,0,0,0,0,1,0,0,0,0,0,0,0,0,0,0,0,0,0,0,0,0,0,0,0,0,0,0,0,0,0,0,1,30,7,3,3.0,5,9.0,2,2,4,2,4,2,3,4,6,4,1,0,1,0,0,0,1,0,0,0,38700.0
a000933,3,1,0,0,0,0,0,0,1,0,0,0,0,0,0,0,0,0,0,0,0,0,1,0,1,0,0,0,1,1,0,0,0,0,0,0,1,0,0,0,0,0,0,0,0,0,0,0,0,0,1,0,1,0,0,0,1,0,30,6,1,2.0,4,7.49660441426146,3,4,2,1,3,4,2,2,4,3,1,1,1,0,0,0,0,0,0,0,445030.0
a006280,2,0,1,0,0,0,0,0,0,0,0,0,0,0,0,0,0,0,0,0,0,0,1,0,1,0,1,0,0,0,1,0,0,0,0,0,0,0,0,0,0,0,0,0,0,0,0,0,0,0,1,0,1,0,1,0,0,1,60,6,2,3.0,4,7.0,1,5,3,2,1,3,1,3,7,0,1,0,0,0,1,0,1,0,0,0,113650.0
a008007,2,0,0,1,0,0,0,0,0,0,0,0,1,0,0,0,0,0,0,0,0,0,0,0,0,0,1,0,0,0,0,1,0,0,0,0,0,0,0,0,1,0,0,0,0,0,0,0,0,0,0,0,0,0,1,0,0,1,30,6,2,2.0,6,8.0,2,4,2,1,3,2,1,6,7,1,0,0,1,0,0,0,1,1,0,0,67600.0
a003374,4,0,0,0,0,0,0,0,1,0,0,0,0,0,0,0,0,0,0,0,0,0,0,0,1,0,0,0,1,0,0,0,0,0,0,0,1,0,0,0,0,0,0,0,0,0,0,0,0,0,0,0,1,0,0,0,1,1,30,6,1,13.0,2,7.49660441426146,1,5,2,1,1,5,1,7,4,0,1,0,0,0,0,0,1,1,0,0,669850.0
a006401,2,1,1,1,0,0,0,0,0,0,0,0,0,0,0,0,0,0,0,0,0,1,1,1,0,0,1,0,0,1,1,1,0,0,0,0,0,0,0,0,0,0,0,0,0,0,0,0,0,1,1,1,0,0,1,0,0,0,30,6,4,2.0,5,5.0,3,2,6,1,6,3,2,7,7,0,1,0,0,1,0,0,1,0,0,0,166400.0
a005677,2,0,1,0,0,0,1,0,0,0,0,0,0,0,0,0,0,0,0,0,0,0,1,0,0,0,1,0,0,0,1,0,0,0,1,0,0,0,0,0,0,0,0,0,0,0,0,0,0,0,1,0,0,0,1,0,0,1,30,6,4,3.0,5,5.0,2,3,3,2,3,4,1,4,7,1,1,0,0,0,1,1,0,0,0,0,264100.0
a000189,3,0,1,0,0,1,0,0,1,0,0,0,0,0,0,0,0,0,0,0,0,0,1,0,0,0,1,0,0,0,0,0,0,1,0,0,0,0,0,0,0,0,0,0,0,0,0,0,0,0,0,0,0,0,0,0,0,1,20,5,4,4.0,3,9.0,3,2,1,2,4,4,2,5,6,3,1,0,1,0,0,0,1,0,0,0,654670.0
a009627,2,1,0,0,1,0,1,0,0,0,0,0,0,0,0,0,0,0,0,0,0,1,0,0,1,0,0,0,0,1,0,0,1,0,1,0,0,0,0,0,0,0,0,0,0,0,0,0,0,1,0,0,1,0,0,0,0,1,30,6,3,5.0,5,7.0,1,4,4,4,2,4,5,2,7,1,1,0,1,0,0,0,0,1,0,0,21700.0
a017753,2,0,0,0,1,0,0,0,0,0,0,0,0,0,0,0,0,0,0,0,0,0,0,0,0,0,0,0,0,0,0,0,1,0,0,0,0,0,0,0,0,0,0,0,0,0,0,0,0,0,0,0,0,0,0,0,0,1,30,6,1,3.0,7,7.49660441426146,4,2,3,1,6,6,3,2,3,0,0,1,0,0,0,1,0,1,0,0,42960.0
a004933,2,1,1,0,0,0,0,0,0,0,0,1,0,0,0,0,0,0,0,0,0,1,0,1,0,0,0,0,0,1,1,0,0,0,0,0,0,0,0,1,0,0,0,0,0,0,0,0,0,1,0,1,0,0,0,0,0,1,30,5,4,2.0,5,8.0,3,5,2,2,2,2,4,6,6,3,1,0,1,0,0,0,1,0,0,0,232000.0
a012194,3,1,0,0,0,0,1,0,0,0,0,0,0,0,0,0,0,0,0,0,0,0,1,0,0,0,0,0,0,1,0,0,0,0,1,0,0,0,0,0,0,0,0,0,0,0,0,0,0,0,1,0,0,0,0,0,0,1,20,6,1,2.0,3,7.49660441426146,3,7,4,1,1,5,4,3,1,0,0,1,0,0,1,0,0,1,0,0,988340.0
a002010,2,1,0,0,0,0,0,0,0,1,0,0,0,0,0,0,0,0,0,0,0,0,0,0,0,0,0,0,0,1,0,0,0,0,0,0,0,1,0,0,0,0,0,0,0,0,0,0,0,0,0,0,0,0,0,0,0,1,40,7,4,1.0,5,5.0,2,4,3,3,4,5,5,3,5,3,1,1,1,0,0,0,0,0,0,0,376000.0
a002585,2,0,0,0,0,0,1,0,0,0,0,0,0,0,0,0,0,0,0,0,0,0,0,0,0,1,0,0,1,0,0,0,0,0,1,0,0,0,0,0,0,0,0,0,0,0,0,0,0,0,0,0,0,1,0,0,1,0,30,6,2,2.0,4,10.0,3,6,5,4,1,5,1,6,2,0,1,1,0,0,0,0,1,0,0,0,48820.0
a011587,3,1,1,1,1,0,0,0,0,1,0,0,0,0,0,0,0,0,0,0,0,0,0,0,0,0,0,0,0,1,1,1,1,0,0,0,0,1,0,0,0,0,0,0,0,0,0,0,0,0,0,0,0,0,0,0,0,1,20,6,1,12.0,1,7.49660441426146,2,2,1,1,7,3,4,6,7,0,1,1,0,1,0,0,0,0,0,0,819040.0
a004208,3,1,0,0,0,0,0,0,0,0,0,0,0,0,0,0,0,0,0,0,0,0,0,1,0,0,0,0,0,1,0,0,0,0,0,0,0,0,0,0,0,0,0,0,0,0,0,0,0,0,0,1,0,0,0,0,0,0,20,6,1,8.0,4,7.49660441426146,3,2,2,2,2,6,6,2,6,1,0,1,1,0,0,0,0,0,1,0,1851200.0
a013695,2,1,0,0,0,0,1,0,0,1,0,0,0,0,0,0,0,0,0,0,0,0,1,0,0,0,0,0,1,1,0,0,0,0,1,0,0,1,0,0,0,0,0,0,0,0,0,0,0,0,1,0,0,0,0,0,1,0,20,6,4,12.0,1,6.0,2,2,2,3,3,2,2,2,6,1,1,0,1,0,0,0,1,0,0,0,429400.0
a001898,3,0,0,0,0,0,1,0,0,0,0,0,0,0,0,0,0,0,0,0,0,0,1,0,0,0,0,0,0,0,0,0,0,0,1,0,0,0,0,0,0,0,0,0,0,0,0,0,0,0,1,0,0,0,0,0,0,1,30,6,2,3.0,6,10.0,3,6,2,4,4,4,5,4,4,3,1,1,0,0,1,0,0,0,0,0,29400.0
a011803,4,1,0,0,0,0,0,0,0,0,1,0,0,0,0,0,0,0,0,0,0,0,0,0,0,0,0,1,1,1,0,0,0,0,0,0,0,0,1,0,0,0,0,0,0,0,0,0,0,0,0,0,0,0,0,1,1,0,30,6,3,13.0,1,6.0,3,7,1,3,7,4,4,6,2,0,1,1,0,0,0,0,0,0,0,1,650600.0
a015319,2,1,0,0,1,0,0,0,0,0,0,0,0,0,0,0,0,0,0,0,0,0,0,0,0,0,0,0,0,1,0,0,1,0,0,0,0,0,0,0,0,0,0,0,0,0,0,0,0,0,0,0,0,0,0,0,0,1,40,7,1,2.0,5,7.49660441426146,2,1,2,1,6,6,1,7,4,1,0,0,1,0,0,0,1,0,1,0,205100.0
a005205,2,0,0,1,1,0,0,0,0,0,0,0,0,1,0,0,0,0,0,0,0,0,0,0,0,0,0,0,0,0,0,1,1,0,0,0,0,0,0,0,0,1,0,0,0,0,0,0,0,0,0,0,0,0,0,0,0,0,30,6,1,13.0,1,7.49660441426146,2,2,6,4,3,4,5,6,4,1,0,1,1,0,0,0,0,1,0,0,282500.0
a005135,2,0,1,0,0,0,0,0,0,0,0,0,0,0,0,0,0,0,0,0,0,0,0,0,0,0,0,0,0,0,1,0,0,0,0,0,0,0,0,0,0,0,0,0,0,0,0,0,0,0,0,0,0,0,0,0,0,0,30,6,3,5.0,6,11.0,1,4,4,4,3,4,5,2,7,2,1,0,1,0,0,0,0,1,0,0,247800.0
a010285,4,0,1,1,1,0,1,0,0,0,0,0,0,0,0,0,0,0,0,0,0,1,1,0,0,0,0,1,0,0,1,1,1,0,1,0,0,0,0,0,0,0,0,0,0,0,0,0,0,1,1,0,0,0,0,1,0,1,20,6,1,2.0,4,7.49660441426146,3,4,2,1,4,2,3,5,5,0,1,1,0,0,0,1,0,0,0,0,738000.0
a003487,2,0,0,0,0,0,0,0,0,0,0,0,0,0,0,0,0,0,0,0,0,0,0,0,0,0,0,0,1,0,0,0,0,0,0,0,0,0,0,0,0,0,0,0,0,0,0,0,0,0,0,0,0,0,0,0,1,0,30,6,3,4.0,2,4.0,2,1,7,1,7,1,1,7,7,0,1,1,0,1,0,0,0,0,0,0,17000.0
a003291,2,0,1,0,0,0,0,0,0,0,0,1,0,0,0,0,0,0,0,0,0,1,0,0,0,0,0,0,0,0,1,0,0,0,0,0,0,0,0,1,0,0,0,0,0,0,0,0,0,1,0,0,0,0,0,0,0,1,20,6,4,3.0,5,10.0,3,4,3,1,2,4,3,5,4,3,1,1,0,0,0,0,1,0,0,0,771800.0
a007026,2,1,0,0,0,0,1,0,0,0,0,0,0,0,0,0,0,0,0,0,0,0,1,0,0,0,0,0,0,1,0,0,0,0,1,0,0,0,0,0,0,0,0,0,0,0,0,0,0,0,1,0,0,0,0,0,0,1,30,6,1,2.0,4,7.49660441426146,2,2,6,4,4,5,5,3,2,0,1,1,0,0,0,0,0,1,0,0,122200.0
a011190,2,1,0,0,1,0,0,0,0,0,0,0,0,0,0,0,0,0,0,0,0,0,0,0,0,0,0,0,0,1,0,0,1,0,0,0,0,0,0,0,0,0,0,0,0,0,0,0,0,0,0,0,0,0,0,0,0,0,30,6,2,2.0,5,5.0,3,7,1,1,7,1,7,7,7,1,1,1,1,0,0,0,0,0,0,0,8000.0
a000116,4,1,1,0,1,0,1,0,0,0,0,0,0,0,0,0,0,0,0,0,0,0,0,1,0,0,0,0,0,1,0,0,0,0,0,0,0,0,0,0,0,0,0,0,0,0,0,0,0,0,0,0,0,0,0,0,0,0,20,6,4,2.0,4,11.0,2,4,2,3,4,4,2,6,3,0,1,1,0,0,0,1,0,0,0,0,293000.0
a018049,2,0,0,0,1,1,0,0,0,0,0,0,0,0,0,0,0,0,0,0,0,0,0,0,0,0,0,0,0,0,0,0,1,1,0,0,0,0,0,0,0,0,0,0,0,0,0,0,0,0,0,0,0,0,0,0,0,0,30,6,1,3.0,7,7.49660441426146,3,4,4,4,4,4,4,4,4,1,1,0,1,0,0,1,0,0,0,0,100400.0
a010072,2,1,0,0,1,0,0,1,0,0,0,0,0,0,0,0,0,0,0,0,0,0,0,1,0,0,0,0,0,1,0,0,1,0,0,1,0,0,0,0,0,0,0,0,0,0,0,0,0,0,0,1,0,0,0,0,0,0,30,6,3,2.0,8,10.0,2,6,5,7,5,5,6,6,4,1,1,1,1,0,0,0,0,0,0,0,65700.0
a001978,3,0,0,0,1,0,0,0,0,0,0,0,0,0,0,0,0,0,0,0,0,1,1,1,0,0,0,1,0,0,0,0,1,0,0,0,0,0,0,0,0,0,0,0,0,0,0,0,0,1,1,1,0,0,0,1,0,1,20,6,4,3.0,4,6.0,3,1,2,2,3,5,2,2,5,0,1,1,0,0,0,0,1,0,0,0,9600.0
a002662,2,0,0,1,0,0,0,0,0,0,0,0,0,0,0,0,0,0,0,0,0,0,1,0,0,0,1,0,0,0,0,1,0,0,0,0,0,0,0,0,0,0,0,0,0,0,0,0,0,0,1,0,0,0,1,0,0,1,50,4,2,9.0,3,7.0,3,1,1,1,3,2,7,2,7,3,0,1,1,0,1,0,0,0,0,0,310000.0
a010456,2,1,0,0,0,1,1,0,0,0,0,0,0,0,0,0,0,0,0,0,0,0,1,0,0,0,0,0,0,1,0,0,0,1,1,0,0,0,0,0,0,0,0,0,0,0,0,0,0,0,1,0,0,0,0,0,0,0,20,6,1,3.0,4,7.49660441426146,2,2,5,1,5,5,4,2,6,0,1,1,0,0,0,0,1,0,0,0,1153860.0
a017858,2,0,0,1,0,0,0,0,0,0,0,0,1,0,0,0,0,0,0,0,0,0,0,0,0,0,0,0,0,0,0,1,0,0,0,0,0,0,0,0,1,0,0,0,0,0,0,0,0,0,0,0,0,0,0,0,0,1,30,6,1,3.0,1,7.49660441426146,1,1,4,4,5,3,4,7,1,1,1,0,1,0,0,0,0,1,0,0,2200.0
a015373,2,1,0,0,0,1,1,0,0,1,1,0,0,0,0,0,0,0,0,0,0,0,0,0,0,0,0,0,0,1,0,0,0,1,1,0,0,1,1,0,0,0,0,0,0,0,0,0,0,0,0,0,0,0,0,0,0,1,40,6,4,11.0,1,9.0,2,4,4,2,2,4,4,2,6,3,1,0,1,0,0,0,1,0,0,0,89000.0
a011616,2,0,0,0,0,0,1,0,0,0,0,0,0,0,0,0,0,0,0,0,0,0,0,0,0,0,0,0,0,0,0,0,0,0,1,0,0,0,0,0,0,0,0,0,0,0,0,0,0,0,0,0,0,0,0,0,0,0,20,6,2,3.0,4,4.0,2,2,1,1,2,6,6,3,3,1,1,0,1,0,0,0,1,0,0,0,85500.0
a004305,2,1,0,0,1,0,0,0,0,0,0,0,0,0,0,0,0,0,0,0,0,0,1,0,0,0,1,0,0,1,0,0,1,0,0,0,0,0,0,0,0,0,0,0,0,0,0,0,0,0,1,0,0,0,1,0,0,1,20,6,3,3.0,4,6.0,3,6,2,2,2,2,4,5,2,0,1,1,0,0,1,0,0,0,0,0,26300.0
a018224,2,1,0,0,0,0,0,0,0,0,0,0,0,0,0,0,0,0,0,0,0,0,0,0,0,0,0,0,0,1,0,0,0,0,0,0,0,0,0,0,0,0,0,0,0,0,0,0,0,0,0,0,0,0,0,0,0,1,20,6,1,2.0,5,7.49660441426146,3,3,4,2,5,2,5,5,5,1,1,1,0,0,0,1,0,0,0,0,55300.0
a018116,2,1,0,1,0,0,1,0,0,0,0,0,0,0,0,0,0,0,0,0,0,0,0,0,0,0,0,0,0,1,0,1,0,0,1,0,0,0,0,0,0,0,0,0,0,0,0,0,0,0,0,0,0,0,0,0,0,0,60,6,2,13.0,3,3.0,3,2,4,2,3,3,3,3,6,1,1,0,1,0,0,0,0,1,0,0,39300.0
a000864,3,0,0,0,0,0,1,0,1,1,0,0,0,0,0,0,0,0,0,0,0,0,0,0,0,0,0,0,0,0,0,0,0,0,1,0,1,1,0,0,0,0,0,0,0,0,0,0,0,0,0,0,0,0,0,0,0,0,40,6,4,1.0,9,9.0,2,2,4,2,5,2,3,2,2,1,1,0,1,0,0,0,1,0,0,0,1092200.0
a001464,2,0,1,0,0,0,1,0,0,1,0,0,0,0,0,0,0,0,0,0,0,0,0,0,0,0,0,0,0,0,1,0,0,0,1,0,0,1,0,0,0,0,0,0,0,0,0,0,0,0,0,0,0,0,0,0,0,1,40,6,4,3.0,7,12.0,2,2,5,5,2,2,5,5,3,3,1,0,1,0,0,0,0,1,0,0,227030.0
a004308,2,0,0,1,0,0,0,0,0,0,0,0,0,0,0,0,0,0,0,0,0,0,0,0,1,0,0,0,0,0,0,1,0,0,0,0,0,0,0,0,0,0,0,0,0,0,0,0,0,0,0,0,1,0,0,0,0,0,20,6,1,12.0,2,7.49660441426146,2,3,1,1,4,3,2,7,5,1,1,0,0,0,0,0,1,1,0,0,506400.0
b006538,2,1,0,0,1,0,1,0,0,1,0,0,0,0,0,0,0,0,0,0,0,0,1,0,0,0,1,0,0,1,0,0,1,0,1,0,0,1,0,0,0,0,0,0,0,0,0,0,0,0,1,0,0,0,1,0,0,1,20,6,4,3.0,4,10.0,2,4,1,1,2,4,4,6,6,0,1,1,0,0,1,0,0,0,0,0,53730.0
a004348,4,1,0,1,1,0,0,0,0,1,0,0,1,0,0,0,0,0,0,0,0,0,0,0,0,0,0,0,0,1,0,1,1,0,0,0,0,1,0,0,1,0,0,0,0,0,0,0,0,0,0,0,0,0,0,0,0,1,30,6,5,2.0,4,12.0,3,3,2,2,4,6,6,6,2,0,1,1,0,0,0,0,0,1,0,0,658050.0
a007079,2,1,0,1,1,0,0,0,0,0,0,0,1,0,0,0,0,0,0,0,0,0,0,0,0,0,0,0,0,1,0,1,1,0,0,0,0,0,0,0,1,0,0,0,0,0,0,0,0,0,0,0,0,0,0,0,0,1,20,6,2,12.0,1,2.0,3,5,2,1,1,3,7,5,6,0,1,1,0,0,0,0,1,0,0,0,34900.0
a018162,2,0,1,0,1,0,0,0,0,0,0,0,0,0,0,0,0,0,0,0,0,0,0,0,0,0,0,0,0,0,1,0,1,0,0,0,0,0,0,0,0,0,0,0,0,0,0,0,0,0,0,0,0,0,0,0,0,0,40,6,4,3.0,10,11.0,2,4,4,2,2,2,4,3,2,3,1,1,1,0,0,0,0,0,0,0,139400.0
a000136,3,1,0,0,0,0,1,0,0,0,0,0,0,0,0,0,0,0,0,0,0,0,0,0,0,0,0,0,0,1,0,0,0,0,0,0,0,0,0,0,0,0,0,0,0,0,0,0,0,0,0,0,0,0,0,0,0,1,20,6,3,3.0,3,4.0,3,5,3,3,3,4,3,3,2,2,1,1,0,0,0,0,0,1,0,0,1485560.0
a001516,3,1,1,0,0,0,0,0,0,0,0,0,0,0,0,0,0,0,0,0,0,0,1,1,0,0,1,0,0,1,1,0,0,0,0,0,0,0,0,0,0,0,0,0,0,0,0,0,0,0,1,1,0,0,1,0,0,1,20,6,4,4.0,2,2.0,3,6,1,2,5,7,7,1,7,4,0,0,1,0,1,1,0,0,0,0,362770.0
a002192,3,0,0,0,0,0,1,0,0,0,0,0,0,0,0,0,0,0,0,0,0,1,1,1,0,0,1,0,0,0,0,0,0,0,1,0,0,0,0,0,0,0,0,0,0,0,0,0,0,1,1,1,0,0,1,0,0,1,30,8,1,3.0,4,7.49660441426146,2,2,2,2,2,2,2,5,7,0,0,1,0,0,1,0,1,0,0,0,169300.0
a007205,2,0,0,0,0,0,1,0,0,0,0,0,0,0,0,0,0,0,0,0,0,0,0,0,0,0,0,0,0,0,0,0,0,0,1,0,0,0,0,0,0,0,0,0,0,0,0,0,0,0,0,0,0,0,0,0,0,1,20,7,4,12.0,1,10.0,3,4,1,1,2,2,6,7,7,0,1,1,0,0,1,0,0,0,0,0,84900.0
a017538,2,0,0,0,0,0,0,0,0,0,0,0,0,0,0,0,0,0,0,0,0,0,1,0,1,0,0,0,0,0,0,0,0,0,0,0,0,0,0,0,0,0,0,0,0,0,0,0,0,0,1,0,1,0,0,0,0,1,20,5,1,3.0,3,7.49660441426146,3,3,2,3,3,2,4,5,3,1,1,0,0,1,0,0,1,0,0,0,111640.0
a004008,3,0,0,0,0,0,0,0,0,0,0,0,0,0,0,0,0,0,0,0,0,0,1,0,0,1,0,0,0,0,0,0,0,0,0,0,0,0,0,0,0,0,0,0,0,0,0,0,0,0,1,0,0,1,0,0,0,1,30,7,2,2.0,4,7.0,3,2,3,3,3,1,3,2,5,0,1,1,0,0,0,0,1,0,0,0,154000.0
c005343,2,0,0,1,0,0,0,0,0,0,0,0,0,0,0,0,0,0,0,0,0,0,0,0,0,0,0,0,0,0,0,1,0,0,0,0,0,0,0,0,0,0,0,0,0,0,0,0,0,0,0,0,0,0,0,0,0,1,20,6,1,2.0,4,7.49660441426146,3,3,3,2,5,4,3,1,5,1,1,0,1,0,1,0,0,0,0,0,131400.0
a002494,2,1,0,0,1,0,1,0,0,0,0,0,0,0,0,0,0,0,0,0,0,0,1,0,0,0,0,0,0,1,0,0,1,0,1,0,0,0,0,0,0,0,0,0,0,0,0,0,0,0,1,0,0,0,0,0,0,0,20,4,1,8.0,3,7.49660441426146,2,6,2,1,3,2,4,1,6,1,1,1,1,0,0,0,0,0,0,0,337000.0
a001305,3,1,0,1,1,0,0,0,0,0,0,0,0,0,0,0,0,0,0,0,0,0,0,0,1,0,1,0,0,1,0,1,1,0,0,0,0,0,0,0,0,0,0,0,0,0,0,0,0,0,0,0,1,0,1,0,0,0,30,5,2,2.0,6,9.0,2,1,4,3,5,7,4,7,6,1,0,1,0,0,0,0,1,1,0,0,1703700.0
a003848,2,1,0,0,0,0,0,0,0,0,0,0,0,0,0,0,0,0,0,0,0,1,1,0,1,0,0,1,0,1,0,0,0,0,0,0,0,0,0,0,0,0,0,0,0,0,0,0,0,1,1,0,1,0,0,1,0,1,20,6,2,3.0,6,12.0,3,4,6,2,2,2,2,2,6,0,1,1,0,1,0,0,0,0,0,0,11100.0
a006590,2,0,0,1,0,0,0,0,0,0,0,1,0,0,0,0,0,0,0,0,0,0,1,0,0,0,0,0,0,0,0,1,0,0,0,0,0,0,0,1,0,0,0,0,0,0,0,0,0,0,1,0,0,0,0,0,0,1,20,6,1,4.0,4,7.49660441426146,2,6,1,2,1,2,6,6,7,1,1,1,1,0,0,0,0,0,0,0,111150.0
a009411,2,0,1,0,0,1,0,0,0,0,0,0,1,0,0,0,0,0,0,0,0,1,1,0,0,0,0,0,0,0,1,0,0,1,0,0,0,0,0,0,1,0,0,0,0,0,0,0,0,1,1,0,0,0,0,0,0,1,50,6,3,11.0,1,8.0,1,2,4,6,2,3,2,6,7,5,0,0,1,0,1,1,0,0,0,0,806800.0
a012173,2,1,0,0,1,0,0,0,0,0,0,0,0,0,0,0,0,0,0,0,0,0,0,0,1,0,0,0,0,1,0,0,1,0,0,0,0,0,0,0,0,0,0,0,0,0,0,0,0,0,0,0,1,0,0,0,0,1,20,6,5,12.0,2,11.0,3,4,6,6,1,2,2,1,5,1,1,1,0,0,0,0,1,0,0,0,67300.0
a006712,2,1,0,1,0,0,1,0,0,0,0,0,0,0,0,0,0,0,0,0,0,0,1,0,0,0,0,0,0,1,0,1,0,0,1,0,0,0,0,0,0,0,0,0,0,0,0,0,0,0,1,0,0,0,0,0,0,0,30,5,1,8.0,4,7.49660441426146,2,4,4,4,4,4,4,4,4,1,1,1,0,0,0,0,0,1,0,0,647850.0
a003320,2,0,1,0,0,0,0,0,0,0,0,0,0,0,0,0,0,0,0,0,0,0,0,0,0,0,0,0,0,0,1,0,0,0,0,0,0,0,0,0,0,0,0,0,0,0,0,0,0,0,0,0,0,0,0,0,0,1,30,6,5,11.0,6,6.0,3,4,4,6,1,1,3,5,2,4,0,0,1,0,0,0,1,1,0,0,236000.0
a002205,2,0,0,1,0,0,0,0,0,0,0,0,1,0,0,0,0,0,0,0,0,0,1,0,0,0,0,0,0,0,0,1,0,0,0,0,0,0,0,0,1,0,0,0,0,0,0,0,0,0,1,0,0,0,0,0,0,1,30,6,2,13.0,3,5.0,3,3,2,1,4,4,5,6,2,0,1,0,0,0,0,0,1,1,0,0,49600.0
a006803,2,0,0,1,0,0,0,0,0,1,0,0,1,0,0,0,0,0,0,0,0,0,0,0,0,0,0,0,0,0,0,1,0,0,0,0,0,1,0,0,1,0,0,0,0,0,0,0,0,0,0,0,0,0,0,0,0,1,20,6,1,3.0,4,7.49660441426146,3,3,2,2,6,6,3,6,5,0,0,1,0,0,0,0,1,1,0,0,193700.0
a004547,3,1,0,0,1,0,1,0,0,0,0,0,0,0,0,0,0,0,0,0,0,0,0,1,0,0,0,0,0,1,0,0,1,0,1,0,0,0,0,0,0,0,0,0,0,0,0,0,0,0,0,1,0,0,0,0,0,0,30,5,3,2.0,6,9.0,2,2,2,2,2,2,6,2,4,2,1,1,1,0,0,0,0,0,0,0,187560.0
a017991,2,1,0,0,0,0,0,0,0,0,0,0,0,0,0,0,0,0,0,0,0,0,0,0,0,0,0,0,0,1,0,0,0,0,0,0,0,0,0,0,0,0,0,0,0,0,0,0,0,0,0,0,0,0,0,0,0,0,40,8,4,10.0,8,8.0,3,2,2,5,4,5,5,2,4,3,1,1,1,0,0,0,0,0,0,0,57000.0
a015346,2,1,1,0,0,0,0,0,0,0,0,0,0,0,0,0,0,0,0,0,0,1,1,0,0,0,0,1,0,1,1,0,0,0,0,0,0,0,0,0,0,0,0,0,0,0,0,0,0,1,1,0,0,0,0,1,0,1,30,6,3,3.0,1,6.0,1,1,1,1,4,7,1,4,5,1,0,1,1,0,0,0,0,0,1,0,3600.0
a005748,2,1,0,1,1,1,0,1,0,0,0,0,0,0,0,0,0,0,0,0,0,0,0,0,0,0,0,0,0,1,0,1,1,1,0,1,0,0,0,0,0,0,0,0,0,0,0,0,0,0,0,0,0,0,0,0,0,1,20,6,3,3.0,4,7.0,3,2,1,1,4,4,6,2,7,0,1,1,0,0,0,0,1,0,0,0,28200.0
a002165,3,0,0,0,0,0,0,0,0,0,0,0,0,0,0,0,0,0,0,0,0,0,0,1,0,0,0,0,1,0,0,0,0,0,0,0,0,0,0,0,0,0,0,0,0,0,0,0,0,0,0,1,0,0,0,0,1,1,20,7,4,12.0,3,6.0,2,2,1,6,2,4,6,1,7,1,0,1,1,0,0,1,0,0,0,0,344000.0
a017814,2,0,0,0,0,1,0,0,0,0,0,0,0,0,0,0,0,0,0,0,0,0,0,0,0,0,0,0,0,0,0,0,0,1,0,0,0,0,0,0,0,0,0,0,0,0,0,0,0,0,0,0,0,0,0,0,0,1,40,6,2,2.0,5,9.0,2,4,3,2,3,4,3,6,4,1,1,0,1,0,0,0,0,0,0,1,510980.0
a017808,2,1,0,0,0,0,0,0,0,0,0,0,0,0,0,0,0,0,0,0,0,0,0,0,0,0,1,0,0,1,0,0,0,0,0,0,0,0,0,0,0,0,0,0,0,0,0,0,0,0,0,0,0,0,1,0,0,1,20,6,4,3.0,3,12.0,2,4,1,1,1,3,6,7,3,0,1,0,0,0,1,0,0,0,0,1,83460.0
a014461,2,1,0,0,0,0,1,0,0,0,0,0,0,0,0,0,0,0,0,0,0,1,1,0,0,0,0,0,0,1,0,0,0,0,1,0,0,0,0,0,0,0,0,0,0,0,0,0,0,1,1,0,0,0,0,0,0,1,20,6,1,12.0,3,7.49660441426146,3,6,2,4,6,3,2,7,5,0,1,1,0,0,0,0,1,0,0,0,190670.0
a017844,2,1,0,1,0,0,1,0,0,0,0,0,0,0,0,0,0,0,0,0,0,0,0,0,0,0,0,0,0,1,0,1,0,0,1,0,0,0,0,0,0,0,0,0,0,0,0,0,0,0,0,0,0,0,0,0,0,1,30,6,1,3.0,4,7.49660441426146,3,4,4,4,4,4,4,4,4,0,1,1,0,0,0,0,1,0,0,0,657330.0
a010215,2,1,1,0,0,0,0,0,0,0,0,0,0,0,0,0,0,0,0,0,0,1,1,0,0,0,0,0,1,1,1,0,0,0,0,0,0,0,0,0,0,0,0,0,0,0,0,0,0,1,1,0,0,0,0,0,1,1,40,6,3,11.0,1,6.0,3,2,3,5,3,5,5,5,4,1,0,1,0,0,0,0,1,1,0,0,86920.0
a018011,2,1,0,0,0,0,0,1,0,0,0,0,0,0,0,0,0,0,0,0,0,0,0,0,0,0,0,0,0,1,0,0,0,0,0,1,0,0,0,0,0,0,0,0,0,0,0,0,0,0,0,0,0,0,0,0,0,1,30,6,3,3.0,3,7.0,3,5,5,3,4,5,5,5,5,0,0,0,0,0,0,0,0,0,0,1,17050.0
a010009,4,1,0,1,0,0,0,0,0,0,0,0,0,0,0,0,0,0,0,0,0,0,1,0,0,0,0,0,0,1,0,1,0,0,0,0,0,0,0,0,0,0,0,0,0,0,0,0,0,0,1,0,0,0,0,0,0,1,30,4,2,13.0,1,4.0,3,4,3,5,4,3,5,5,5,0,1,0,0,0,1,0,0,1,0,0,1220300.0
a008060,2,1,1,0,0,0,0,0,0,1,0,0,0,0,0,0,0,0,0,0,0,0,1,0,1,0,0,0,0,1,1,0,0,0,0,0,0,1,0,0,0,0,0,0,0,0,0,0,0,0,1,0,1,0,0,0,0,1,40,6,4,3.0,2,7.0,1,4,5,2,3,4,3,3,6,3,0,1,1,0,0,0,1,0,0,0,40500.0
a000706,3,0,0,0,0,0,0,0,0,0,0,0,0,0,0,0,0,0,0,0,0,0,1,0,1,0,0,0,0,0,0,0,0,0,0,0,0,0,0,0,0,0,0,0,0,0,0,0,0,0,1,0,1,0,0,0,0,0,30,6,1,4.0,3,7.49660441426146,3,2,6,5,6,2,3,2,2,1,1,1,0,0,1,0,0,0,0,0,622030.0
a001199,3,1,1,0,0,0,1,0,0,0,0,1,0,0,0,0,0,0,0,0,0,0,0,0,0,0,0,1,0,1,1,0,0,0,1,0,0,0,0,1,0,0,0,0,0,0,0,0,0,0,0,0,0,0,0,1,0,1,30,5,4,2.0,2,7.0,3,2,1,2,3,6,7,7,7,3,0,0,0,0,0,0,1,0,1,1,882970.0
a000212,4,0,0,0,0,0,0,0,0,0,0,0,0,0,0,0,0,0,0,0,0,1,0,0,0,0,0,0,0,0,0,0,0,0,0,0,0,0,0,0,0,0,0,0,0,0,0,0,0,1,0,0,0,0,0,0,0,0,20,6,1,3.0,4,7.49660441426146,3,4,3,4,6,5,2,6,4,0,1,1,0,0,0,0,1,0,0,0,141300.0
a005158,2,0,0,1,0,0,0,0,0,0,0,0,0,0,0,0,0,0,0,0,0,0,0,0,0,0,0,0,0,0,0,1,0,0,0,0,0,0,0,0,0,0,0,0,0,0,0,0,0,0,0,0,0,0,0,0,0,1,30,5,2,3.0,4,7.0,2,4,4,3,1,2,4,2,1,1,0,1,1,0,0,0,0,1,0,0,22000.0
a001584,4,1,1,1,1,0,1,0,0,0,0,0,0,0,0,0,0,0,0,0,0,0,0,0,0,0,0,0,0,1,1,1,1,0,1,0,0,0,0,0,0,0,0,0,0,0,0,0,0,0,0,0,0,0,0,0,0,1,20,6,4,9.0,2,12.0,3,6,2,2,2,4,6,5,2,0,1,0,0,1,0,0,1,0,0,0,1130036.0
a004696,2,1,0,0,1,0,1,0,0,0,0,0,0,0,0,0,0,0,0,0,0,0,1,0,0,0,1,0,0,1,0,0,1,0,1,0,0,0,0,0,0,0,0,0,0,0,0,0,0,0,1,0,0,0,1,0,0,1,30,6,1,3.0,5,7.49660441426146,2,3,1,6,2,4,3,6,6,1,1,0,1,0,1,0,0,0,0,0,89900.0
a015295,2,1,0,1,0,0,1,0,0,1,0,1,0,0,0,0,0,0,0,0,0,0,0,0,0,0,0,0,0,1,0,1,0,0,1,0,0,1,0,1,0,0,0,0,0,0,0,0,0,0,0,0,0,0,0,0,0,1,20,6,3,3.0,4,7.0,2,3,6,5,5,3,5,5,2,0,1,1,0,0,0,1,0,0,0,0,51400.0
a005986,2,1,1,0,0,0,0,0,0,0,0,0,0,0,0,0,0,0,0,0,0,0,0,0,0,0,0,0,0,1,1,0,0,0,0,0,0,0,0,0,0,0,0,0,0,0,0,0,0,0,0,0,0,0,0,0,0,1,60,4,3,11.0,1,7.0,3,2,4,2,4,4,6,5,4,2,0,0,1,0,0,0,0,1,0,0,7900.0
a008044,2,1,0,0,0,0,1,0,0,0,0,0,0,0,0,0,0,0,0,0,0,0,0,0,0,0,0,0,0,1,0,0,0,0,1,0,0,0,0,0,0,0,0,0,0,0,0,0,0,0,0,0,0,0,0,0,0,1,30,6,4,3.0,4,11.0,2,5,1,4,1,5,4,3,5,0,1,1,0,1,0,0,0,0,0,0,548000.0
a001971,3,1,0,0,0,0,0,0,0,0,1,1,0,0,0,0,0,0,0,0,0,0,1,0,0,0,0,0,0,1,0,0,0,0,0,0,0,0,1,1,0,0,0,0,0,0,0,0,0,0,1,0,0,0,0,0,0,0,20,6,2,2.0,2,5.0,3,5,1,1,7,1,1,7,7,0,1,1,0,0,0,0,1,0,0,0,233000.0
a005956,3,0,0,0,0,0,0,0,0,0,0,0,0,0,0,0,0,0,0,0,0,1,1,0,0,0,0,0,0,0,0,0,0,0,0,0,0,0,0,0,0,0,0,0,0,0,0,0,0,1,1,0,0,0,0,0,0,0,30,5,1,4.0,4,7.49660441426146,3,1,4,1,4,1,1,4,7,1,1,1,1,0,0,0,0,0,0,0,32050.0
a005485,2,0,0,1,0,0,0,0,0,0,0,0,1,0,0,0,0,0,0,0,0,0,1,0,1,0,0,0,0,0,0,1,0,0,0,0,0,0,0,0,1,0,0,0,0,0,0,0,0,0,1,0,1,0,0,0,0,0,20,6,1,2.0,5,7.49660441426146,2,2,2,2,5,4,3,6,2,1,1,0,0,1,0,1,0,0,0,0,64000.0
a000820,2,0,0,0,0,0,1,0,0,1,0,0,1,0,0,0,0,0,0,0,0,0,1,0,0,0,0,0,0,0,0,0,0,0,1,0,0,1,0,0,1,0,0,0,0,0,0,0,0,0,1,0,0,0,0,0,0,1,30,6,3,3.0,6,11.0,2,4,2,4,2,2,5,4,2,2,1,0,1,0,0,0,1,0,0,0,160050.0
a001352,3,0,0,0,0,0,0,0,0,0,1,0,0,0,0,0,0,0,0,0,0,0,1,1,0,0,0,0,0,0,0,0,0,0,0,0,0,0,1,0,0,0,0,0,0,0,0,0,0,0,1,1,0,0,0,0,0,1,20,6,1,2.0,10,7.49660441426146,3,6,2,1,1,1,2,6,7,0,1,1,0,0,1,0,0,0,0,0,100900.0
a014301,2,1,0,0,1,0,1,0,0,1,0,0,0,0,0,0,0,0,0,0,0,0,0,0,1,0,0,1,0,1,0,0,1,0,1,0,0,1,0,0,0,0,0,0,0,0,0,0,0,0,0,0,1,0,0,1,0,0,30,7,2,12.0,4,11.0,3,5,6,7,3,3,6,2,7,1,1,1,0,0,0,0,1,0,0,0,300700.0
a007180,2,1,0,1,0,0,1,1,0,0,0,0,0,0,0,0,0,0,0,0,0,0,1,0,1,0,0,1,0,1,0,1,0,0,1,1,0,0,0,0,0,0,0,0,0,0,0,0,0,0,1,0,1,0,0,1,0,1,20,6,1,2.0,4,7.49660441426146,2,4,1,1,5,4,5,7,6,1,1,1,1,0,0,0,0,0,0,0,494600.0
a006449,2,0,0,0,1,0,0,1,0,0,0,0,0,0,0,0,0,0,0,0,0,0,1,0,0,0,0,0,0,0,0,0,1,0,0,1,0,0,0,0,0,0,0,0,0,0,0,0,0,0,1,0,0,0,0,0,0,1,30,6,2,1.0,6,11.0,3,3,2,1,1,4,4,3,4,1,1,0,1,0,0,0,1,0,0,0,1664400.0
a017989,2,0,1,0,0,0,0,0,0,0,0,0,0,0,0,0,0,0,0,0,0,1,1,0,1,0,1,0,0,0,1,0,0,0,0,0,0,0,0,0,0,0,0,0,0,0,0,0,0,1,1,0,1,0,1,0,0,1,30,6,2,4.0,4,7.0,2,1,1,1,5,2,5,1,7,1,1,0,1,0,1,0,0,0,0,0,42200.0
a005643,2,0,0,0,0,0,0,0,0,0,0,0,0,0,0,0,0,0,0,0,0,1,1,0,0,0,0,0,1,0,0,0,0,0,0,0,0,0,0,0,0,0,0,0,0,0,0,0,0,1,1,0,0,0,0,0,1,1,30,6,4,2.0,5,8.0,1,4,4,5,6,7,5,2,7,3,0,0,1,0,1,0,0,0,0,1,134000.0
a005675,2,1,0,0,0,0,0,0,0,0,0,0,0,0,0,0,0,0,0,0,0,0,0,0,0,1,0,0,0,1,0,0,0,0,0,0,0,0,0,0,0,0,0,0,0,0,0,0,0,0,0,0,0,1,0,0,0,0,30,6,3,2.0,6,6.0,2,1,1,1,1,7,7,1,4,2,0,1,1,0,0,0,0,0,0,0,11100.0
a001295,3,0,1,0,0,1,1,0,0,0,1,0,0,0,0,0,0,0,0,0,0,0,1,0,0,0,0,0,0,0,1,0,0,1,1,0,0,0,1,0,0,0,0,0,0,0,0,0,0,0,1,0,0,0,0,0,0,0,30,6,4,2.0,7,8.0,2,2,2,3,2,2,4,5,5,3,1,1,1,0,0,0,0,0,0,0,306900.0
a007333,2,0,0,0,0,0,1,0,0,1,0,0,0,0,0,0,0,0,0,0,0,0,1,0,0,0,0,0,0,0,0,0,0,0,1,0,0,1,0,0,0,0,0,0,0,0,0,0,0,0,1,0,0,0,0,0,0,0,60,6,3,2.0,5,9.0,2,3,2,3,3,6,3,3,6,1,0,1,1,0,0,0,1,0,0,0,71400.0
a005992,2,0,1,0,0,0,0,0,0,0,0,0,0,0,0,0,0,0,0,0,0,0,0,0,0,0,0,0,0,0,1,0,0,0,0,0,0,0,0,0,0,0,0,0,0,0,0,0,0,0,0,0,0,0,0,0,0,1,30,6,4,3.0,5,8.0,3,3,3,4,3,3,5,5,3,1,1,1,1,0,0,0,0,0,0,0,175900.0
a014856,2,0,0,0,0,0,0,0,0,0,0,0,0,0,0,0,0,0,0,0,0,1,1,0,0,0,1,1,0,0,0,0,0,0,0,0,0,0,0,0,0,0,0,0,0,0,0,0,0,1,1,0,0,0,1,1,0,0,30,6,2,2.0,5,5.0,3,5,3,3,4,3,6,5,5,0,1,1,0,0,0,0,1,0,0,0,243060.0
a006352,2,0,0,0,1,0,0,0,0,0,0,0,0,0,0,0,0,0,0,0,0,1,1,0,1,1,0,0,0,0,0,0,1,0,0,0,0,0,0,0,0,0,0,0,0,0,0,0,0,1,1,0,1,1,0,0,0,1,30,7,2,2.0,3,5.0,3,1,1,1,4,4,1,7,7,2,1,1,1,0,0,0,0,0,0,0,116000.0
a004909,2,0,0,0,0,0,0,0,0,0,0,0,0,0,0,0,0,0,0,0,0,0,1,0,0,0,0,1,0,0,0,0,0,0,0,0,0,0,0,0,0,0,0,0,0,0,0,0,0,0,1,0,0,0,0,1,0,1,20,6,3,2.0,4,6.0,2,1,4,6,2,1,1,7,7,2,1,1,0,0,0,0,0,0,0,1,65600.0
a001123,3,1,0,0,0,0,0,0,1,0,0,0,0,0,0,0,0,0,0,0,0,0,1,0,1,0,1,0,0,1,0,0,0,0,0,0,1,0,0,0,0,0,0,0,0,0,0,0,0,0,1,0,1,0,1,0,0,1,30,6,3,3.0,6,10.0,3,4,4,5,2,2,6,6,6,7,1,0,1,0,0,0,0,0,0,0,526000.0
a002679,3,1,1,0,0,0,0,0,0,0,0,0,0,0,0,0,0,0,0,0,0,0,0,0,0,0,0,0,0,1,1,0,0,0,0,0,0,0,0,0,0,0,0,0,0,0,0,0,0,0,0,0,0,0,0,0,0,1,30,7,4,2.0,6,12.0,2,5,6,6,5,5,4,4,5,1,0,1,1,0,0,0,0,0,0,0,1223400.0
a012127,2,1,0,1,0,0,1,0,0,0,0,0,0,0,0,0,0,0,0,0,0,1,1,0,0,0,0,0,0,1,0,1,0,0,1,0,0,0,0,0,0,0,0,0,0,0,0,0,0,1,1,0,0,0,0,0,0,1,20,6,4,3.0,4,11.0,3,3,5,1,4,3,3,1,5,0,1,1,0,0,0,0,1,0,0,0,68150.0
a017687,2,0,0,1,0,0,0,0,0,0,0,0,0,0,0,0,0,0,0,0,0,1,1,0,0,0,0,0,0,0,0,1,0,0,0,0,0,0,0,0,0,0,0,0,0,0,0,0,0,1,1,0,0,0,0,0,0,1,50,6,4,11.0,1,12.0,2,1,4,4,2,1,4,4,4,1,1,0,0,0,0,0,1,1,0,0,50000.0
a010237,3,0,1,0,0,0,0,0,0,0,0,0,0,0,0,0,0,0,0,0,0,0,0,1,0,0,0,0,0,0,1,0,0,0,0,0,0,0,0,0,0,0,0,0,0,0,0,0,0,0,0,1,0,0,0,0,0,1,30,6,3,4.0,4,8.0,3,2,2,2,1,3,6,2,6,2,1,0,1,0,0,0,0,0,1,0,1718700.0
a006232,2,0,0,1,0,1,1,0,0,0,0,0,0,0,0,0,0,0,0,0,0,1,1,0,1,0,1,1,0,0,0,1,0,1,1,0,0,0,0,0,0,0,0,0,0,0,0,0,0,1,1,0,1,0,1,1,0,0,20,6,2,12.0,3,8.0,2,2,2,1,6,3,2,6,2,1,0,0,1,0,1,0,1,0,0,0,72000.0
a013608,3,1,0,0,0,0,0,0,0,0,0,0,0,0,0,0,0,0,0,0,0,0,0,0,0,0,0,0,0,1,0,0,0,0,0,0,0,0,0,0,0,0,0,0,0,0,0,0,0,0,0,0,0,0,0,0,0,0,30,6,2,3.0,2,3.0,3,4,4,4,4,4,4,7,2,1,1,1,0,0,0,0,0,0,0,1,911500.0
a007167,2,0,0,0,1,0,0,0,0,1,0,0,0,0,0,0,0,0,0,0,0,0,1,0,1,0,0,0,0,0,0,0,1,0,0,0,0,1,0,0,0,0,0,0,0,0,0,0,0,0,1,0,1,0,0,0,0,0,20,6,1,12.0,1,7.49660441426146,2,4,4,4,4,4,4,4,4,1,1,1,1,0,0,0,0,0,0,0,145900.0
a012155,2,0,1,0,0,0,0,0,0,0,0,0,0,0,0,0,0,0,0,0,0,1,1,0,0,0,0,0,0,0,1,0,0,0,0,0,0,0,0,0,0,0,0,0,0,0,0,0,0,1,1,0,0,0,0,0,0,1,20,5,4,2.0,4,9.0,3,2,2,2,2,6,3,2,4,1,1,1,1,0,0,0,0,0,0,0,105800.0
a017831,2,0,0,0,1,0,0,0,0,0,0,0,0,0,0,0,0,0,0,0,0,1,1,0,1,0,1,0,0,0,0,0,1,0,0,0,0,0,0,0,0,0,0,0,0,0,0,0,0,1,1,0,1,0,1,0,0,1,20,6,4,13.0,4,7.0,3,1,1,1,3,6,3,3,5,1,1,1,1,0,0,0,0,0,0,0,57600.0
a007408,2,0,1,0,0,0,1,0,0,0,0,0,0,0,0,0,0,0,0,0,0,0,1,0,0,0,0,0,0,0,1,0,0,0,1,0,0,0,0,0,0,0,0,0,0,0,0,0,0,0,1,0,0,0,0,0,0,1,20,6,3,3.0,2,5.0,3,6,2,2,2,2,5,3,6,0,1,1,0,0,0,0,1,0,0,0,325850.0
a001079,3,0,0,1,0,0,0,0,0,0,0,0,0,0,0,0,0,0,0,0,0,1,0,1,0,0,1,0,1,0,0,1,0,0,0,0,0,0,0,0,0,0,0,0,0,0,0,0,0,1,0,1,0,0,1,0,1,0,20,6,1,9.0,2,7.49660441426146,4,2,2,2,5,6,3,5,3,0,1,0,0,0,0,0,1,1,0,0,43080.0
a000891,2,0,0,0,0,0,0,0,0,0,0,0,1,0,0,0,0,0,0,0,0,0,1,0,1,0,1,0,0,0,0,0,0,0,0,0,0,0,0,0,1,0,0,0,0,0,0,0,0,0,1,0,1,0,1,0,0,0,20,6,4,2.0,4,7.0,2,2,1,1,2,4,2,1,4,1,0,0,1,0,0,0,1,1,0,0,272500.0
a006457,2,0,0,0,0,0,1,0,0,0,0,0,0,0,0,0,0,0,0,0,0,0,1,0,0,0,0,0,0,0,0,0,0,0,1,0,0,0,0,0,0,0,0,0,0,0,0,0,0,0,1,0,0,0,0,0,0,1,40,4,1,3.0,4,7.49660441426146,2,2,2,2,2,3,2,5,6,1,1,1,0,0,0,0,1,0,0,0,837400.0
a007309,2,0,0,0,1,1,0,0,0,0,1,0,0,0,0,0,0,0,0,0,0,1,1,0,0,0,1,0,0,0,0,0,1,1,0,0,0,0,1,0,0,0,0,0,0,0,0,0,0,1,1,0,0,0,1,0,0,1,40,7,1,2.0,5,7.49660441426146,3,2,2,4,2,2,6,2,2,1,1,1,0,0,0,1,0,0,0,0,115600.0
a006557,2,1,0,0,0,0,0,1,0,0,0,0,0,0,0,0,0,0,0,0,0,1,0,0,0,0,0,0,0,1,0,0,0,0,0,1,0,0,0,0,0,0,0,0,0,0,0,0,0,1,0,0,0,0,0,0,0,0,20,6,1,12.0,1,7.49660441426146,3,7,1,2,4,3,5,6,3,0,1,1,0,0,1,0,0,0,0,0,7700.0
a010010,2,1,1,1,1,1,1,1,0,1,1,1,1,1,0,0,0,0,0,0,0,1,1,1,1,0,1,1,1,1,1,1,1,1,1,1,0,1,1,1,1,1,0,0,0,0,0,0,0,1,1,1,1,0,1,1,1,1,30,6,4,3.0,7,7.0,1,4,4,4,4,4,4,4,4,0,0,0,0,0,1,0,1,1,0,0,9000.0
a001311,3,0,1,0,0,0,1,0,0,0,0,0,1,0,0,0,0,0,0,0,0,0,1,0,0,0,0,0,1,0,1,0,0,0,1,0,0,0,0,0,1,0,0,0,0,0,0,0,0,0,1,0,0,0,0,0,1,0,20,4,2,4.0,1,9.0,3,1,1,3,2,2,7,6,3,1,1,1,1,0,0,0,0,0,0,0,436660.0
a007609,2,0,1,0,0,0,0,0,0,0,0,0,0,0,0,0,0,0,0,0,0,0,0,0,0,0,0,0,0,0,1,0,0,0,0,0,0,0,0,0,0,0,0,0,0,0,0,0,0,0,0,0,0,0,0,0,0,1,50,6,3,3.0,5,8.0,2,2,2,2,4,6,2,6,6,1,0,0,1,0,1,0,1,0,0,0,160700.0
a017943,2,1,0,0,0,0,1,0,0,0,0,0,0,0,0,0,0,0,0,0,0,0,1,0,0,0,0,0,0,1,0,0,0,0,1,0,0,0,0,0,0,0,0,0,0,0,0,0,0,0,1,0,0,0,0,0,0,1,30,6,2,2.0,5,11.0,2,2,5,1,6,2,6,7,7,1,1,1,1,0,0,0,0,0,0,0,228500.0
a018126,2,1,0,0,0,0,0,0,0,0,0,0,0,0,0,0,0,0,0,0,0,0,0,0,0,0,0,0,0,1,0,0,0,0,0,0,0,0,0,0,0,0,0,0,0,0,0,0,0,0,0,0,0,0,0,0,0,1,20,6,1,12.0,2,7.49660441426146,3,4,6,7,3,6,6,6,3,0,1,1,0,0,0,0,1,0,0,0,78600.0
a014164,2,1,0,1,0,0,1,0,0,0,0,0,0,0,0,0,0,0,0,0,0,0,1,0,0,0,0,1,0,1,0,1,0,0,1,0,0,0,0,0,0,0,0,0,0,0,0,0,0,0,1,0,0,0,0,1,0,0,60,6,4,1.0,5,5.0,2,4,4,3,3,5,4,3,6,3,1,0,1,0,0,0,0,1,0,0,220400.0
a006835,2,0,1,1,0,0,1,0,0,0,0,0,0,0,0,0,0,0,0,0,0,0,0,0,0,0,0,1,0,0,1,1,0,0,1,0,0,0,0,0,0,0,0,0,0,0,0,0,0,0,0,0,0,0,0,1,0,0,20,6,3,12.0,1,9.0,3,1,4,5,6,1,4,5,1,0,1,1,0,0,0,1,0,0,0,0,6500.0
a009424,2,1,0,0,1,0,0,0,0,0,0,0,0,0,0,0,0,0,0,0,0,0,0,0,0,0,0,0,0,1,0,0,1,0,0,0,0,0,0,0,0,0,0,0,0,0,0,0,0,0,0,0,0,0,0,0,0,1,20,6,1,2.0,4,7.49660441426146,3,6,2,4,2,1,6,6,6,1,1,0,1,0,0,0,1,0,0,0,65900.0
a006709,2,0,0,0,0,0,0,0,0,0,0,0,0,0,0,0,0,0,0,0,0,0,1,0,0,0,0,0,0,0,0,0,0,0,0,0,0,0,0,0,0,0,0,0,0,0,0,0,0,0,1,0,0,0,0,0,0,1,40,6,3,3.0,5,9.0,2,1,4,5,4,3,3,6,2,2,1,1,1,0,0,0,0,0,0,0,453600.0
a003430,3,0,0,0,0,0,0,0,0,0,1,0,0,0,0,0,0,0,0,0,0,0,1,0,1,0,1,1,0,0,0,0,0,0,0,0,0,0,1,0,0,0,0,0,0,0,0,0,0,0,1,0,1,0,1,1,0,0,30,5,1,7.0,6,7.49660441426146,3,3,1,1,2,2,4,7,3,1,1,1,0,0,0,0,0,0,1,0,1725300.0
a006679,2,0,0,0,0,0,0,0,0,0,0,0,0,0,0,0,0,0,0,0,0,0,1,0,0,0,1,0,1,0,0,0,0,0,0,0,0,0,0,0,0,0,0,0,0,0,0,0,0,0,1,0,0,0,1,0,1,0,20,5,1,12.0,2,7.49660441426146,2,2,1,1,1,1,7,6,7,0,1,0,0,0,0,0,1,1,0,0,281000.0
a012198,3,1,0,0,1,0,1,1,0,0,0,0,0,0,0,0,0,0,0,0,0,0,1,0,1,0,1,0,0,1,0,0,1,0,1,1,0,0,0,0,0,0,0,0,0,0,0,0,0,0,1,0,1,0,1,0,0,1,20,6,4,12.0,1,6.0,2,5,5,3,3,4,4,6,1,3,1,0,1,0,0,0,0,0,0,1,1726150.0
a003658,4,0,0,0,0,0,0,0,0,0,1,0,0,0,0,0,0,0,0,0,0,0,0,0,1,0,0,0,0,0,0,0,0,0,0,0,0,0,1,0,0,0,0,0,0,0,0,0,0,0,0,0,1,0,0,0,0,0,30,6,1,2.0,5,7.49660441426146,3,5,1,2,4,3,5,1,3,5,1,0,1,0,0,0,0,0,1,0,719020.0
a014920,2,0,0,1,0,0,0,0,0,0,0,0,0,1,0,0,0,0,0,0,0,0,0,0,0,0,1,0,1,0,0,1,0,0,0,0,0,0,0,0,0,1,0,0,0,0,0,0,0,0,0,0,0,0,1,0,1,1,40,6,3,3.0,9,12.0,2,6,3,3,4,5,5,2,6,5,0,0,1,0,1,0,0,1,0,0,10000.0
a004310,2,1,1,1,1,0,1,0,0,0,0,0,0,0,0,0,0,0,0,0,0,0,0,0,0,0,0,0,0,1,1,1,1,0,1,0,0,0,0,0,0,0,0,0,0,0,0,0,0,0,0,0,0,0,0,0,0,0,20,6,2,8.0,6,6.0,3,6,1,3,6,5,6,1,7,0,1,0,0,0,0,0,1,1,0,0,55400.0
a002196,2,0,1,1,0,1,0,0,0,0,0,0,0,0,0,0,0,0,0,0,0,0,1,0,0,0,0,0,0,0,1,1,0,1,0,0,0,0,0,0,0,0,0,0,0,0,0,0,0,0,1,0,0,0,0,0,0,1,30,6,1,3.0,4,7.49660441426146,3,6,7,2,2,2,5,6,3,0,1,0,0,0,0,0,1,1,0,0,24800.0
a014657,3,0,0,0,0,0,0,1,0,0,0,0,0,0,0,0,0,0,0,0,0,0,1,0,0,0,1,0,0,0,0,0,0,0,0,1,0,0,0,0,0,0,0,0,0,0,0,0,0,0,1,0,0,0,1,0,0,1,30,6,4,3.0,5,9.0,2,2,3,6,6,6,3,3,2,1,1,1,0,0,1,0,0,0,0,0,321600.0
a002121,3,1,0,0,1,0,1,0,0,0,0,0,0,0,0,0,0,0,0,0,0,0,0,0,0,0,0,0,0,1,0,0,1,0,1,0,0,0,0,0,0,0,0,0,0,0,0,0,0,0,0,0,0,0,0,0,0,1,20,6,2,2.0,4,5.0,3,4,3,1,4,4,5,2,4,1,1,0,1,0,0,0,1,0,0,0,1816578.0
a004211,5,0,0,1,1,0,1,0,0,0,0,0,0,0,0,0,0,0,0,0,0,0,0,0,0,0,0,0,0,0,0,1,1,0,1,0,0,0,0,0,0,0,0,0,0,0,0,0,0,0,0,0,0,0,0,0,0,1,20,6,5,12.0,1,10.0,2,4,2,1,7,7,5,1,7,1,1,1,0,1,0,0,0,0,0,0,557900.0
a002567,3,0,0,0,0,0,0,0,1,0,0,0,0,0,0,0,0,0,0,0,0,0,0,0,0,0,0,0,0,0,0,0,0,0,0,0,1,0,0,0,0,0,0,0,0,0,0,0,0,0,0,0,0,0,0,0,0,1,40,6,3,2.0,1,5.0,4,4,1,2,2,3,3,1,6,2,0,1,1,0,0,0,0,0,0,1,443280.0
a010138,2,0,0,0,1,0,0,0,0,0,0,0,0,0,0,0,0,0,0,0,0,0,1,0,0,0,1,0,0,0,0,0,1,0,0,0,0,0,0,0,0,0,0,0,0,0,0,0,0,0,1,0,0,0,1,0,0,1,20,6,1,10.0,4,7.49660441426146,3,4,3,2,2,3,5,5,6,0,1,1,0,0,1,0,0,0,0,0,117850.0
a003006,3,1,0,0,0,0,0,0,0,0,0,1,1,0,0,0,0,0,0,0,0,0,0,0,1,0,0,1,0,1,0,0,0,0,0,0,0,0,0,1,1,0,0,0,0,0,0,0,0,0,0,0,1,0,0,1,0,1,40,6,3,3.0,4,7.0,3,2,4,4,5,4,4,2,2,0,0,0,0,1,0,0,1,1,0,0,140600.0
a003778,2,1,0,1,0,0,0,0,0,0,0,0,1,0,0,0,0,0,0,0,0,0,0,0,0,0,0,0,0,1,0,1,0,0,0,0,0,0,0,0,1,0,0,0,0,0,0,0,0,0,0,0,0,0,0,0,0,0,20,6,3,3.0,5,7.0,3,3,2,2,5,2,5,5,3,0,1,1,0,0,0,0,1,0,0,0,78500.0
a001957,4,1,0,0,0,0,0,0,0,0,0,0,0,0,0,0,0,0,0,0,0,0,1,0,0,1,0,0,0,1,0,0,0,0,0,0,0,0,0,0,0,0,0,0,0,0,0,0,0,0,1,0,0,1,0,0,0,0,30,7,3,2.0,4,6.0,3,3,5,5,5,2,3,5,4,2,1,1,1,0,0,0,0,0,0,0,22600.0
a017684,2,1,0,0,0,0,0,0,0,0,0,0,0,0,0,0,0,0,0,0,0,0,0,0,0,0,0,0,0,1,0,0,0,0,0,0,0,0,0,0,0,0,0,0,0,0,0,0,0,0,0,0,0,0,0,0,0,0,50,6,4,2.0,5,5.0,2,3,2,4,3,4,4,4,4,1,0,1,1,0,0,0,0,0,0,0,390000.0
a001753,3,0,1,0,0,0,1,0,0,0,0,0,0,0,0,0,0,0,0,0,0,0,1,1,0,0,0,0,0,0,1,0,0,0,1,0,0,0,0,0,0,0,0,0,0,0,0,0,0,0,1,1,0,0,0,0,0,0,40,6,4,3.0,5,7.0,2,1,4,1,3,2,6,3,2,1,0,0,0,0,0,0,1,0,0,0,950400.0
a006822,2,1,1,1,1,1,0,0,0,0,0,0,0,0,0,0,0,0,0,0,0,0,0,0,0,0,0,0,0,1,1,1,1,1,0,0,0,0,0,0,0,0,0,0,0,0,0,0,0,0,0,0,0,0,0,0,0,1,20,6,1,2.0,6,7.49660441426146,3,3,3,1,3,6,2,7,6,0,1,1,0,0,0,0,1,0,0,0,42000.0
a006748,2,1,0,0,0,0,0,0,0,0,0,0,0,0,0,0,0,0,0,0,0,0,1,1,1,0,1,0,0,1,0,0,0,0,0,0,0,0,0,0,0,0,0,0,0,0,0,0,0,0,1,1,1,0,1,0,0,1,20,5,5,2.0,4,9.0,3,6,6,3,1,2,6,2,6,0,1,0,0,1,0,0,1,0,0,0,55950.0
a007272,2,1,0,0,0,0,0,0,0,0,0,0,0,0,0,0,0,0,0,0,0,0,0,0,0,0,0,0,0,1,0,0,0,0,0,0,0,0,0,0,0,0,0,0,0,0,0,0,0,0,0,0,0,0,0,0,0,0,20,4,3,12.0,1,3.0,3,7,5,7,1,1,7,3,3,0,1,1,0,0,0,0,1,0,0,0,56400.0
a006685,2,0,0,0,1,0,0,0,0,0,0,0,0,0,0,0,0,0,0,0,0,0,0,0,0,0,0,0,0,0,0,0,1,0,0,0,0,0,0,0,0,0,0,0,0,0,0,0,0,0,0,0,0,0,0,0,0,1,30,5,2,3.0,4,7.0,3,1,1,7,5,1,1,5,2,1,0,0,0,0,0,0,0,0,0,1,595900.0
a007102,2,1,1,0,1,0,0,0,0,0,0,0,0,0,0,0,0,0,0,0,0,0,1,0,0,0,0,0,0,1,1,0,1,0,0,0,0,0,0,0,0,0,0,0,0,0,0,0,0,0,1,0,0,0,0,0,0,1,40,7,4,3.0,4,4.0,3,1,1,1,2,1,1,1,7,0,1,1,0,0,0,0,1,0,0,0,56050.0
a002760,3,0,1,0,0,0,0,0,0,0,0,0,0,0,0,0,0,0,0,0,0,1,1,0,0,0,0,0,0,0,1,0,0,0,0,0,0,0,0,0,0,0,0,0,0,0,0,0,0,1,1,0,0,0,0,0,0,1,20,5,3,2.0,4,12.0,3,1,4,2,6,6,3,6,6,1,1,1,1,0,0,0,0,0,0,0,780400.0
a003073,2,0,0,0,0,0,1,0,0,1,0,1,0,0,0,0,0,0,0,0,0,0,1,0,1,0,0,0,0,0,0,0,0,0,1,0,0,1,0,1,0,0,0,0,0,0,0,0,0,0,1,0,1,0,0,0,0,1,30,6,3,3.0,6,12.0,2,3,3,6,4,6,6,6,2,2,1,0,1,0,0,0,0,1,0,0,154200.0
a006290,2,0,0,0,0,1,1,0,0,0,0,0,0,0,0,0,0,0,0,0,0,0,0,0,0,0,0,0,0,0,0,0,0,1,1,0,0,0,0,0,0,0,0,0,0,0,0,0,0,0,0,0,0,0,0,0,0,0,50,7,1,2.0,4,7.49660441426146,3,2,4,2,6,4,3,3,2,0,0,0,0,0,0,1,0,0,0,0,20000.0
a003784,2,0,0,0,0,0,0,0,0,0,0,0,0,0,0,0,0,0,0,0,0,0,1,0,0,0,0,1,0,0,0,0,0,0,0,0,0,0,0,0,0,0,0,0,0,0,0,0,0,0,1,0,0,0,0,1,0,1,40,6,4,3.0,4,4.0,2,4,4,4,4,4,4,5,6,6,1,1,0,0,0,1,0,0,0,0,319300.0
a017945,2,0,1,0,0,0,0,0,0,0,0,0,0,0,0,0,0,0,0,0,0,0,1,0,0,0,1,0,0,0,1,0,0,0,0,0,0,0,0,0,0,0,0,0,0,0,0,0,0,0,1,0,0,0,1,0,0,1,20,7,1,2.0,4,7.49660441426146,2,1,2,2,1,3,3,6,5,1,1,1,0,0,1,0,0,0,0,0,98000.0
a003576,2,1,1,0,1,0,1,0,0,0,0,0,0,0,0,0,0,0,0,0,0,0,0,0,0,0,1,0,0,1,1,0,1,0,1,0,0,0,0,0,0,0,0,0,0,0,0,0,0,0,0,0,0,0,1,0,0,1,20,6,5,3.0,4,9.0,2,7,7,5,1,5,5,3,3,0,0,1,0,0,1,0,1,0,0,0,70900.0
a004862,3,0,1,1,0,0,1,0,0,0,0,0,0,0,0,0,0,0,0,0,0,0,1,0,0,0,0,0,0,0,1,1,0,0,1,0,0,0,0,0,0,0,0,0,0,0,0,0,0,0,1,0,0,0,0,0,0,0,20,8,3,13.0,1,2.0,2,2,2,2,2,4,4,6,2,1,0,0,1,0,0,0,0,0,0,0,1001600.0
a006778,2,0,0,0,0,1,0,0,1,0,0,1,0,0,0,0,0,0,0,0,0,0,1,0,1,0,0,0,0,0,0,0,0,1,0,0,1,0,0,1,0,0,0,0,0,0,0,0,0,0,1,0,1,0,0,0,0,0,30,6,4,2.0,11,12.0,2,2,4,1,1,3,1,1,7,9,1,0,1,0,0,0,1,0,0,0,50000.0
a005424,3,1,0,0,1,0,1,0,0,0,0,1,0,0,0,0,0,0,0,0,0,1,0,0,0,0,0,0,0,1,0,0,1,0,1,0,0,0,0,1,0,0,0,0,0,0,0,0,0,1,0,0,0,0,0,0,0,1,60,6,3,3.0,3,5.0,3,2,6,3,4,2,5,6,5,1,1,1,1,0,0,0,0,0,0,0,176000.0
a000509,3,0,0,0,1,0,0,0,0,0,0,0,0,0,0,0,0,0,0,0,0,1,0,1,0,0,0,0,0,0,0,0,1,0,0,0,0,0,0,0,0,0,0,0,0,0,0,0,0,1,0,1,0,0,0,0,0,0,30,6,4,2.0,6,9.0,3,4,2,3,3,1,3,3,3,0,1,1,0,1,0,0,0,0,0,0,563900.0
a002727,3,0,0,1,1,0,0,0,0,0,0,0,0,0,0,0,0,0,0,0,0,0,0,0,0,0,0,0,0,0,0,1,1,0,0,0,0,0,0,0,0,0,0,0,0,0,0,0,0,0,0,0,0,0,0,0,0,1,40,5,1,2.0,8,7.49660441426146,3,1,2,1,1,7,1,6,7,0,1,1,0,1,0,0,0,0,0,0,169400.0
a005287,2,1,0,1,0,0,0,0,0,0,0,0,0,0,0,0,0,0,0,0,0,1,1,0,0,0,1,0,0,1,0,1,0,0,0,0,0,0,0,0,0,0,0,0,0,0,0,0,0,1,1,0,0,0,1,0,0,0,50,6,4,3.0,4,5.0,3,2,2,2,2,3,3,3,3,1,1,0,1,0,0,0,0,1,0,0,382780.0
a000215,2,0,0,0,0,0,0,0,0,0,0,0,0,0,0,0,0,0,0,0,0,0,0,0,0,0,0,1,0,0,0,0,0,0,0,0,0,0,0,0,0,0,0,0,0,0,0,0,0,0,0,0,0,0,0,1,0,0,40,8,4,3.0,9,12.0,2,1,2,3,5,6,2,3,7,0,0,1,0,0,0,1,0,0,0,0,418700.0
a001895,2,1,1,0,0,0,0,0,0,0,0,0,0,0,0,0,0,0,0,0,0,1,1,0,0,0,1,0,0,1,1,0,0,0,0,0,0,0,0,0,0,0,0,0,0,0,0,0,0,1,1,0,0,0,1,0,0,1,30,7,1,2.0,5,7.49660441426146,3,3,2,5,5,2,4,6,7,1,1,0,0,1,1,0,0,0,0,0,112700.0
a018189,2,1,0,0,0,0,0,0,0,0,0,0,0,0,0,0,0,0,0,0,0,0,0,0,0,0,0,0,0,1,0,0,0,0,0,0,0,0,0,0,0,0,0,0,0,0,0,0,0,0,0,0,0,0,0,0,0,0,20,6,1,4.0,2,7.49660441426146,3,2,2,3,3,3,3,2,1,0,1,1,0,1,0,0,0,0,0,0,16000.0
a012494,4,0,0,0,1,0,1,0,0,1,0,0,1,0,0,0,0,0,0,0,0,1,0,0,0,0,0,0,0,0,0,0,1,0,1,0,0,1,0,0,1,0,0,0,0,0,0,0,0,1,0,0,0,0,0,0,0,0,30,6,2,7.0,2,3.0,2,4,4,2,6,4,4,5,3,0,1,1,0,0,0,0,1,0,0,0,71800.0
a004982,3,1,0,0,1,0,0,0,0,0,0,0,0,0,0,0,0,0,0,0,0,0,0,0,0,0,0,0,0,1,0,0,1,0,0,0,0,0,0,0,0,0,0,0,0,0,0,0,0,0,0,0,0,0,0,0,0,0,30,4,1,3.0,4,7.49660441426146,3,4,4,1,4,4,4,3,4,0,1,0,0,0,0,0,0,0,0,0,191320.0
a018070,2,1,0,0,0,0,0,0,0,0,0,0,0,0,0,0,0,0,0,0,0,0,1,0,0,0,0,0,0,1,0,0,0,0,0,0,0,0,0,0,0,0,0,0,0,0,0,0,0,0,1,0,0,0,0,0,0,1,20,6,1,3.0,5,7.49660441426146,3,3,2,3,2,2,3,2,6,1,1,0,1,0,1,0,0,0,0,0,89200.0
a010192,2,0,0,0,0,0,0,0,0,0,0,1,0,0,0,0,0,0,0,0,0,0,1,0,1,0,0,0,0,0,0,0,0,0,0,0,0,0,0,1,0,0,0,0,0,0,0,0,0,0,1,0,1,0,0,0,0,1,20,6,3,12.0,3,5.0,3,6,6,7,2,4,6,6,3,0,1,1,0,0,0,0,0,1,0,0,99800.0
a008211,4,1,0,0,1,0,1,0,0,0,0,0,0,0,0,0,0,0,0,0,0,0,0,0,0,0,0,1,0,1,0,0,1,0,1,0,0,0,0,0,0,0,0,0,0,0,0,0,0,0,0,0,0,0,0,1,0,0,30,6,1,2.0,2,7.49660441426146,3,5,2,2,5,2,7,7,1,0,0,0,0,0,0,0,1,0,0,0,189500.0
a002835,3,0,1,0,1,0,0,0,0,0,0,0,0,0,0,0,0,0,0,0,0,0,1,0,0,0,0,0,1,0,1,0,1,0,0,0,0,0,0,0,0,0,0,0,0,0,0,0,0,0,1,0,0,0,0,0,1,0,30,6,3,2.0,6,9.0,2,2,3,1,2,4,1,6,6,4,0,1,1,0,0,0,1,0,0,0,1476860.0
a005698,3,0,0,0,0,0,0,0,1,1,0,0,1,0,0,0,0,0,0,0,0,0,0,0,0,0,0,0,1,0,0,0,0,0,0,0,1,1,0,0,1,0,0,0,0,0,0,0,0,0,0,0,0,0,0,0,1,0,30,5,3,7.0,4,7.0,3,2,2,1,5,6,2,6,2,0,0,1,0,1,0,1,0,0,0,0,260590.0
a002493,3,1,1,0,1,0,1,0,0,1,0,0,0,0,0,0,0,0,0,0,0,0,0,0,0,0,0,0,0,1,1,0,1,0,1,0,0,1,0,0,0,0,0,0,0,0,0,0,0,0,0,0,0,0,0,0,0,0,20,7,4,13.0,5,7.0,2,2,5,1,4,4,3,2,6,0,1,0,0,0,0,0,1,1,0,0,1604050.0
a004937,2,1,1,0,0,0,0,0,0,0,0,1,0,0,0,0,0,0,0,0,0,1,0,0,0,0,0,0,0,1,1,0,0,0,0,0,0,0,0,1,0,0,0,0,0,0,0,0,0,1,0,0,0,0,0,0,0,1,30,6,4,2.0,1,5.0,2,1,6,2,4,5,3,5,6,3,1,1,1,0,0,0,0,0,0,0,59600.0
a007013,2,0,1,0,0,0,0,0,0,0,0,0,0,0,0,0,0,0,0,0,0,0,1,0,1,0,0,0,0,0,1,0,0,0,0,0,0,0,0,0,0,0,0,0,0,0,0,0,0,0,1,0,1,0,0,0,0,0,30,7,2,2.0,6,7.0,2,6,2,1,3,5,3,5,6,1,1,0,1,0,0,0,1,0,0,0,103800.0
a005606,2,0,0,0,0,0,0,0,0,0,0,0,0,0,0,0,0,0,0,0,0,0,1,0,0,0,0,0,0,0,0,0,0,0,0,0,0,0,0,0,0,0,0,0,0,0,0,0,0,0,1,0,0,0,0,0,0,1,30,7,3,2.0,5,7.0,2,2,2,5,1,2,3,3,7,2,0,0,1,0,1,0,0,0,1,0,91500.0
a007595,2,1,0,0,1,0,0,0,0,0,0,0,0,0,0,0,0,0,0,0,0,0,0,0,0,0,0,0,0,1,0,0,1,0,0,0,0,0,0,0,0,0,0,0,0,0,0,0,0,0,0,0,0,0,0,0,0,0,30,6,3,4.0,4,7.0,2,5,1,3,2,1,4,3,3,1,1,1,1,0,0,0,0,0,0,0,7000.0
a003257,2,1,0,0,0,0,0,0,0,0,1,0,0,0,0,0,0,0,0,0,0,0,1,0,0,0,0,0,0,1,0,0,0,0,0,0,0,0,1,0,0,0,0,0,0,0,0,0,0,0,1,0,0,0,0,0,0,1,20,4,6,3.0,3,6.0,2,4,1,4,6,2,6,1,2,0,1,1,0,0,0,1,0,0,0,0,137300.0
a010431,3,0,0,1,1,0,0,0,0,0,0,0,0,0,0,0,0,0,0,0,0,0,1,0,1,0,0,0,0,0,0,1,1,0,0,0,0,0,0,0,0,0,0,0,0,0,0,0,0,0,1,0,1,0,0,0,0,0,30,6,3,3.0,5,9.0,4,4,5,2,5,3,4,2,7,0,1,1,0,0,0,0,0,1,0,0,86500.0
a006375,2,0,1,0,0,0,0,0,0,0,0,0,0,0,0,0,0,0,0,0,0,1,1,0,0,0,0,0,0,0,1,0,0,0,0,0,0,0,0,0,0,0,0,0,0,0,0,0,0,1,1,0,0,0,0,0,0,1,30,6,2,3.0,4,7.0,2,4,5,2,4,5,6,5,6,1,1,1,1,0,0,0,0,0,0,0,270000.0
a000266,3,1,0,0,1,1,0,0,0,0,0,1,0,0,0,0,0,0,0,0,0,1,0,0,0,0,0,0,0,1,0,0,1,1,0,0,0,0,0,1,0,0,0,0,0,0,0,0,0,1,0,0,0,0,0,0,0,1,30,6,3,9.0,1,4.0,3,4,5,4,4,5,5,4,6,2,0,1,1,0,0,1,0,0,0,0,420200.0
a001709,3,1,0,0,1,0,1,0,0,0,0,1,0,0,0,0,0,0,0,0,0,0,0,0,1,0,0,0,0,1,0,0,1,0,1,0,0,0,0,1,0,0,0,0,0,0,0,0,0,0,0,0,1,0,0,0,0,0,30,6,2,3.0,5,6.0,3,4,1,4,3,4,4,2,1,0,1,0,0,0,0,0,1,1,0,0,945600.0
a007919,2,0,0,1,1,0,0,0,0,0,0,0,0,0,0,0,0,0,0,0,0,1,1,0,0,0,0,0,0,0,0,1,1,0,0,0,0,0,0,0,0,0,0,0,0,0,0,0,0,1,1,0,0,0,0,0,0,0,30,6,1,3.0,4,7.49660441426146,3,6,2,6,4,2,3,6,3,0,0,0,0,0,0,1,1,1,0,0,65700.0
a005568,3,1,0,1,1,0,0,0,0,1,0,0,0,0,0,0,0,0,0,0,0,0,0,0,0,0,0,0,0,1,0,1,1,0,0,0,0,1,0,0,0,0,0,0,0,0,0,0,0,0,0,0,0,0,0,0,0,0,30,6,2,2.0,12,12.0,2,2,5,2,2,4,5,3,5,1,0,1,1,0,0,0,0,1,0,0,1505415.0
a005232,2,0,1,0,0,0,0,0,0,0,0,0,0,0,0,0,0,0,0,0,0,0,1,0,0,0,0,0,0,0,1,0,0,0,0,0,0,0,0,0,0,0,0,0,0,0,0,0,0,0,1,0,0,0,0,0,0,1,30,6,3,3.0,4,7.0,2,4,7,1,7,4,7,1,7,2,1,1,1,0,0,0,0,0,0,0,135400.0
a007157,2,1,0,0,1,0,0,0,0,0,0,0,0,0,0,0,0,0,0,0,0,0,1,0,1,0,1,0,0,1,0,0,1,0,0,0,0,0,0,0,0,0,0,0,0,0,0,0,0,0,1,0,1,0,1,0,0,0,40,6,4,2.0,7,7.0,1,1,7,1,1,1,1,1,1,1,0,1,1,1,0,0,0,0,0,0,314600.0
a017704,2,1,0,0,1,0,1,1,0,0,0,0,0,0,0,0,0,0,0,0,0,1,0,0,0,0,0,0,0,1,0,0,1,0,1,1,0,0,0,0,0,0,0,0,0,0,0,0,0,1,0,0,0,0,0,0,0,1,40,5,3,2.0,2,5.0,3,2,4,2,4,4,4,4,5,2,1,0,1,0,0,0,1,0,0,0,65700.0
a003077,2,0,0,1,0,0,1,0,0,1,0,0,1,0,0,0,0,0,0,0,0,0,0,0,0,0,0,0,0,0,0,1,0,0,1,0,0,1,0,0,1,0,0,0,0,0,0,0,0,0,0,0,0,0,0,0,0,1,40,6,3,3.0,5,12.0,3,2,2,2,3,5,3,3,3,2,0,0,1,0,0,0,1,1,0,0,140500.0
a002824,2,0,0,0,1,0,1,0,0,0,0,0,0,0,0,0,0,0,0,0,0,0,1,0,1,0,0,0,0,0,0,0,1,0,1,0,0,0,0,0,0,0,0,0,0,0,0,0,0,0,1,0,1,0,0,0,0,1,20,6,1,3.0,3,7.49660441426146,2,2,2,1,3,3,2,6,5,1,1,0,1,1,0,0,0,0,0,0,395200.0
a007332,2,1,1,0,0,1,1,0,0,1,0,0,0,0,0,0,0,0,0,0,0,0,0,0,0,0,0,0,0,1,1,0,0,1,1,0,0,1,0,0,0,0,0,0,0,0,0,0,0,0,0,0,0,0,0,0,0,1,30,6,3,4.0,1,3.0,2,4,6,1,4,6,6,2,7,1,1,0,1,0,1,0,0,0,0,0,490800.0
a012183,2,1,1,0,0,0,0,0,0,0,0,0,0,0,0,0,0,0,0,0,0,1,0,0,1,0,0,1,0,1,1,0,0,0,0,0,0,0,0,0,0,0,0,0,0,0,0,0,0,1,0,0,1,0,0,1,0,1,30,5,3,3.0,4,6.0,3,1,4,1,4,4,3,3,6,1,0,0,1,1,0,0,0,1,0,0,81300.0
a005409,2,1,0,0,1,0,0,0,0,0,0,0,0,0,0,0,0,0,0,0,0,1,0,0,0,0,0,0,0,1,0,0,1,0,0,0,0,0,0,0,0,0,0,0,0,0,0,0,0,1,0,0,0,0,0,0,0,1,40,6,3,2.0,6,7.0,3,2,1,3,4,2,6,1,4,2,1,0,0,0,1,0,0,0,0,1,689200.0
a002853,3,0,1,1,0,0,1,0,0,1,0,0,0,0,0,0,0,0,0,0,0,0,0,0,0,0,0,1,0,0,1,1,0,0,1,0,0,1,0,0,0,0,0,0,0,0,0,0,0,0,0,0,0,0,0,1,0,0,50,6,4,3.0,9,10.0,2,1,1,1,2,7,7,1,7,1,1,0,0,0,1,0,1,0,0,0,971000.0
a005709,2,0,0,0,1,0,0,0,0,0,0,0,0,0,0,0,0,0,0,0,0,0,1,0,0,0,0,1,0,0,0,0,1,0,0,0,0,0,0,0,0,0,0,0,0,0,0,0,0,0,1,0,0,0,0,1,0,0,40,6,4,11.0,1,6.0,3,1,7,4,4,6,3,3,7,5,1,0,0,0,0,0,1,1,0,0,91600.0
a008108,3,0,0,0,0,0,0,0,0,0,0,0,0,0,0,0,0,0,0,0,0,0,1,0,0,0,0,0,0,0,0,0,0,0,0,0,0,0,0,0,0,0,0,0,0,0,0,0,0,0,1,0,0,0,0,0,0,1,50,6,4,3.0,4,8.0,3,1,1,1,1,1,2,2,6,1,1,1,1,0,0,0,0,0,0,0,157200.0
a007969,2,0,0,1,0,0,1,0,0,0,0,0,0,0,0,0,0,0,0,0,0,0,0,0,0,0,0,0,0,0,0,1,0,0,1,0,0,0,0,0,0,0,0,0,0,0,0,0,0,0,0,0,0,0,0,0,0,0,40,7,4,2.0,9,12.0,2,6,2,2,2,6,2,6,3,3,1,0,1,0,0,0,0,1,0,0,119500.0
a007890,2,1,0,0,0,0,0,0,0,1,0,0,0,0,0,0,0,0,0,0,0,0,1,0,0,0,0,0,1,1,0,0,0,0,0,0,0,1,0,0,0,0,0,0,0,0,0,0,0,0,1,0,0,0,0,0,1,1,30,6,2,3.0,5,9.0,3,2,2,2,2,2,6,6,6,1,0,1,1,0,0,0,0,0,0,0,159800.0
a002491,2,0,1,0,0,0,0,0,0,0,0,0,0,0,0,0,0,0,0,0,0,0,1,0,0,0,0,0,0,0,1,0,0,0,0,0,0,0,0,0,0,0,0,0,0,0,0,0,0,0,1,0,0,0,0,0,0,1,40,6,4,3.0,3,8.0,3,5,3,2,6,6,5,2,6,3,1,0,1,0,0,0,0,0,1,0,339800.0
a004603,2,0,1,0,0,0,0,0,0,0,0,0,0,0,0,0,0,0,0,0,0,1,1,0,1,0,1,0,0,0,1,0,0,0,0,0,0,0,0,0,0,0,0,0,0,0,0,0,0,1,1,0,1,0,1,0,0,1,30,4,1,13.0,4,7.49660441426146,3,4,4,4,5,5,5,5,6,1,0,0,1,0,1,0,1,0,0,0,44000.0
a006028,2,0,1,0,0,0,0,0,0,0,0,0,0,0,0,0,0,0,0,0,0,0,0,0,0,0,0,0,0,0,1,0,0,0,0,0,0,0,0,0,0,0,0,0,0,0,0,0,0,0,0,0,0,0,0,0,0,1,20,6,3,3.0,4,8.0,3,1,1,1,4,3,7,2,7,1,0,1,0,1,0,0,1,0,0,0,35000.0
a003093,3,0,0,0,0,0,1,0,0,1,0,0,0,0,0,0,0,0,0,0,0,1,1,0,0,0,1,0,0,0,0,0,0,0,1,0,0,1,0,0,0,0,0,0,0,0,0,0,0,1,1,0,0,0,1,0,0,1,20,6,1,5.0,4,7.49660441426146,2,5,2,2,2,3,4,3,4,4,1,1,1,0,0,0,0,0,0,0,625220.0
a013734,2,0,0,0,0,0,1,0,0,0,0,0,0,0,0,0,0,0,0,0,0,0,0,0,0,0,0,0,0,0,0,0,0,0,1,0,0,0,0,0,0,0,0,0,0,0,0,0,0,0,0,0,0,0,0,0,0,0,30,6,4,3.0,5,10.0,2,2,6,1,4,5,4,2,7,0,1,0,0,0,0,0,1,1,0,0,16750.0
a015272,3,1,0,1,0,0,0,0,0,1,0,0,0,0,0,0,0,0,0,0,0,0,0,0,0,0,0,0,0,1,0,1,0,0,0,0,0,1,0,0,0,0,0,0,0,0,0,0,0,0,0,0,0,0,0,0,0,0,20,6,3,5.0,4,6.0,2,2,2,3,3,4,5,1,3,1,0,0,1,0,0,0,1,0,0,1,620600.0
a004106,2,0,1,0,0,0,0,0,0,0,0,0,0,0,0,0,0,0,0,0,0,0,1,0,0,0,0,0,0,0,1,0,0,0,0,0,0,0,0,0,0,0,0,0,0,0,0,0,0,0,1,0,0,0,0,0,0,0,40,7,4,2.0,8,12.0,2,4,4,2,2,4,4,2,6,3,1,0,1,0,0,0,1,0,0,0,20600.0
a005303,2,1,1,0,0,1,1,1,0,1,0,0,0,0,0,0,0,0,0,0,0,0,1,0,0,0,1,0,0,1,1,0,0,1,1,1,0,1,0,0,0,0,0,0,0,0,0,0,0,0,1,0,0,0,1,0,0,1,20,6,1,3.0,4,7.49660441426146,3,1,1,4,1,1,4,1,5,1,1,0,1,0,1,0,0,0,0,0,721200.0
a006660,2,0,0,1,0,0,0,0,0,1,0,0,0,0,0,0,0,0,0,0,0,1,1,0,0,0,0,0,0,0,0,1,0,0,0,0,0,1,0,0,0,0,0,0,0,0,0,0,0,1,1,0,0,0,0,0,0,0,20,6,4,12.0,2,7.0,2,4,1,1,4,1,4,1,3,1,0,1,1,0,0,0,1,0,0,0,72380.0
a014858,3,1,0,0,1,0,0,0,0,1,0,0,0,0,0,0,0,0,0,0,0,0,0,1,1,0,1,1,0,1,0,0,1,0,0,0,0,1,0,0,0,0,0,0,0,0,0,0,0,0,0,1,1,0,1,1,0,0,20,6,4,12.0,1,12.0,2,5,1,1,4,4,4,2,7,1,1,0,1,0,0,0,1,0,0,0,758600.0
a002115,2,0,0,0,0,0,1,0,0,0,0,0,0,0,0,0,0,0,0,0,0,1,1,0,0,0,0,0,0,0,0,0,0,0,1,0,0,0,0,0,0,0,0,0,0,0,0,0,0,1,1,0,0,0,0,0,0,1,40,6,2,3.0,4,7.0,3,2,2,1,1,4,6,4,6,0,1,1,0,0,0,0,0,0,0,1,16500.0
a002414,3,0,0,0,0,0,0,0,0,0,0,0,0,0,0,0,0,0,0,0,0,1,1,0,1,1,0,0,1,0,0,0,0,0,0,0,0,0,0,0,0,0,0,0,0,0,0,0,0,1,1,0,1,1,0,0,1,0,30,6,2,3.0,6,9.0,4,2,3,4,4,5,5,3,4,1,1,1,1,0,0,0,0,0,0,0,646080.0
a006066,2,0,0,0,0,1,0,0,0,0,0,0,0,0,0,0,0,0,0,0,0,0,0,0,0,0,0,0,0,0,0,0,0,1,0,0,0,0,0,0,0,0,0,0,0,0,0,0,0,0,0,0,0,0,0,0,0,1,20,6,4,4.0,3,9.0,2,3,4,4,4,1,2,6,2,0,1,0,0,1,0,1,0,0,0,0,19500.0
a006718,2,1,1,0,0,0,1,0,0,0,0,1,0,0,0,0,0,0,0,0,0,0,1,0,0,0,1,1,0,1,1,0,0,0,1,0,0,0,0,1,0,0,0,0,0,0,0,0,0,0,1,0,0,0,1,1,0,0,40,7,5,3.0,10,10.0,3,5,3,3,3,2,2,3,3,4,1,0,1,0,0,0,0,1,0,0,99000.0
a000744,2,0,0,0,0,0,0,0,1,0,0,0,0,0,0,0,0,0,0,0,0,1,0,0,0,0,0,0,0,0,0,0,0,0,0,0,1,0,0,0,0,0,0,0,0,0,0,0,0,1,0,0,0,0,0,0,0,1,20,7,1,2.0,4,7.49660441426146,3,2,1,4,5,3,2,2,6,1,1,1,0,0,0,0,0,0,1,0,642970.0
a004076,4,1,0,1,1,0,0,1,0,0,0,0,1,0,0,0,0,0,0,0,0,0,0,0,0,0,0,0,0,1,0,1,1,0,0,1,0,0,0,0,1,0,0,0,0,0,0,0,0,0,0,0,0,0,0,0,0,1,30,6,3,3.0,4,8.0,3,3,5,4,5,5,5,5,3,0,1,1,0,0,0,0,0,1,0,0,87600.0
a006542,2,0,1,0,0,0,0,0,0,0,0,0,0,0,0,0,0,0,0,0,0,0,0,0,0,0,0,0,0,0,1,0,0,0,0,0,0,0,0,0,0,0,0,0,0,0,0,0,0,0,0,0,0,0,0,0,0,0,40,6,4,2.0,6,10.0,3,3,3,3,1,3,2,4,6,3,1,0,1,0,0,0,0,0,0,0,200300.0
a002908,3,1,0,0,0,0,1,0,0,0,0,0,1,0,0,0,0,0,0,0,0,0,0,1,0,0,0,0,1,1,0,0,0,0,1,0,0,0,0,0,1,0,0,0,0,0,0,0,0,0,0,1,0,0,0,0,1,1,30,6,4,3.0,4,8.0,2,4,1,4,1,4,6,3,6,0,1,1,0,1,0,0,0,0,0,0,1409900.0
a001168,3,0,0,0,0,0,1,0,0,1,0,0,0,0,0,0,0,0,0,0,0,1,1,0,0,0,0,0,0,0,0,0,0,0,1,0,0,1,0,0,0,0,0,0,0,0,0,0,0,1,1,0,0,0,0,0,0,0,20,6,4,3.0,6,7.0,3,1,1,1,2,3,3,3,6,0,1,0,0,0,1,0,1,0,0,0,273000.0
a002526,2,1,1,0,0,0,0,0,0,0,0,0,0,0,0,0,0,0,0,0,0,0,0,0,0,0,0,0,0,1,1,0,0,0,0,0,0,0,0,0,0,0,0,0,0,0,0,0,0,0,0,0,0,0,0,0,0,0,30,6,4,2.0,7,7.0,2,2,2,5,2,2,6,3,3,3,0,0,1,0,0,0,0,0,0,0,272400.0
a002153,2,0,1,0,0,0,1,0,0,0,0,1,0,0,0,0,0,0,0,0,0,0,0,0,0,0,0,0,0,0,1,0,0,0,1,0,0,0,0,1,0,0,0,0,0,0,0,0,0,0,0,0,0,0,0,0,0,1,30,6,1,2.0,4,7.49660441426146,3,2,6,4,4,4,4,2,2,0,0,1,0,0,0,0,1,1,0,0,32950.0
a007349,2,1,1,0,0,0,0,0,0,0,0,0,0,0,0,0,0,0,0,0,0,0,0,0,0,0,0,0,0,1,1,0,0,0,0,0,0,0,0,0,0,0,0,0,0,0,0,0,0,0,0,0,0,0,0,0,0,0,30,6,3,3.0,12,12.0,2,1,1,1,2,1,4,4,3,1,1,1,1,0,0,0,0,0,0,0,79100.0
a007641,2,1,0,0,0,0,0,0,0,0,0,1,0,0,0,0,0,0,0,0,0,0,0,0,0,0,0,0,0,1,0,0,0,0,0,0,0,0,0,1,0,0,0,0,0,0,0,0,0,0,0,0,0,0,0,0,0,0,20,6,4,2.0,4,7.0,3,2,2,2,2,6,2,6,7,1,0,0,1,0,1,0,1,0,0,0,28000.0
a010570,3,0,1,0,0,0,1,0,0,0,0,0,0,0,0,0,0,0,0,0,0,0,0,0,0,0,1,0,0,0,1,0,0,0,1,0,0,0,0,0,0,0,0,0,0,0,0,0,0,0,0,0,0,0,1,0,0,1,40,5,3,2.0,7,10.0,2,2,2,3,2,3,3,2,2,5,0,1,1,0,0,1,0,0,0,0,611700.0
a015329,2,1,0,0,1,0,0,0,0,0,0,0,0,0,0,0,0,0,0,0,0,1,1,0,0,0,1,0,0,1,0,0,1,0,0,0,0,0,0,0,0,0,0,0,0,0,0,0,0,1,1,0,0,0,1,0,0,1,60,4,1,13.0,4,7.49660441426146,3,3,4,5,3,3,5,4,4,3,1,1,1,0,0,0,0,0,0,0,91000.0
a005795,3,1,0,0,1,0,0,0,0,0,0,0,0,0,0,0,0,0,0,0,0,0,1,0,0,0,0,0,0,1,0,0,1,0,0,0,0,0,0,0,0,0,0,0,0,0,0,0,0,0,1,0,0,0,0,0,0,0,20,6,1,3.0,4,7.49660441426146,2,7,6,6,3,2,5,7,2,0,1,1,0,1,0,0,0,0,0,0,430800.0
a007578,2,0,0,0,0,0,1,0,0,0,0,0,0,0,0,0,0,0,0,0,0,1,1,0,0,0,0,1,0,0,0,0,0,0,1,0,0,0,0,0,0,0,0,0,0,0,0,0,0,1,1,0,0,0,0,1,0,1,60,6,2,11.0,2,6.0,2,3,4,2,3,3,3,3,4,3,1,0,1,0,0,0,0,1,0,0,250000.0
a006818,2,0,0,0,0,0,0,0,0,0,0,0,0,0,0,0,0,0,0,0,0,1,0,0,0,0,0,0,0,0,0,0,0,0,0,0,0,0,0,0,0,0,0,0,0,0,0,0,0,1,0,0,0,0,0,0,0,0,40,7,3,2.0,5,5.0,2,1,2,2,1,3,3,4,5,2,0,1,1,0,0,1,0,0,0,0,79900.0
a009690,3,1,0,0,1,0,0,0,0,0,0,0,0,0,0,0,0,0,0,0,0,0,1,0,1,0,1,0,0,1,0,0,1,0,0,0,0,0,0,0,0,0,0,0,0,0,0,0,0,0,1,0,1,0,1,0,0,0,30,6,2,5.0,4,5.0,3,4,2,1,5,5,1,1,1,1,1,0,0,1,0,0,1,0,0,0,538600.0
a000207,2,1,0,0,0,0,0,0,0,0,0,0,0,0,0,0,0,0,0,0,0,0,0,0,0,0,0,0,0,1,0,0,0,0,0,0,0,0,0,0,0,0,0,0,0,0,0,0,0,0,0,0,0,0,0,0,0,0,50,6,4,3.0,2,5.0,2,4,4,5,2,2,3,2,6,2,1,1,1,0,0,0,0,0,0,0,200000.0
a000670,3,1,1,0,1,0,1,0,0,0,0,0,0,0,0,0,0,0,0,0,0,1,0,0,0,0,0,0,0,1,1,0,1,0,1,0,0,0,0,0,0,0,0,0,0,0,0,0,0,1,0,0,0,0,0,0,0,0,20,6,1,2.0,5,7.49660441426146,2,5,6,6,4,5,5,5,5,3,0,0,0,1,0,0,1,1,0,0,1420000.0
a005360,2,0,0,0,0,0,0,0,0,0,0,0,0,0,0,0,0,0,0,0,0,0,0,0,0,1,0,0,0,0,0,0,0,0,0,0,0,0,0,0,0,0,0,0,0,0,0,0,0,0,0,0,0,1,0,0,0,1,20,4,2,3.0,4,7.0,2,3,5,2,1,3,5,5,5,1,1,1,0,0,0,1,0,0,0,0,74700.0
a000028,3,0,0,0,0,0,0,0,1,0,0,0,0,0,0,0,0,0,0,0,0,0,0,0,0,0,0,0,0,0,0,0,0,0,0,0,1,0,0,0,0,0,0,0,0,0,0,0,0,0,0,0,0,0,0,0,0,1,20,6,4,4.0,3,5.0,2,6,1,2,5,3,2,6,6,3,1,1,0,1,0,0,0,0,0,0,108500.0
a010226,2,0,0,0,0,0,1,0,0,0,0,0,0,0,0,0,0,0,0,0,0,1,1,0,0,0,1,0,0,0,0,0,0,0,1,0,0,0,0,0,0,0,0,0,0,0,0,0,0,1,1,0,0,0,1,0,0,1,30,6,3,3.0,5,8.0,2,4,2,6,2,1,6,1,6,0,1,1,0,0,0,0,0,0,0,1,311760.0
a013738,2,1,0,0,1,0,0,0,0,0,0,0,0,0,0,0,0,0,0,0,0,0,1,0,0,0,1,0,0,1,0,0,1,0,0,0,0,0,0,0,0,0,0,0,0,0,0,0,0,0,1,0,0,0,1,0,0,1,40,6,3,3.0,5,6.0,2,2,3,2,2,2,3,2,6,1,1,1,1,0,0,0,0,0,0,0,40460.0
a005147,2,1,0,1,1,0,0,0,0,0,0,0,0,0,0,0,0,0,0,0,0,0,0,0,0,0,0,0,0,1,0,1,1,0,0,0,0,0,0,0,0,0,0,0,0,0,0,0,0,0,0,0,0,0,0,0,0,0,30,6,1,3.0,5,7.49660441426146,3,4,2,3,3,2,5,4,6,0,1,1,0,0,0,0,0,1,0,0,47850.0
a000180,3,0,0,0,0,0,0,0,1,0,0,0,0,0,0,0,0,0,0,0,0,0,1,0,1,0,0,0,0,0,0,0,0,0,0,0,1,0,0,0,0,0,0,0,0,0,0,0,0,0,0,0,0,0,0,0,0,0,30,6,1,3.0,4,7.49660441426146,2,6,1,1,2,6,6,2,5,1,1,0,1,0,0,0,1,0,0,0,122600.0
a008146,3,1,1,0,0,0,0,0,0,0,0,0,0,0,0,0,0,0,0,0,0,0,0,0,0,0,0,0,0,1,1,0,0,0,0,0,0,0,0,0,0,0,0,0,0,0,0,0,0,0,0,0,0,0,0,0,0,0,30,4,1,1.0,5,7.49660441426146,3,4,4,1,4,7,1,4,4,1,1,1,0,0,0,0,1,0,0,0,180000.0
a006411,2,1,0,0,0,0,0,0,0,1,0,0,0,0,0,0,0,0,0,0,0,1,0,0,1,0,1,0,0,1,0,0,0,0,0,0,0,1,0,0,0,0,0,0,0,0,0,0,0,1,0,0,1,0,1,0,0,1,20,6,4,3.0,3,8.0,3,3,6,6,6,7,6,2,7,0,1,1,0,0,0,1,0,0,0,0,152200.0
a011737,2,0,1,0,0,0,0,0,0,0,0,0,0,0,0,0,0,0,0,0,0,0,1,0,0,0,0,0,0,0,1,0,0,0,0,0,0,0,0,0,0,0,0,0,0,0,0,0,0,0,1,0,0,0,0,0,0,1,50,4,2,4.0,3,3.0,4,4,4,3,4,4,4,5,3,4,1,0,1,0,0,1,0,0,0,0,127000.0
a001514,2,1,0,1,0,0,1,0,0,0,0,0,0,0,0,0,0,0,0,0,0,1,1,0,0,0,0,0,0,1,0,1,0,0,1,0,0,0,0,0,0,0,0,0,0,0,0,0,0,1,1,0,0,0,0,0,0,0,50,5,2,9.0,3,4.0,3,2,5,5,2,3,6,5,5,1,0,0,1,0,1,0,0,1,0,0,17600.0
a000147,3,1,0,0,1,0,1,1,0,0,0,1,0,0,0,0,0,0,0,0,0,0,0,0,0,0,0,0,0,0,0,0,1,0,0,0,0,0,0,0,0,0,0,0,0,0,0,0,0,0,0,0,0,0,0,0,0,1,30,6,4,3.0,4,8.0,3,2,1,6,4,6,3,3,6,1,1,1,1,0,0,0,0,0,0,0,768752.0
a002638,2,0,0,1,0,0,1,0,0,1,0,0,1,0,0,0,0,0,0,0,0,0,1,0,0,0,0,0,0,0,0,1,0,0,1,0,0,1,0,0,1,0,0,0,0,0,0,0,0,0,1,0,0,0,0,0,0,1,30,6,3,5.0,4,12.0,3,2,2,2,2,2,2,2,6,1,1,0,1,0,0,0,1,0,0,0,42500.0
a006581,2,1,0,0,0,0,0,0,0,0,0,1,0,0,0,0,0,0,0,0,0,0,1,0,0,0,0,0,0,1,0,0,0,0,0,0,0,0,0,1,0,0,0,0,0,0,0,0,0,0,1,0,0,0,0,0,0,0,20,6,1,12.0,2,7.49660441426146,2,5,3,3,3,3,6,2,6,1,1,0,0,0,1,0,1,0,0,0,71800.0
a017935,2,1,1,0,0,0,1,0,0,0,0,0,0,0,0,0,0,0,0,0,0,0,0,0,0,0,0,0,0,1,1,0,0,0,1,0,0,0,0,0,0,0,0,0,0,0,0,0,0,0,0,0,0,0,0,0,0,0,30,6,3,2.0,7,12.0,2,2,2,2,2,3,3,3,6,2,1,0,1,0,0,0,1,0,0,0,180000.0
a013762,2,0,1,1,0,0,0,0,0,0,0,0,0,0,0,0,0,0,0,0,0,1,0,0,0,0,0,0,0,0,1,1,0,0,0,0,0,0,0,0,0,0,0,0,0,0,0,0,0,1,0,0,0,0,0,0,0,1,40,6,1,3.0,5,7.49660441426146,3,1,4,6,3,1,4,4,1,0,1,1,0,1,0,0,0,0,0,0,12700.0
a017665,2,1,0,1,0,0,0,0,0,0,0,0,0,0,0,0,0,0,0,0,0,0,0,0,1,0,0,0,0,1,0,1,0,0,0,0,0,0,0,0,0,0,0,0,0,0,0,0,0,0,0,0,1,0,0,0,0,0,20,6,3,12.0,2,3.0,3,4,5,5,5,6,5,4,5,0,0,1,0,0,1,1,0,0,0,0,3000.0
a007179,2,0,1,1,0,0,0,0,0,0,0,0,0,0,0,0,0,0,0,0,0,0,0,0,0,0,0,0,0,0,1,1,0,0,0,0,0,0,0,0,0,0,0,0,0,0,0,0,0,0,0,0,0,0,0,0,0,1,40,5,1,13.0,3,7.49660441426146,3,1,4,3,5,1,3,2,3,4,1,0,1,0,0,0,0,1,0,0,404300.0
a014921,2,0,0,0,0,0,0,0,0,0,0,0,0,0,0,0,0,0,0,0,0,0,1,0,0,0,0,0,0,0,0,0,0,0,0,0,0,0,0,0,0,0,0,0,0,0,0,0,0,0,1,0,0,0,0,0,0,1,20,6,1,3.0,4,7.49660441426146,3,5,2,2,4,6,2,2,5,0,0,1,0,1,1,0,0,0,0,0,58400.0
a006659,2,0,0,0,0,0,1,0,0,0,0,0,0,0,0,0,0,0,0,0,0,0,0,0,0,0,0,0,0,0,0,0,0,0,1,0,0,0,0,0,0,0,0,0,0,0,0,0,0,0,0,0,0,0,0,0,0,1,20,6,5,12.0,2,7.0,2,3,3,3,4,6,4,6,2,0,1,0,0,1,0,0,1,0,0,0,528300.0
a000796,3,1,0,0,1,0,1,1,0,0,0,0,0,0,0,0,0,0,0,0,0,0,0,1,0,0,0,0,0,1,0,0,1,0,1,1,0,0,0,0,0,0,0,0,0,0,0,0,0,0,0,1,0,0,0,0,0,1,20,6,4,5.0,2,6.0,3,3,2,5,2,3,2,6,3,1,1,0,1,0,0,0,1,0,0,0,1037320.0
a002966,2,0,0,1,1,1,0,1,0,1,0,0,0,0,0,0,0,0,0,0,0,0,0,0,0,0,0,0,0,0,0,1,1,1,0,1,0,1,0,0,0,0,0,0,0,0,0,0,0,0,0,0,0,0,0,0,0,0,30,5,3,3.0,5,5.0,2,4,5,3,4,2,5,2,5,0,1,0,0,0,1,0,0,1,0,0,2250.0
a010085,3,1,0,0,0,0,0,0,0,0,0,0,0,0,0,0,0,0,0,0,0,0,0,1,1,0,0,0,0,1,0,0,0,0,0,0,0,0,0,0,0,0,0,0,0,0,0,0,0,0,0,1,1,0,0,0,0,0,30,8,2,2.0,6,7.0,4,2,2,2,2,2,2,2,2,1,0,1,0,0,0,0,1,0,1,0,691500.0
a003033,2,0,0,0,0,0,1,0,0,0,0,0,0,0,0,0,0,0,0,0,0,0,0,0,0,0,0,0,0,0,0,0,0,0,1,0,0,0,0,0,0,0,0,0,0,0,0,0,0,0,0,0,0,0,0,0,0,1,60,6,3,2.0,5,6.0,3,3,3,3,1,1,6,2,2,1,0,1,0,1,0,0,1,0,0,0,112900.0
a005961,3,1,1,1,1,1,0,0,0,0,0,0,0,0,0,0,0,0,0,0,0,0,0,0,0,0,0,0,0,1,1,1,1,1,0,0,0,0,0,0,0,0,0,0,0,0,0,0,0,0,0,0,0,0,0,0,0,1,50,6,4,11.0,2,5.0,3,2,2,3,3,6,6,2,5,1,1,1,1,0,0,0,0,0,0,0,947850.0
a004150,3,0,0,0,0,0,0,0,1,0,0,0,0,0,0,0,0,0,0,0,0,0,0,0,1,0,0,1,0,0,0,0,0,0,0,0,1,0,0,0,0,0,0,0,0,0,0,0,0,0,0,0,1,0,0,1,0,0,20,4,5,4.0,3,4.0,2,1,1,7,7,5,5,5,6,3,1,1,1,0,0,0,0,0,0,0,113980.0
a007209,2,0,0,0,1,1,0,0,0,0,0,0,0,0,0,0,0,0,0,0,0,0,0,0,0,0,0,0,0,0,0,0,1,1,0,0,0,0,0,0,0,0,0,0,0,0,0,0,0,0,0,0,0,0,0,0,0,0,50,8,4,3.0,12,12.0,1,7,6,2,2,6,2,6,2,0,0,1,0,0,0,1,0,0,0,0,590910.0
a002398,3,0,1,0,1,1,0,0,0,1,0,1,0,0,0,0,0,0,0,0,0,0,0,0,0,0,0,0,0,0,1,0,1,1,0,0,0,1,0,1,0,0,0,0,0,0,0,0,0,0,0,0,0,0,0,0,0,1,20,6,2,2.0,4,8.0,3,2,1,1,6,7,2,2,6,1,1,0,1,0,0,0,1,0,0,0,295900.0
a004301,2,1,0,1,0,1,0,0,0,0,0,0,0,0,0,0,0,0,0,0,0,0,1,0,0,0,0,0,0,1,0,1,0,1,0,0,0,0,0,0,0,0,0,0,0,0,0,0,0,0,1,0,0,0,0,0,0,0,30,6,2,3.0,4,5.0,1,6,2,1,4,2,3,3,3,1,0,0,0,0,1,0,1,1,0,0,49000.0
a007221,2,0,1,1,1,0,0,0,0,0,0,0,0,0,0,0,0,0,0,0,0,0,0,0,0,0,0,0,0,0,1,1,1,0,0,0,0,0,0,0,0,0,0,0,0,0,0,0,0,0,0,0,0,0,0,0,0,0,40,6,2,13.0,1,2.0,3,2,2,2,6,3,3,5,5,0,0,0,0,1,0,1,0,1,0,0,25200.0
a015734,4,1,0,1,0,0,1,0,0,0,0,0,0,0,0,0,0,0,0,0,0,0,0,0,0,0,0,0,0,1,0,1,0,0,1,0,0,0,0,0,0,0,0,0,0,0,0,0,0,0,0,0,0,0,0,0,0,1,20,6,2,5.0,2,3.0,3,2,2,2,4,4,4,3,6,1,1,1,0,0,0,0,0,1,0,0,755170.0
a017965,2,0,0,1,0,0,0,0,0,0,0,0,0,0,0,0,0,0,0,0,0,0,1,0,0,0,1,0,0,0,0,1,0,0,0,0,0,0,0,0,0,0,0,0,0,0,0,0,0,0,1,0,0,0,1,0,0,1,20,6,1,2.0,4,7.49660441426146,2,1,4,1,4,7,7,7,1,0,1,1,0,0,0,0,1,0,0,0,193900.0
a006613,2,0,0,0,0,0,1,0,0,0,0,0,0,0,0,0,0,0,0,0,0,0,1,0,1,0,1,0,0,0,0,0,0,0,1,0,0,0,0,0,0,0,0,0,0,0,0,0,0,0,1,0,1,0,1,0,0,0,30,6,1,3.0,6,7.49660441426146,2,1,6,1,3,2,2,2,4,1,1,0,1,0,0,0,0,0,0,1,1259700.0
a002400,3,1,0,0,0,0,0,0,0,0,0,0,0,0,0,0,0,0,0,0,0,0,1,0,0,0,0,0,0,1,0,0,0,0,0,0,0,0,0,0,0,0,0,0,0,0,0,0,0,0,1,0,0,0,0,0,0,1,30,6,1,2.0,3,7.49660441426146,2,5,4,4,3,2,5,3,4,1,1,1,1,0,0,0,0,0,0,0,588400.0
a002388,3,0,1,1,0,0,0,0,0,0,0,0,0,0,0,0,0,0,0,0,0,0,0,0,0,0,0,0,0,0,1,1,0,0,0,0,0,0,0,0,0,0,0,0,0,0,0,0,0,0,0,0,0,0,0,0,0,0,30,6,1,3.0,7,7.49660441426146,3,2,2,2,2,3,2,1,4,1,1,1,0,0,0,0,0,1,0,0,115000.0
a003762,2,0,1,0,0,0,0,0,0,0,0,0,0,0,0,0,0,0,0,0,0,0,1,0,0,1,1,1,0,0,1,0,0,0,0,0,0,0,0,0,0,0,0,0,0,0,0,0,0,0,1,0,0,1,1,1,0,1,20,5,1,4.0,3,7.49660441426146,3,6,2,2,4,3,5,2,2,1,1,1,0,0,0,1,0,0,0,0,55000.0
a007337,2,1,0,0,1,0,1,0,0,1,0,0,0,0,0,0,0,0,0,0,0,0,1,0,0,0,0,0,0,1,0,0,1,0,1,0,0,1,0,0,0,0,0,0,0,0,0,0,0,0,1,0,0,0,0,0,0,1,20,6,4,3.0,3,9.0,2,1,1,1,1,7,6,7,6,1,1,0,1,0,0,0,1,0,0,0,108600.0
a007042,2,1,0,0,1,1,0,0,0,0,0,0,0,0,0,0,0,0,0,0,0,0,0,1,0,0,1,0,0,1,0,0,1,1,0,0,0,0,0,0,0,0,0,0,0,0,0,0,0,0,0,1,0,0,1,0,0,1,40,5,5,3.0,4,8.0,3,4,3,5,5,5,1,6,7,3,1,0,1,0,0,0,1,0,0,0,131800.0
a006213,2,1,0,0,0,0,1,0,0,0,0,0,0,0,0,0,0,0,0,0,0,0,1,0,0,0,0,0,0,1,0,0,0,0,1,0,0,0,0,0,0,0,0,0,0,0,0,0,0,0,1,0,0,0,0,0,0,1,20,4,4,3.0,3,8.0,2,6,4,1,3,5,6,2,7,0,1,1,0,0,1,0,0,0,0,0,106400.0
a007304,2,0,0,0,1,0,0,1,0,0,0,0,0,0,0,0,0,0,0,0,0,0,0,0,1,0,0,0,0,0,0,0,1,0,0,1,0,0,0,0,0,0,0,0,0,0,0,0,0,0,0,0,1,0,0,0,0,1,20,6,2,2.0,4,6.0,2,7,4,1,1,7,1,7,4,1,1,0,1,0,1,0,0,0,0,0,161000.0
a014770,3,0,0,0,0,0,0,0,0,0,0,0,0,0,0,0,0,0,0,0,0,1,1,0,0,0,1,0,0,0,0,0,0,0,0,0,0,0,0,0,0,0,0,0,0,0,0,0,0,1,1,0,0,0,1,0,0,1,40,5,4,13.0,2,4.0,3,4,3,2,2,2,4,4,4,1,0,0,0,1,0,1,1,0,0,0,477600.0
a003490,2,0,0,0,0,0,0,0,0,1,0,0,0,0,0,0,0,0,0,0,0,1,1,0,0,1,0,0,1,0,0,0,0,0,0,0,0,1,0,0,0,0,0,0,0,0,0,0,0,1,1,0,0,1,0,0,1,1,30,5,2,3.0,5,8.0,2,3,1,1,4,1,2,6,7,1,1,0,0,0,0,1,1,0,0,0,46000.0
a014096,2,0,0,0,1,0,1,0,0,0,0,0,0,0,0,0,0,0,0,0,0,0,0,0,0,0,0,0,0,0,0,0,1,0,1,0,0,0,0,0,0,0,0,0,0,0,0,0,0,0,0,0,0,0,0,0,0,1,30,6,3,5.0,4,7.0,2,4,6,2,2,6,1,7,6,0,1,0,0,0,0,0,1,1,0,0,57200.0
a006628,2,0,0,0,0,0,1,0,0,0,0,0,0,0,0,0,0,0,0,0,0,0,0,0,0,0,0,0,0,0,0,0,0,0,1,0,0,0,0,0,0,0,0,0,0,0,0,0,0,0,0,0,0,0,0,0,0,1,40,6,3,3.0,3,6.0,2,2,4,4,6,3,4,4,2,2,1,1,0,0,0,0,1,0,0,0,234300.0
a008715,4,0,1,0,0,0,0,0,0,1,0,0,0,0,0,0,0,0,0,0,0,1,0,0,0,0,1,0,0,0,1,0,0,0,0,0,0,1,0,0,0,0,0,0,0,0,0,0,0,1,0,0,0,0,1,0,0,0,20,6,2,13.0,4,5.0,2,6,1,3,5,1,4,1,6,1,0,1,1,0,1,0,0,0,0,0,883900.0
a011104,3,1,0,1,0,0,0,0,0,0,0,0,0,0,0,0,0,0,0,0,0,1,1,1,1,0,1,0,0,1,0,1,0,0,0,0,0,0,0,0,0,0,0,0,0,0,0,0,0,1,1,1,1,0,1,0,0,0,40,6,1,2.0,7,7.49660441426146,2,1,1,1,5,5,1,2,7,1,0,0,1,0,0,0,0,0,0,0,1310100.0
a006336,2,1,0,0,0,0,0,0,0,0,0,0,0,1,0,0,0,0,0,0,0,0,1,0,0,0,0,0,0,1,0,0,0,0,0,0,0,0,0,0,0,1,0,0,0,0,0,0,0,0,1,0,0,0,0,0,0,1,40,5,1,13.0,3,7.49660441426146,3,1,2,6,4,2,3,5,1,0,1,1,0,0,0,1,0,0,0,0,60600.0
a006468,2,0,1,1,1,0,0,0,0,0,0,0,0,0,0,0,0,0,0,0,0,0,0,0,1,0,0,1,0,0,1,1,1,0,0,0,0,0,0,0,0,0,0,0,0,0,0,0,0,0,0,0,1,0,0,1,0,1,40,6,4,3.0,5,6.0,2,2,6,2,6,2,2,2,2,3,1,1,0,0,0,0,1,0,0,0,37270.0
a008048,2,1,1,1,0,0,0,0,0,0,0,0,0,0,0,0,0,0,0,0,0,0,0,0,0,0,0,0,0,1,1,1,0,0,0,0,0,0,0,0,0,0,0,0,0,0,0,0,0,0,0,0,0,0,0,0,0,1,40,6,3,3.0,10,10.0,3,4,5,2,3,7,2,2,4,0,1,0,0,0,1,0,0,1,0,0,4150.0
a006551,2,0,1,0,0,1,0,0,0,0,1,0,0,0,0,0,0,0,0,0,0,0,1,0,0,0,0,0,0,0,1,0,0,1,0,0,0,0,1,0,0,0,0,0,0,0,0,0,0,0,1,0,0,0,0,0,0,1,30,6,5,3.0,6,12.0,3,2,6,3,3,2,5,2,6,1,1,0,0,0,0,1,1,0,0,0,220000.0
a003557,3,0,0,0,0,0,1,0,0,1,0,0,0,0,0,0,0,0,0,0,0,1,1,0,0,0,1,0,0,0,0,0,0,0,1,0,0,1,0,0,0,0,0,0,0,0,0,0,0,1,1,0,0,0,1,0,0,1,40,6,3,3.0,5,9.0,2,2,2,1,2,2,2,1,7,2,0,1,1,0,0,0,1,0,0,0,771260.0
a002025,3,0,0,0,0,0,0,0,0,1,0,0,0,0,0,0,0,0,0,0,0,0,1,0,1,0,1,0,1,0,0,0,0,0,0,0,0,1,0,0,0,0,0,0,0,0,0,0,0,0,1,0,1,0,1,0,1,0,30,6,1,2.0,3,7.49660441426146,2,2,1,1,4,2,1,3,2,1,0,0,1,0,1,1,0,0,0,0,1141570.0
d004427,4,0,0,0,0,0,0,0,1,0,0,0,0,0,0,0,0,0,0,0,0,0,0,0,0,0,0,0,0,0,0,0,0,0,0,0,1,0,0,0,0,0,0,0,0,0,0,0,0,0,0,0,0,0,0,0,0,0,20,6,4,10.0,2,2.0,3,1,2,3,6,3,5,1,7,0,0,0,0,1,0,0,0,0,0,0,455160.0
a006798,2,0,0,0,0,1,0,0,0,1,0,0,0,0,0,0,0,0,0,0,0,1,1,0,1,0,0,0,0,0,0,0,0,1,0,0,0,1,0,0,0,0,0,0,0,0,0,0,0,1,1,0,1,0,0,0,0,0,20,6,3,3.0,4,5.0,2,2,2,2,6,4,6,6,6,4,1,0,1,0,0,1,0,0,0,0,372000.0
a004963,2,1,0,1,0,0,0,0,0,0,0,0,0,0,0,0,0,0,0,0,0,0,0,0,1,0,1,1,0,1,0,1,0,0,0,0,0,0,0,0,0,0,0,0,0,0,0,0,0,0,0,0,1,0,1,1,0,1,30,6,1,5.0,4,7.49660441426146,3,2,4,1,2,4,4,4,1,0,1,1,0,0,0,0,1,0,0,0,48000.0
a010954,3,1,0,0,1,0,1,0,0,0,0,0,0,0,0,0,0,0,0,0,0,0,0,1,0,0,0,0,0,1,0,0,1,0,1,0,0,0,0,0,0,0,0,0,0,0,0,0,0,0,0,1,0,0,0,0,0,1,20,6,1,3.0,3,7.49660441426146,4,6,2,1,1,7,2,2,6,1,1,0,0,1,0,0,1,0,0,0,1688786.0
a017705,2,0,0,0,0,0,0,0,0,0,0,0,0,0,0,0,0,0,0,0,0,0,1,0,1,0,0,0,0,0,0,0,0,0,0,0,0,0,0,0,0,0,0,0,0,0,0,0,0,0,1,0,1,0,0,0,0,0,20,6,4,12.0,2,8.0,2,2,2,3,5,3,2,3,7,1,1,0,1,0,0,0,1,0,0,0,686600.0
a010387,2,0,1,0,0,0,0,0,1,0,0,0,0,0,0,0,0,0,0,0,0,1,1,0,0,0,1,0,0,0,1,0,0,0,0,0,1,0,0,0,0,0,0,0,0,0,0,0,0,1,1,0,0,0,1,0,0,1,30,7,1,2.0,5,7.49660441426146,3,4,2,5,3,3,4,5,7,3,1,1,0,0,1,0,0,0,0,0,746250.0
a006351,2,1,0,0,1,0,0,0,0,0,0,0,0,0,0,0,0,0,0,0,0,1,0,1,0,0,0,0,0,1,0,0,1,0,0,0,0,0,0,0,0,0,0,0,0,0,0,0,0,1,0,1,0,0,0,0,0,0,20,6,4,3.0,4,10.0,2,1,7,1,4,1,1,7,1,0,1,0,0,0,0,0,0,0,0,0,116400.0
a014022,4,1,0,0,0,1,1,1,0,1,0,0,0,0,0,0,0,0,0,0,0,0,0,0,0,0,0,0,0,1,0,0,0,1,1,1,0,1,0,0,0,0,0,0,0,0,0,0,0,0,0,0,0,0,0,0,0,0,20,6,1,3.0,4,7.49660441426146,3,1,1,1,4,4,5,2,6,0,1,1,0,0,1,0,0,0,0,0,355200.0
a002367,4,1,0,0,1,0,0,0,0,0,0,0,0,0,0,0,0,0,0,0,0,1,0,0,0,0,0,0,0,1,0,0,1,0,0,0,0,0,0,0,0,0,0,0,0,0,0,0,0,1,0,0,0,0,0,0,0,1,30,5,5,3.0,3,6.0,3,4,3,5,3,2,4,5,3,3,1,0,1,0,0,0,0,0,0,1,1452400.0
a000112,3,1,1,1,1,0,1,0,0,0,0,0,0,0,0,0,0,0,0,0,0,0,0,0,0,0,0,0,0,0,1,0,0,0,0,0,0,0,0,0,0,0,0,0,0,0,0,0,0,0,0,0,0,0,0,0,0,0,30,6,1,2.0,5,7.49660441426146,3,4,3,2,3,6,5,5,7,0,1,1,0,1,0,0,0,0,0,0,521200.0
a010574,2,1,0,0,0,0,0,0,0,0,0,0,0,0,0,0,0,0,0,0,0,1,0,0,0,0,0,0,0,1,0,0,0,0,0,0,0,0,0,0,0,0,0,0,0,0,0,0,0,1,0,0,0,0,0,0,0,1,30,6,2,2.0,4,7.0,3,4,7,4,3,2,2,6,2,0,0,1,0,0,0,0,0,0,0,0,851900.0
a001281,3,0,0,0,0,0,0,0,0,0,0,0,0,0,0,0,0,0,0,0,0,0,0,1,0,0,0,0,0,0,0,0,0,0,0,0,0,0,0,0,0,0,0,0,0,0,0,0,0,0,0,1,0,0,0,0,0,1,30,6,1,3.0,7,7.49660441426146,2,5,1,2,2,2,3,6,6,3,1,0,1,0,0,1,0,0,0,0,875700.0
a001366,4,0,0,1,0,0,0,0,0,0,0,0,0,0,0,0,0,0,0,0,0,1,0,0,0,0,0,0,1,0,0,1,0,0,0,0,0,0,0,0,0,0,0,0,0,0,0,0,0,1,0,0,0,0,0,0,1,0,20,5,1,9.0,2,7.49660441426146,3,2,1,1,5,6,6,2,3,0,1,0,0,0,0,1,1,0,0,0,647800.0
a012514,4,1,1,0,1,0,0,0,0,1,0,1,0,0,0,0,0,0,0,0,0,0,0,0,0,0,0,0,0,1,1,0,1,0,0,0,0,1,0,1,0,0,0,0,0,0,0,0,0,0,0,0,0,0,0,0,0,1,60,6,1,2.0,2,7.49660441426146,2,1,1,1,1,1,1,7,1,0,1,1,0,0,0,0,1,0,0,0,181650.0
a004075,3,0,0,1,0,0,0,0,0,0,0,0,0,0,0,0,0,0,0,0,0,0,0,1,0,0,0,0,0,0,0,1,0,0,0,0,0,0,0,0,0,0,0,0,0,0,0,0,0,0,0,1,0,0,0,0,0,0,40,6,2,2.0,9,10.0,3,4,1,2,1,3,4,2,2,1,1,1,0,0,0,0,0,1,0,0,637800.0
a004198,4,1,0,1,0,0,0,1,0,0,0,0,0,0,0,0,0,0,0,0,0,0,0,0,1,0,0,0,1,1,0,1,0,0,0,1,0,0,0,0,0,0,0,0,0,0,0,0,0,0,0,0,1,0,0,0,1,0,20,4,1,12.0,2,7.49660441426146,3,7,1,1,1,7,1,1,7,0,1,1,0,0,0,0,1,0,0,0,14600.0
a000130,2,1,1,1,0,0,1,0,0,1,0,0,0,0,0,0,0,0,0,0,0,0,0,0,0,0,0,0,0,1,0,0,0,0,0,0,0,0,0,0,0,0,0,0,0,0,0,0,0,0,0,0,0,0,0,0,0,0,50,8,2,2.0,9,12.0,2,3,6,3,3,3,5,3,6,1,1,1,1,0,0,0,0,0,0,0,96300.0
a002260,3,0,0,1,0,0,1,0,0,1,0,0,0,0,0,0,0,0,0,0,0,0,0,0,0,0,0,0,0,0,0,1,0,0,1,0,0,1,0,0,0,0,0,0,0,0,0,0,0,0,0,0,0,0,0,0,0,1,30,5,4,3.0,4,7.0,3,2,3,3,2,4,3,3,6,1,1,0,0,0,0,0,1,1,0,0,765500.0
a001729,3,0,0,1,0,0,1,1,0,0,0,0,1,0,0,0,0,0,0,0,0,0,1,0,0,0,0,0,0,0,0,1,0,0,1,1,0,0,0,0,1,0,0,0,0,0,0,0,0,0,1,0,0,0,0,0,0,0,20,6,1,2.0,3,7.49660441426146,2,3,3,4,3,4,5,5,5,1,1,1,1,0,0,0,0,0,0,0,1107750.0
a004296,2,0,0,0,0,0,1,0,0,0,0,0,0,0,0,0,0,0,0,0,0,1,0,0,1,0,0,0,0,0,0,0,0,0,1,0,0,0,0,0,0,0,0,0,0,0,0,0,0,1,0,0,1,0,0,0,0,0,50,6,4,2.0,7,7.0,3,1,3,2,3,2,3,1,4,1,0,1,1,0,0,0,1,0,0,0,126200.0
a007185,2,1,0,0,0,0,0,0,0,0,0,0,1,0,0,0,0,0,0,0,0,0,1,0,1,0,1,0,0,1,0,0,0,0,0,0,0,0,0,0,1,0,0,0,0,0,0,0,0,0,1,0,1,0,1,0,0,1,20,6,2,1.0,4,7.0,2,2,1,4,3,5,7,2,7,0,1,1,0,0,1,0,0,0,0,0,153500.0
a007865,2,1,0,1,0,0,1,0,0,0,0,0,0,0,0,0,0,0,0,0,0,1,0,0,0,0,0,0,0,1,0,1,0,0,1,0,0,0,0,0,0,0,0,0,0,0,0,0,0,1,0,0,0,0,0,0,0,1,60,4,4,11.0,2,10.0,3,2,3,2,2,2,2,6,2,1,1,1,0,0,0,0,0,0,0,0,296400.0
a004335,2,0,0,1,0,0,0,0,0,0,0,0,0,0,0,0,0,0,0,0,0,0,0,0,0,0,0,0,0,0,0,1,0,0,0,0,0,0,0,0,0,0,0,0,0,0,0,0,0,0,0,0,0,0,0,0,0,0,40,7,3,2.0,6,10.0,3,4,1,1,1,1,4,1,4,3,1,0,1,0,0,0,0,1,0,0,93100.0
a006889,2,1,0,0,0,0,0,1,0,1,0,0,0,0,0,0,0,0,0,0,0,1,1,0,1,0,0,1,0,1,0,0,0,0,0,1,0,1,0,0,0,0,0,0,0,0,0,0,0,1,1,0,1,0,0,1,0,1,30,6,1,2.0,3,7.49660441426146,3,2,2,1,3,6,3,6,6,0,1,0,0,0,0,1,1,0,0,0,6300.0
a000177,2,0,1,0,0,0,0,0,0,0,0,0,0,0,0,0,0,0,0,0,0,1,1,0,0,0,1,0,0,0,1,0,0,0,0,0,0,0,0,0,0,0,0,0,0,0,0,0,0,0,0,0,0,0,0,0,0,1,30,6,3,3.0,4,6.0,3,4,4,1,4,1,4,1,1,1,0,1,1,0,0,0,0,1,0,0,81000.0
a013688,4,0,0,1,0,0,1,1,0,0,0,0,0,0,0,0,0,0,0,0,0,0,1,0,1,0,0,0,0,0,0,1,0,0,1,1,0,0,0,0,0,0,0,0,0,0,0,0,0,0,1,0,1,0,0,0,0,0,40,6,3,3.0,4,9.0,2,3,1,5,4,1,4,2,6,0,1,0,0,0,1,1,0,0,0,0,1286176.0
b002933,3,0,0,1,0,1,0,0,1,0,0,0,0,0,0,0,0,0,0,0,0,0,0,0,0,0,1,0,0,0,0,1,0,1,0,0,1,0,0,0,0,0,0,0,0,0,0,0,0,0,0,0,0,0,1,0,0,0,20,6,4,9.0,2,4.0,3,6,2,6,3,2,6,3,6,3,0,1,0,0,0,1,1,0,0,0,731494.0
a017657,2,0,0,0,0,0,0,0,0,0,0,0,0,0,0,0,0,0,0,0,0,0,1,0,0,0,1,0,0,0,0,0,0,0,0,0,0,0,0,0,0,0,0,0,0,0,0,0,0,0,1,0,0,0,1,0,0,0,30,5,1,2.0,5,7.49660441426146,2,1,4,3,3,3,3,6,6,0,0,1,0,1,0,0,1,0,0,0,46400.0
c005193,2,1,0,0,0,0,1,0,0,0,0,0,0,0,0,0,0,0,0,0,0,0,1,0,0,0,0,1,0,1,0,0,0,0,1,0,0,0,0,0,0,0,0,0,0,0,0,0,0,0,1,0,0,0,0,1,0,1,20,6,4,12.0,2,5.0,2,6,4,1,5,5,5,6,7,2,0,0,1,0,0,0,1,1,0,0,44000.0
a017941,2,1,0,0,0,0,0,0,0,0,0,0,0,0,0,0,0,0,0,0,0,0,1,0,0,0,0,0,0,1,0,0,0,0,0,0,0,0,0,0,0,0,0,0,0,0,0,0,0,0,1,0,0,0,0,0,0,1,30,8,4,2.0,6,6.0,2,3,3,1,3,6,2,1,5,0,1,0,0,0,1,0,1,0,0,0,175000.0
a006814,2,0,0,0,0,0,0,0,1,0,0,0,0,0,0,0,0,0,0,0,0,0,1,0,0,0,0,0,0,0,0,0,0,0,0,0,1,0,0,0,0,0,0,0,0,0,0,0,0,0,1,0,0,0,0,0,0,1,30,6,2,3.0,4,12.0,2,5,3,2,3,6,6,1,7,1,1,0,1,0,0,0,1,0,0,0,43000.0
a003525,3,1,1,0,0,0,1,0,1,0,0,0,0,0,0,0,0,0,0,0,0,0,1,0,0,0,0,0,0,1,1,0,0,0,1,0,1,0,0,0,0,0,0,0,0,0,0,0,0,0,1,0,0,0,0,0,0,0,20,6,1,2.0,5,7.49660441426146,2,5,5,3,4,2,3,5,4,1,1,1,1,0,0,0,0,0,0,0,273760.0
a005137,2,0,0,0,0,0,0,0,0,0,0,0,0,0,0,0,0,0,0,0,0,0,1,0,1,0,0,0,1,0,0,0,0,0,0,0,0,0,0,0,0,0,0,0,0,0,0,0,0,0,1,0,1,0,0,0,1,0,30,5,4,2.0,5,11.0,3,2,1,2,2,3,1,1,4,1,1,0,0,0,0,1,0,0,0,0,303600.0
a007382,2,0,0,1,0,0,0,0,0,0,0,0,0,0,0,0,0,0,0,0,0,0,0,0,0,0,0,0,0,0,0,1,0,0,0,0,0,0,0,0,0,0,0,0,0,0,0,0,0,0,0,0,0,0,0,0,0,1,30,6,1,13.0,4,7.49660441426146,2,4,2,3,2,2,3,2,4,0,1,1,0,0,0,0,0,1,0,0,3800.0
a011575,3,0,0,0,0,0,1,0,0,0,0,0,0,0,0,0,0,0,0,0,0,1,1,1,0,0,1,0,0,0,0,0,0,0,1,0,0,0,0,0,0,0,0,0,0,0,0,0,0,1,1,1,0,0,1,0,0,0,30,7,1,2.0,4,7.49660441426146,2,3,5,1,6,2,2,6,7,0,1,1,0,1,0,0,0,0,0,0,107700.0
a005633,2,1,0,1,1,0,0,0,0,0,0,0,1,0,0,0,0,0,0,0,0,0,1,0,0,0,0,0,0,1,0,1,1,0,0,0,0,0,0,0,1,0,0,0,0,0,0,0,0,0,1,0,0,0,0,0,0,0,20,7,3,4.0,5,7.0,2,3,2,2,1,4,2,3,6,1,0,0,1,1,0,0,0,0,1,0,741900.0
a004089,3,0,1,0,0,1,0,0,0,0,0,0,0,0,0,0,0,0,0,0,0,0,1,0,0,0,0,0,0,0,1,0,0,1,0,0,0,0,0,0,0,0,0,0,0,0,0,0,0,0,1,0,0,0,0,0,0,1,30,5,1,3.0,4,7.49660441426146,2,4,4,4,4,4,4,4,4,1,0,1,0,0,0,0,0,0,0,0,903240.0
a008121,3,1,0,0,1,0,0,0,0,0,0,0,0,0,0,0,0,0,0,0,0,0,1,1,1,0,0,0,0,1,0,0,1,0,0,0,0,0,0,0,0,0,0,0,0,0,0,0,0,0,1,1,1,0,0,0,0,1,50,7,3,3.0,6,12.0,2,2,2,1,2,3,1,2,7,1,0,0,1,0,1,0,1,0,0,0,1192688.0
a012193,3,1,0,0,1,0,0,0,0,0,0,0,0,0,0,0,0,0,0,0,0,0,1,0,1,0,0,1,0,1,0,0,1,0,0,0,0,0,0,0,0,0,0,0,0,0,0,0,0,0,1,0,1,0,0,1,0,1,60,4,2,4.0,2,5.0,3,3,2,2,5,3,3,3,4,1,0,1,1,0,0,1,0,0,0,0,686000.0
a002558,2,0,0,0,1,0,1,0,0,0,0,1,0,0,0,0,0,0,0,0,0,0,0,0,0,0,0,0,0,0,0,0,1,0,1,0,0,0,0,1,0,0,0,0,0,0,0,0,0,0,0,0,0,0,0,0,0,1,40,6,4,3.0,4,7.0,3,1,2,6,6,6,2,2,6,2,1,0,1,0,0,0,0,1,0,0,81000.0
a009646,2,1,0,0,0,0,1,0,0,0,0,0,0,0,0,0,0,0,0,0,0,0,1,0,0,0,0,0,0,1,0,0,0,0,1,0,0,0,0,0,0,0,0,0,0,0,0,0,0,0,1,0,0,0,0,0,0,1,20,5,1,2.0,2,7.49660441426146,3,4,3,2,1,2,3,7,7,0,1,0,0,1,0,0,0,1,0,0,244400.0
a002324,2,0,0,0,0,0,0,0,0,0,0,0,1,0,0,0,0,0,0,0,0,1,1,0,1,0,1,0,0,0,0,0,0,0,0,0,0,0,0,0,1,0,0,0,0,0,0,0,0,1,1,0,1,0,1,0,0,1,20,6,2,2.0,2,3.0,2,2,5,1,2,4,5,3,5,1,1,0,1,0,0,0,1,0,0,0,25000.0
a007559,2,1,0,0,0,0,1,0,0,0,0,0,0,0,0,0,0,0,0,0,0,1,1,0,1,0,0,0,0,1,0,0,0,0,1,0,0,0,0,0,0,0,0,0,0,0,0,0,0,1,1,0,1,0,0,0,0,0,20,6,4,2.0,3,5.0,3,2,3,1,6,4,2,1,6,1,0,1,0,0,1,0,1,0,0,0,278500.0
a007584,2,1,0,0,1,0,1,0,0,0,0,0,0,0,0,0,0,0,0,0,0,0,0,0,0,0,0,0,0,1,0,0,1,0,1,0,0,0,0,0,0,0,0,0,0,0,0,0,0,0,0,0,0,0,0,0,0,1,20,6,1,2.0,6,7.49660441426146,3,4,2,2,5,3,5,2,6,1,1,0,1,0,1,0,0,0,0,0,134120.0
a006114,2,1,0,0,1,0,0,0,0,0,0,0,1,0,0,0,0,0,0,0,0,0,0,0,0,0,0,0,0,1,0,0,1,0,0,0,0,0,0,0,1,0,0,0,0,0,0,0,0,0,0,0,0,0,0,0,0,0,40,5,4,3.0,6,8.0,2,2,5,5,4,1,4,4,4,3,0,0,1,0,0,0,1,1,0,0,913700.0
a007473,2,1,1,0,0,0,0,0,0,1,0,0,0,0,0,0,0,0,0,0,0,0,0,0,0,0,0,0,0,1,1,0,0,0,0,0,0,1,0,0,0,0,0,0,0,0,0,0,0,0,0,0,0,0,0,0,0,0,40,6,5,3.0,6,6.0,2,2,1,2,6,5,5,4,6,4,1,1,0,0,0,0,1,0,0,0,92600.0
a001057,3,0,0,0,0,1,0,0,0,0,1,0,0,0,0,0,0,0,0,0,0,0,1,1,0,0,0,0,0,0,0,0,0,1,0,0,0,0,1,0,0,0,0,0,0,0,0,0,0,0,1,1,0,0,0,0,0,0,30,6,3,8.0,5,9.0,3,2,3,2,2,6,6,1,7,2,1,0,1,0,0,0,0,0,0,1,1265040.0
a011577,2,1,0,1,1,0,0,0,0,0,0,0,0,0,0,0,0,0,0,0,0,0,0,0,0,1,0,0,0,1,0,1,1,0,0,0,0,0,0,0,0,0,0,0,0,0,0,0,0,0,0,0,0,1,0,0,0,0,30,6,2,1.0,5,10.0,2,6,6,6,2,4,4,4,6,1,1,1,1,0,0,0,0,0,0,0,222550.0
a006435,2,1,0,0,1,1,0,0,0,1,0,0,0,0,0,0,0,0,0,0,0,0,1,0,0,0,1,0,1,1,0,0,1,1,0,0,0,1,0,0,0,0,0,0,0,0,0,0,0,0,1,0,0,0,1,0,1,0,20,6,4,12.0,1,5.0,2,2,2,2,4,3,3,5,6,1,0,1,0,0,0,1,0,1,0,0,39000.0
a002040,2,1,0,0,1,0,1,0,0,0,0,0,0,0,0,0,0,0,0,0,0,1,1,0,0,0,0,0,0,1,0,0,1,0,1,0,0,0,0,0,0,0,0,0,0,0,0,0,0,1,1,0,0,0,0,0,0,1,20,5,3,3.0,5,6.0,2,4,3,2,1,4,2,3,6,1,0,1,0,0,1,0,0,0,0,0,115400.0
a004291,2,0,0,0,1,0,1,0,0,0,0,0,0,0,0,0,0,0,0,0,0,0,0,0,0,0,0,0,0,0,0,0,1,0,1,0,0,0,0,0,0,0,0,0,0,0,0,0,0,0,0,0,0,0,0,0,0,0,20,8,1,12.0,4,7.49660441426146,3,4,2,3,5,3,3,5,4,1,1,1,1,0,0,0,0,0,0,0,190850.0
a003693,4,1,0,0,0,0,1,0,0,0,0,0,0,0,0,0,0,0,0,0,0,0,0,0,0,0,0,0,0,1,0,0,0,0,1,0,0,0,0,0,0,0,0,0,0,0,0,0,0,0,0,0,0,0,0,0,0,1,50,6,6,2.0,6,12.0,2,2,2,2,5,2,5,7,5,0,1,1,0,0,0,0,0,0,0,1,1200900.0
a008491,4,1,1,1,1,1,0,0,0,0,0,0,0,0,0,0,0,0,0,0,0,0,0,0,0,0,0,0,0,1,1,1,1,1,0,0,0,0,0,0,0,0,0,0,0,0,0,0,0,0,0,0,0,0,0,0,0,0,30,5,4,3.0,4,12.0,2,3,2,3,6,6,5,5,1,0,1,0,0,1,0,0,1,0,0,0,557170.0
a017653,2,1,0,0,0,0,0,0,0,0,0,0,0,0,0,0,0,0,0,0,0,1,0,0,0,0,0,0,0,1,0,0,0,0,0,0,0,0,0,0,0,0,0,0,0,0,0,0,0,1,0,0,0,0,0,0,0,1,30,6,1,3.0,5,7.49660441426146,3,4,3,4,2,4,2,7,6,0,1,1,0,1,0,0,0,0,0,0,7900.0
a003636,2,1,0,1,1,0,0,0,0,0,0,0,0,0,0,0,0,0,0,0,0,0,0,0,0,0,0,1,0,1,0,1,1,0,0,0,0,0,0,0,0,0,0,0,0,0,0,0,0,0,0,0,0,0,0,1,0,1,20,6,5,12.0,2,9.0,2,2,6,6,6,1,7,6,6,0,1,0,0,1,0,0,0,1,0,0,25900.0
a002984,3,1,0,0,0,0,0,0,0,0,0,0,0,0,0,0,0,0,0,0,0,1,1,0,0,0,0,0,1,1,0,0,0,0,0,0,0,0,0,0,0,0,0,0,0,0,0,0,0,1,1,0,0,0,0,0,1,1,20,6,4,3.0,4,11.0,3,2,1,4,2,1,4,7,5,1,1,1,0,1,0,0,0,0,0,0,119700.0
a011446,3,1,0,0,1,0,0,0,0,0,0,0,0,0,0,0,0,0,0,0,0,0,1,0,1,0,0,0,0,1,0,0,1,0,0,0,0,0,0,0,0,0,0,0,0,0,0,0,0,0,1,0,1,0,0,0,0,1,30,6,2,3.0,4,8.0,3,6,2,5,2,1,5,5,4,3,1,1,1,0,0,0,0,0,0,0,175800.0
a014228,3,1,0,1,1,0,0,0,0,0,0,0,0,1,0,0,0,0,0,0,0,0,0,0,0,0,0,1,0,1,0,1,1,0,0,0,0,0,0,0,0,1,0,0,0,0,0,0,0,0,0,0,0,0,0,1,0,1,50,6,2,11.0,1,3.0,2,1,4,1,4,2,1,3,7,0,0,1,0,0,0,0,1,1,0,0,1318350.0
a002941,4,0,0,0,0,0,0,0,1,0,1,0,1,0,0,0,0,0,0,0,0,0,1,0,0,0,0,0,0,0,0,0,0,0,0,0,1,0,1,0,1,0,0,0,0,0,0,0,0,0,1,0,0,0,0,0,0,1,30,4,4,4.0,2,5.0,2,4,4,4,4,4,5,7,3,3,1,1,0,0,0,0,1,0,0,0,1425020.0
a002128,2,0,1,0,1,0,1,0,0,0,0,0,0,0,0,0,0,0,0,0,0,0,1,0,0,0,0,0,0,0,1,0,1,0,1,0,0,0,0,0,0,0,0,0,0,0,0,0,0,0,1,0,0,0,0,0,0,1,30,5,4,4.0,1,4.0,2,7,7,7,7,1,7,4,7,3,0,0,1,0,1,0,0,0,0,1,374800.0
a007204,2,1,0,0,0,0,0,0,0,0,0,0,0,0,0,0,0,0,0,0,0,0,0,0,0,0,0,0,0,1,0,0,0,0,0,0,0,0,0,0,0,0,0,0,0,0,0,0,0,0,0,0,0,0,0,0,0,1,30,6,4,3.0,4,11.0,2,4,1,1,7,4,4,1,4,1,0,0,1,0,1,0,0,0,0,1,400300.0
a002162,2,0,0,1,1,0,0,0,0,0,0,0,0,0,0,0,0,0,0,0,0,0,0,0,0,0,0,0,0,0,0,1,1,0,0,0,0,0,0,0,0,0,0,0,0,0,0,0,0,0,0,0,0,0,0,0,0,1,40,6,3,3.0,10,11.0,3,4,6,2,2,2,4,2,4,0,1,0,0,0,0,0,0,1,0,0,46500.0
a000736,2,0,1,0,0,0,1,0,0,0,0,0,0,0,0,0,0,0,0,0,0,0,1,0,0,0,1,1,0,0,1,0,0,0,1,0,0,0,0,0,0,0,0,0,0,0,0,0,0,0,1,0,0,0,1,1,0,1,30,5,1,3.0,4,7.49660441426146,3,1,4,1,4,3,6,3,5,3,1,0,1,0,0,0,1,0,0,0,59000.0
a004246,3,1,1,1,0,0,0,1,0,0,0,0,0,0,0,0,0,0,0,0,0,0,1,0,0,0,0,0,0,1,1,1,0,0,0,1,0,0,0,0,0,0,0,0,0,0,0,0,0,0,1,0,0,0,0,0,0,0,30,6,2,2.0,4,6.0,2,3,3,3,4,3,3,1,5,1,1,1,0,0,0,0,0,1,0,0,323775.0
a001351,4,1,1,0,0,1,0,1,0,0,0,0,0,0,0,0,0,0,0,0,0,1,0,0,0,0,0,0,0,1,1,0,0,1,0,1,0,0,0,0,0,0,0,0,0,0,0,0,0,1,0,0,0,0,0,0,0,0,20,6,3,3.0,5,5.0,3,2,2,4,2,2,6,3,2,1,1,1,1,0,0,0,0,0,0,0,369780.0
a004990,2,0,0,1,0,0,0,0,0,0,0,0,1,0,0,0,0,0,0,0,0,1,1,0,0,0,0,0,0,0,0,1,0,0,0,0,0,0,0,0,1,0,0,0,0,0,0,0,0,1,1,0,0,0,0,0,0,1,50,6,3,11.0,1,12.0,2,3,1,6,1,1,6,1,5,1,0,1,1,0,1,0,0,0,0,0,183520.0
a005777,2,1,0,0,0,0,0,0,0,0,0,0,0,0,0,0,0,0,0,0,0,0,0,0,0,0,1,0,0,1,0,0,0,0,0,0,0,0,0,0,0,0,0,0,0,0,0,0,0,0,0,0,0,0,1,0,0,1,20,6,1,2.0,4,7.49660441426146,2,5,4,2,2,4,6,2,6,1,1,1,0,0,0,0,1,0,0,0,216750.0
a018149,2,1,0,0,0,0,0,0,0,0,0,0,0,0,0,0,0,0,0,0,0,0,0,0,0,0,0,0,0,1,0,0,0,0,0,0,0,0,0,0,0,0,0,0,0,0,0,0,0,0,0,0,0,0,0,0,0,1,30,6,4,11.0,1,7.0,3,6,6,2,5,6,4,1,6,3,1,0,0,0,1,0,0,0,0,1,157300.0
a005703,2,0,0,0,0,0,0,0,0,0,0,1,0,0,0,0,0,0,0,0,0,0,0,0,0,0,0,0,0,0,0,0,0,0,0,0,0,0,0,1,0,0,0,0,0,0,0,0,0,0,0,0,0,0,0,0,0,1,30,4,3,3.0,3,5.0,2,2,2,2,2,1,1,7,4,2,1,0,1,0,0,0,1,0,0,0,120000.0
a003014,4,0,0,0,0,0,0,0,1,0,0,0,0,1,0,0,0,0,0,0,0,1,1,0,0,0,0,0,0,0,0,0,0,0,0,0,1,0,0,0,0,1,0,0,0,0,0,0,0,1,1,0,0,0,0,0,0,0,30,6,4,8.0,8,8.0,2,2,4,2,2,5,5,3,3,3,1,1,1,0,0,0,0,0,0,0,216050.0
a002331,2,0,0,0,0,1,0,1,0,1,1,1,0,0,0,0,0,0,0,0,0,0,0,0,0,0,0,0,0,0,0,0,0,1,0,1,0,1,1,1,0,0,0,0,0,0,0,0,0,0,0,0,0,0,0,0,0,1,20,4,2,4.0,4,4.0,2,2,3,2,5,6,3,2,7,0,0,1,0,1,0,0,1,0,0,0,55000.0
a003380,2,1,0,0,0,1,1,0,0,0,0,0,0,0,0,0,0,0,0,0,0,0,0,1,0,0,0,0,1,1,0,0,0,1,1,0,0,0,0,0,0,0,0,0,0,0,0,0,0,0,0,1,0,0,0,0,1,1,40,5,2,2.0,12,12.0,2,1,1,1,4,4,1,3,5,0,1,0,0,0,0,1,1,0,0,0,30000.0
a002864,2,0,0,1,0,0,1,0,0,0,0,0,0,0,0,0,0,0,0,0,0,0,0,0,0,0,0,0,0,0,0,1,0,0,1,0,0,0,0,0,0,0,0,0,0,0,0,0,0,0,0,0,0,0,0,0,0,1,40,6,4,11.0,1,7.0,4,2,4,2,3,5,5,2,2,0,1,0,0,0,0,1,0,1,0,0,104400.0
a002892,3,0,0,0,0,0,0,0,0,0,0,0,0,0,0,0,0,0,0,0,0,0,1,0,0,0,0,1,0,0,0,0,0,0,0,0,0,0,0,0,0,0,0,0,0,0,0,0,0,0,1,0,0,0,0,1,0,0,40,7,1,13.0,3,7.49660441426146,2,1,7,1,5,6,3,3,6,0,1,0,0,0,1,0,1,0,0,0,106300.0
a000383,3,0,0,0,0,0,0,0,0,0,0,0,0,0,0,0,0,0,0,0,0,0,1,0,0,0,0,0,0,0,0,0,0,0,0,0,0,0,0,0,0,0,0,0,0,0,0,0,0,0,1,0,0,0,0,0,0,0,30,6,3,1.0,5,5.0,2,3,1,2,2,4,4,2,6,2,1,0,0,0,0,0,0,0,0,0,1188470.0
a004265,2,0,0,0,0,0,0,0,0,0,0,0,0,0,0,0,0,0,0,0,0,0,0,0,0,0,0,0,1,0,0,0,0,0,0,0,0,0,0,0,0,0,0,0,0,0,0,0,0,0,0,0,0,0,0,0,1,0,40,6,4,2.0,8,12.0,2,2,4,4,3,2,3,4,4,2,1,1,0,1,0,0,0,0,0,0,43000.0
a002752,2,1,0,0,0,0,1,0,0,0,0,0,0,0,0,0,0,0,0,0,0,0,1,0,0,0,1,0,0,1,0,0,0,0,1,0,0,0,0,0,0,0,0,0,0,0,0,0,0,0,1,0,0,0,1,0,0,1,30,8,3,12.0,4,8.0,3,2,3,1,3,4,1,2,2,1,1,0,1,1,0,0,0,0,0,0,186300.0
a000740,3,1,1,1,0,0,1,0,0,0,0,0,0,0,0,0,0,0,0,0,0,1,0,0,0,0,0,0,0,1,1,1,0,0,1,0,0,0,0,0,0,0,0,0,0,0,0,0,0,1,0,0,0,0,0,0,0,1,30,6,3,5.0,2,4.0,3,2,7,2,5,2,6,5,5,3,0,0,0,0,1,1,0,0,0,0,1492200.0
a010249,3,0,0,0,0,0,0,0,0,0,0,0,0,0,0,0,0,0,0,0,0,1,0,1,1,0,0,1,1,0,0,0,0,0,0,0,0,0,0,0,0,0,0,0,0,0,0,0,0,1,0,1,1,0,0,1,1,1,20,6,1,2.0,4,7.49660441426146,3,2,2,3,3,3,5,3,6,1,1,1,1,0,0,0,0,0,0,0,126000.0
c005060,2,0,0,0,0,0,0,0,0,0,0,0,0,0,0,0,0,0,0,0,0,0,0,0,0,0,0,0,1,0,0,0,0,0,0,0,0,0,0,0,0,0,0,0,0,0,0,0,0,0,0,0,0,0,0,0,1,1,40,7,2,2.0,6,8.0,2,2,4,2,4,2,3,4,3,1,0,1,0,0,0,0,1,0,1,0,637800.0
a000201,4,1,0,0,0,0,0,0,0,0,0,0,0,0,0,0,0,0,0,0,0,0,0,0,0,0,0,0,0,1,0,0,0,0,0,0,0,0,0,0,0,0,0,0,0,0,0,0,0,0,0,0,0,0,0,0,0,1,20,7,4,4.0,4,11.0,3,4,4,4,4,4,5,4,4,1,1,1,1,0,0,0,0,0,0,0,1025300.0
a001649,3,0,0,1,0,0,0,0,0,0,0,0,0,0,0,0,0,0,0,0,0,0,0,0,0,0,0,0,1,0,0,1,0,0,0,0,0,0,0,0,0,0,0,0,0,0,0,0,0,0,0,0,0,0,0,0,1,1,20,6,1,3.0,4,7.49660441426146,2,3,7,2,3,1,2,1,6,0,1,1,0,0,0,0,1,0,0,0,390950.0
a002108,3,0,0,1,1,0,0,0,0,0,0,1,1,0,0,0,0,0,0,0,0,0,1,0,0,0,0,0,0,0,0,1,1,0,0,0,0,0,0,1,1,0,0,0,0,0,0,0,0,0,1,0,0,0,0,0,0,1,20,8,1,12.0,3,7.49660441426146,4,4,2,3,5,4,4,5,3,1,1,1,1,0,0,0,0,0,0,0,785920.0
a018158,2,1,0,0,1,0,0,0,0,0,0,0,0,0,0,0,0,0,0,0,0,0,1,0,0,0,1,0,0,1,0,0,1,0,0,0,0,0,0,0,0,0,0,0,0,0,0,0,0,0,1,0,0,0,1,0,0,1,20,7,4,12.0,2,6.0,3,5,2,4,3,5,3,3,7,0,1,1,0,0,1,0,0,0,0,0,24000.0
a003317,4,1,0,1,0,0,1,0,0,0,0,1,0,0,0,0,0,0,0,0,0,1,0,0,0,0,0,0,0,1,0,1,0,0,1,0,0,0,0,1,0,0,0,0,0,0,0,0,0,1,0,0,0,0,0,0,0,1,20,6,1,2.0,4,7.49660441426146,3,7,1,2,7,6,6,2,3,0,1,1,0,0,1,0,0,0,0,0,1363100.0
a017841,2,0,0,0,1,0,1,0,0,1,0,1,0,0,0,0,0,0,0,0,0,0,0,0,1,0,0,0,0,0,0,0,1,0,1,0,0,1,0,1,0,0,0,0,0,0,0,0,0,0,0,0,1,0,0,0,0,1,30,6,2,3.0,4,11.0,2,5,2,2,2,6,4,5,6,0,1,1,0,0,0,0,1,0,0,0,141100.0
a004711,2,0,1,0,0,0,0,0,0,0,0,0,0,0,0,0,0,0,0,0,0,0,0,0,0,0,1,1,0,0,1,0,0,0,0,0,0,0,0,0,0,0,0,0,0,0,0,0,0,0,0,0,0,0,1,1,0,1,30,6,1,2.0,4,7.49660441426146,3,2,2,2,4,6,6,3,3,3,1,1,1,0,0,0,0,0,0,0,372200.0
a006487,2,1,0,0,0,0,0,0,0,0,0,0,0,0,0,0,0,0,0,0,0,0,0,0,0,0,0,0,0,1,0,0,0,0,0,0,0,0,0,0,0,0,0,0,0,0,0,0,0,0,0,0,0,0,0,0,0,1,20,6,5,3.0,3,12.0,2,6,2,3,3,5,3,1,5,0,1,0,0,0,0,0,1,0,0,1,171850.0
a007770,2,1,0,0,1,0,0,0,0,0,0,0,0,0,0,0,0,0,0,0,0,0,1,0,0,0,0,0,0,1,0,0,1,0,0,0,0,0,0,0,0,0,0,0,0,0,0,0,0,0,1,0,0,0,0,0,0,1,20,6,1,4.0,4,7.49660441426146,2,3,3,5,3,2,2,3,2,1,1,0,1,0,0,0,1,0,0,0,520160.0
a010558,2,0,0,0,0,0,0,0,0,0,1,0,0,0,0,0,0,0,0,0,0,0,0,0,0,0,0,0,0,0,0,0,0,0,0,0,0,0,1,0,0,0,0,0,0,0,0,0,0,0,0,0,0,0,0,0,0,0,20,5,3,8.0,4,8.0,2,2,3,1,1,4,6,6,5,1,1,0,0,0,1,0,1,0,0,0,186800.0
a010288,4,0,1,1,0,0,1,0,1,1,0,0,0,0,0,0,0,0,0,0,0,0,0,0,0,0,0,0,0,0,1,1,0,0,1,0,1,1,0,0,0,0,0,0,0,0,0,0,0,0,0,0,0,0,0,0,0,1,20,6,2,2.0,4,6.0,1,1,1,1,1,7,1,7,7,1,0,0,1,0,0,0,1,1,0,0,1369800.0
a003394,2,0,1,0,0,0,0,0,0,0,0,0,0,0,0,0,0,0,0,0,0,1,0,0,0,0,0,0,0,0,1,0,0,0,0,0,0,0,0,0,0,0,0,0,0,0,0,0,0,1,0,0,0,0,0,0,0,1,30,6,3,13.0,5,10.0,2,2,4,3,2,2,6,6,6,0,1,1,0,0,0,0,1,0,0,0,27000.0
a006434,2,1,0,0,0,0,0,0,0,0,0,0,0,0,0,0,0,0,0,0,0,1,0,1,0,0,1,1,0,1,0,0,0,0,0,0,0,0,0,0,0,0,0,0,0,0,0,0,0,1,0,1,0,0,1,1,0,1,20,6,4,2.0,4,9.0,2,2,2,2,2,6,2,4,6,1,1,0,1,1,0,0,0,0,0,0,268510.0
a007344,2,1,1,1,0,1,1,0,0,0,0,0,0,0,0,0,0,0,0,0,0,0,0,0,0,0,0,0,0,1,1,1,0,1,1,0,0,0,0,0,0,0,0,0,0,0,0,0,0,0,0,0,0,0,0,0,0,0,50,6,4,3.0,7,7.0,2,4,1,1,1,1,2,1,7,2,1,1,1,0,0,0,0,0,0,0,86500.0
a000574,4,0,0,1,0,0,1,1,0,1,0,0,0,0,0,0,0,0,0,0,0,0,0,0,0,0,0,1,0,0,0,1,0,0,1,1,0,1,0,0,0,0,0,0,0,0,0,0,0,0,0,0,0,0,0,1,0,1,30,6,1,3.0,6,7.49660441426146,2,5,3,2,5,6,6,2,2,1,1,0,0,0,0,0,1,0,0,0,159589.0
a017876,2,0,0,0,0,0,0,0,0,0,0,0,0,0,0,0,0,0,0,0,0,1,0,0,1,0,0,1,0,0,0,0,0,0,0,0,0,0,0,0,0,0,0,0,0,0,0,0,0,1,0,0,1,0,0,1,0,1,40,7,1,3.0,7,7.49660441426146,3,1,4,4,1,1,4,1,1,4,1,1,1,0,0,0,0,0,0,0,235000.0
a011069,3,0,0,0,1,0,1,1,0,0,0,0,0,0,0,0,0,0,0,0,0,0,1,0,0,0,0,0,0,0,0,0,1,0,1,1,0,0,0,0,0,0,0,0,0,0,0,0,0,0,1,0,0,0,0,0,0,1,20,6,3,3.0,5,12.0,3,3,3,4,2,2,5,2,4,0,1,1,0,0,0,0,1,0,0,0,1113100.0
a006821,2,0,0,0,0,0,0,0,0,1,0,1,1,0,0,0,0,0,0,0,0,1,0,0,0,0,1,0,0,0,0,0,0,0,0,0,0,1,0,1,1,0,0,0,0,0,0,0,0,1,0,0,0,0,1,0,0,1,20,6,4,13.0,1,7.0,3,5,4,5,3,2,5,3,6,0,1,1,0,1,0,0,0,0,0,0,27500.0
a017570,2,1,0,0,0,0,0,0,0,0,0,0,0,0,0,0,0,0,0,0,0,0,0,0,0,0,0,0,0,1,0,0,0,0,0,0,0,0,0,0,0,0,0,0,0,0,0,0,0,0,0,0,0,0,0,0,0,0,40,8,2,2.0,1,9.0,2,1,1,1,4,3,2,1,7,0,1,1,0,0,0,0,0,0,0,1,93460.0
a004821,2,0,0,0,0,0,1,0,0,1,0,0,0,0,0,0,0,0,0,0,0,0,0,0,0,0,0,0,0,0,0,0,0,0,1,0,0,1,0,0,0,0,0,0,0,0,0,0,0,0,0,0,0,0,0,0,0,1,30,6,1,3.0,4,7.49660441426146,2,6,6,2,2,3,3,2,6,0,1,1,0,0,0,0,0,0,0,0,6700.0
a006022,2,0,0,0,0,0,0,0,0,0,0,0,0,0,0,0,0,0,0,0,0,0,0,0,0,0,0,0,1,0,0,0,0,0,0,0,0,0,0,0,0,0,0,0,0,0,0,0,0,0,0,0,0,0,0,0,1,0,40,7,4,3.0,7,7.0,2,1,3,1,6,6,2,6,1,1,0,0,0,0,0,1,0,0,0,0,35500.0
a004669,2,1,0,0,0,0,1,0,0,1,0,0,0,0,0,0,0,0,0,0,0,0,0,0,0,0,0,0,0,1,0,0,0,0,1,0,0,1,0,0,0,0,0,0,0,0,0,0,0,0,0,0,0,0,0,0,0,0,30,6,1,2.0,4,7.49660441426146,3,7,2,7,7,7,7,2,2,0,0,0,0,0,1,0,1,0,0,1,52400.0
a008050,2,1,0,0,0,0,1,0,0,0,0,0,0,0,0,0,0,0,0,0,0,0,0,0,0,0,0,0,0,1,0,0,0,0,1,0,0,0,0,0,0,0,0,0,0,0,0,0,0,0,0,0,0,0,0,0,0,0,30,7,1,2.0,7,7.49660441426146,2,7,1,7,1,1,1,1,7,0,1,1,0,0,0,0,1,0,0,0,236800.0
a000930,3,0,0,0,0,0,0,0,1,0,0,0,1,0,0,0,0,0,0,0,0,1,1,0,0,0,1,0,0,0,0,0,0,0,0,0,1,0,0,0,1,0,0,0,0,0,0,0,0,1,1,0,0,0,1,0,0,1,20,6,3,3.0,3,11.0,2,2,1,2,3,3,2,1,6,0,1,1,0,1,0,0,0,0,0,0,198750.0
a004321,2,0,0,1,0,0,0,0,0,1,0,0,0,0,0,0,0,0,0,0,0,0,0,0,0,0,0,0,0,0,0,1,0,0,0,0,0,1,0,0,0,0,0,0,0,0,0,0,0,0,0,0,0,0,0,0,0,0,40,6,5,1.0,9,12.0,3,2,2,6,4,2,4,6,1,4,1,0,1,0,0,0,0,1,0,0,80500.0
a006408,2,1,0,1,1,0,0,0,0,1,0,0,0,0,0,0,0,0,0,0,0,1,1,0,0,0,1,1,0,1,0,1,1,0,0,0,0,1,0,0,0,0,0,0,0,0,0,0,0,1,1,0,0,0,1,1,0,1,30,7,4,2.0,5,8.0,2,4,4,3,4,4,3,5,5,3,1,0,0,0,0,1,1,0,0,0,925300.0
a007651,2,0,0,0,0,0,0,0,0,1,0,0,0,0,0,0,0,0,0,0,0,0,1,0,0,0,0,0,0,0,0,0,0,0,0,0,0,1,0,0,0,0,0,0,0,0,0,0,0,0,1,0,0,0,0,0,0,0,20,5,2,2.0,4,10.0,2,6,2,1,1,6,1,1,7,1,0,0,0,0,1,0,1,0,0,0,140500.0
a007774,2,1,0,1,0,0,0,0,0,0,0,0,0,0,0,0,0,0,0,0,0,1,1,0,0,0,1,0,0,1,0,1,0,0,0,0,0,0,0,0,0,0,0,0,0,0,0,0,0,1,1,0,0,0,1,0,0,1,20,6,4,4.0,2,8.0,2,5,1,1,3,6,7,1,7,0,1,0,0,0,1,0,1,0,0,0,25000.0
a001546,3,0,1,0,0,0,0,1,0,0,1,0,0,0,0,0,0,0,0,0,0,0,1,1,0,0,0,0,0,0,1,0,0,0,0,1,0,0,1,0,0,0,0,0,0,0,0,0,0,0,1,1,0,0,0,0,0,0,20,6,1,2.0,6,7.49660441426146,3,2,1,1,2,2,4,2,6,1,1,1,1,0,0,0,0,0,0,0,499400.0
a011777,3,1,0,0,0,1,0,0,0,0,0,0,0,0,0,0,0,0,0,0,0,1,1,0,0,0,0,0,1,1,0,0,0,1,0,0,0,0,0,0,0,0,0,0,0,0,0,0,0,1,1,0,0,0,0,0,1,1,40,6,2,2.0,2,7.0,2,2,4,3,3,5,5,2,6,1,1,1,0,0,0,1,0,0,0,0,324756.0
a000014,3,0,1,1,0,1,0,0,1,0,1,0,0,0,0,0,0,0,0,0,0,0,0,0,0,0,0,0,0,0,0,0,0,0,0,0,1,0,0,0,0,0,0,0,0,0,0,0,0,0,0,0,0,0,0,0,0,0,50,7,3,2.0,12,12.0,3,2,2,6,2,2,6,2,7,7,1,1,0,0,0,0,0,0,0,1,1597720.0
a017870,2,1,0,0,1,0,1,0,0,0,0,0,0,0,0,0,0,0,0,0,0,0,1,0,0,0,0,0,0,1,0,0,1,0,1,0,0,0,0,0,0,0,0,0,0,0,0,0,0,0,1,0,0,0,0,0,0,0,20,5,1,3.0,4,7.49660441426146,2,4,3,4,6,4,3,6,5,0,1,1,0,0,1,0,0,0,0,0,149520.0
a012504,3,1,1,0,0,0,1,0,0,0,1,0,0,0,0,0,0,0,0,0,0,1,1,0,1,0,1,0,0,1,1,0,0,0,1,0,0,0,1,0,0,0,0,0,0,0,0,0,0,1,1,0,1,0,1,0,0,0,20,6,4,12.0,1,7.0,3,6,1,1,1,5,6,5,5,0,0,1,0,1,0,0,1,0,0,0,854700.0
a006574,2,1,0,0,1,1,1,1,0,0,0,0,0,0,0,0,0,0,0,0,0,0,0,0,0,0,0,0,0,1,0,0,1,1,1,1,0,0,0,0,0,0,0,0,0,0,0,0,0,0,0,0,0,0,0,0,0,1,20,5,4,12.0,2,8.0,2,4,3,2,3,6,5,7,6,3,1,0,1,0,0,0,0,0,1,0,367500.0
a006498,2,1,0,0,0,0,1,0,0,0,0,0,0,0,0,0,0,0,0,0,0,0,1,0,0,0,1,0,0,1,0,0,0,0,1,0,0,0,0,0,0,0,0,0,0,0,0,0,0,0,1,0,0,0,1,0,0,1,20,6,5,2.0,1,8.0,2,2,1,6,1,1,7,5,7,0,1,1,0,0,1,0,0,0,0,0,161200.0
a005924,2,0,1,1,0,0,0,0,0,1,0,1,0,0,0,0,0,0,0,0,0,0,0,0,1,0,0,0,0,0,1,1,0,0,0,0,0,1,0,1,0,0,0,0,0,0,0,0,0,0,0,0,1,0,0,0,0,1,40,6,3,3.0,1,7.0,3,3,4,3,6,5,3,5,3,2,1,0,1,0,0,0,1,0,0,0,702000.0
a012042,2,1,1,1,0,0,0,0,0,0,0,0,0,1,0,0,0,0,0,0,0,0,1,0,0,0,0,0,0,1,1,1,0,0,0,0,0,0,0,0,0,1,0,0,0,0,0,0,0,0,1,0,0,0,0,0,0,1,50,5,3,2.0,2,6.0,1,4,1,1,6,1,7,1,7,1,0,1,1,0,0,0,1,0,0,0,32800.0
a007035,2,0,0,0,0,0,1,0,0,0,0,0,0,0,0,0,0,0,0,0,0,0,0,0,0,0,0,0,0,0,0,0,0,0,1,0,0,0,0,0,0,0,0,0,0,0,0,0,0,0,0,0,0,0,0,0,0,1,40,6,5,11.0,1,9.0,2,3,3,5,2,3,5,5,3,1,0,1,1,0,0,0,0,1,0,0,108500.0
a006438,2,0,0,0,0,0,0,0,0,1,0,0,0,0,0,0,0,0,0,0,0,0,0,0,0,0,0,0,0,0,0,0,0,0,0,0,0,1,0,0,0,0,0,0,0,0,0,0,0,0,0,0,0,0,0,0,0,1,30,4,2,13.0,5,7.0,2,1,4,1,1,1,4,7,7,0,0,1,0,0,1,0,0,0,0,1,201700.0
a005399,3,0,0,1,0,0,1,0,0,0,0,0,0,0,0,0,0,0,0,0,0,0,0,0,0,0,0,1,0,0,0,1,0,0,1,0,0,0,0,0,0,0,0,0,0,0,0,0,0,0,0,0,0,0,0,1,0,1,30,7,4,3.0,5,8.0,2,4,1,1,1,6,4,1,4,3,1,1,1,0,0,0,0,0,0,0,222500.0
a011641,2,1,0,0,0,1,0,0,0,0,1,0,0,0,0,0,0,0,0,0,0,0,1,0,0,0,1,0,0,1,0,0,0,1,0,0,0,0,1,0,0,0,0,0,0,0,0,0,0,0,1,0,0,0,1,0,0,1,20,5,5,12.0,3,12.0,4,3,3,2,3,5,3,5,5,2,0,1,0,0,1,1,0,0,0,0,205000.0
a006296,2,1,0,0,1,0,0,0,0,0,0,0,0,0,0,0,0,0,0,0,0,0,0,0,1,0,0,0,0,1,0,0,1,0,0,0,0,0,0,0,0,0,0,0,0,0,0,0,0,0,0,0,1,0,0,0,0,1,20,6,3,2.0,2,10.0,2,2,1,1,7,3,1,7,3,1,0,1,1,0,0,0,1,0,0,0,143400.0
a017855,2,0,0,0,0,0,1,0,0,0,0,0,0,0,0,0,0,0,0,0,0,0,0,0,0,0,0,0,0,0,0,0,0,0,1,0,0,0,0,0,0,0,0,0,0,0,0,0,0,0,0,0,0,0,0,0,0,1,30,6,2,4.0,3,6.0,3,3,4,4,3,4,4,4,4,0,1,0,0,0,0,0,1,1,0,0,115640.0
a006499,2,1,0,0,0,0,1,0,0,0,0,0,0,0,0,0,0,0,0,0,0,0,1,0,0,0,1,0,0,1,0,0,0,0,1,0,0,0,0,0,0,0,0,0,0,0,0,0,0,0,1,0,0,0,1,0,0,1,40,6,1,3.0,3,7.49660441426146,2,3,3,3,2,1,4,6,6,0,1,1,0,0,0,0,0,1,0,0,91000.0
a015683,3,0,1,0,0,0,0,0,0,0,0,0,0,0,0,0,0,0,0,0,0,1,1,0,1,0,1,0,0,0,1,0,0,0,0,0,0,0,0,0,0,0,0,0,0,0,0,0,0,1,1,0,1,0,1,0,0,1,20,7,2,12.0,3,3.0,3,3,2,1,2,5,5,1,7,1,1,0,1,0,0,0,1,0,0,0,101917.0
a006949,2,0,1,1,0,0,1,0,0,0,0,1,0,0,0,0,0,0,0,0,0,1,1,0,1,0,1,1,0,0,1,1,0,0,1,0,0,0,0,1,0,0,0,0,0,0,0,0,0,1,1,0,1,0,1,1,0,1,30,6,5,3.0,8,8.0,2,5,6,3,3,6,3,2,6,3,0,0,1,0,0,0,1,1,0,0,33000.0
a006979,2,0,0,0,0,0,0,0,0,0,0,0,0,0,0,0,0,0,0,0,0,0,1,0,0,0,0,0,0,0,0,0,0,0,0,0,0,0,0,0,0,0,0,0,0,0,0,0,0,0,1,0,0,0,0,0,0,1,50,6,1,2.0,4,7.49660441426146,3,4,5,5,4,4,5,4,5,0,1,1,0,0,0,0,1,0,0,0,11000.0
a003329,3,0,1,0,0,0,0,0,0,0,0,0,1,0,0,0,0,0,0,0,0,0,1,0,0,0,0,0,0,0,1,0,0,0,0,0,0,0,0,0,1,0,0,0,0,0,0,0,0,0,1,0,0,0,0,0,0,1,20,5,3,4.0,1,4.0,4,2,1,4,3,2,4,6,5,2,1,1,0,0,0,0,1,0,0,0,1162200.0
a007336,2,0,0,0,0,0,0,0,0,0,0,0,0,0,0,0,0,0,0,0,0,1,1,0,0,0,0,0,0,0,0,0,0,0,0,0,0,0,0,0,0,0,0,0,0,0,0,0,0,1,1,0,0,0,0,0,0,0,30,6,1,3.0,4,7.49660441426146,2,5,2,4,1,2,3,3,6,1,1,0,1,0,0,0,0,0,0,0,308800.0
a000351,2,0,0,1,0,0,0,0,0,0,0,0,0,1,0,0,0,0,0,0,0,1,0,0,0,0,0,0,0,0,0,1,0,0,0,0,0,0,0,0,0,1,0,0,0,0,0,0,0,1,0,0,0,0,0,0,0,1,40,6,2,2.0,4,4.0,2,2,6,2,3,2,3,2,6,0,1,0,0,0,0,0,1,1,0,0,41150.0
a007829,2,1,1,0,0,1,0,0,0,0,1,0,0,0,0,0,0,0,0,0,0,0,1,0,0,0,0,0,0,1,1,0,0,1,0,0,0,0,1,0,0,0,0,0,0,0,0,0,0,0,1,0,0,0,0,0,0,0,20,6,4,12.0,2,5.0,2,2,1,1,6,6,4,6,6,1,1,0,1,0,0,0,0,0,0,0,201000.0
a005546,3,0,0,0,1,0,0,0,1,0,0,0,0,0,0,0,0,0,0,0,0,0,0,0,1,0,0,1,0,0,0,0,1,0,0,0,1,0,0,0,0,0,0,0,0,0,0,0,0,0,0,0,1,0,0,1,0,0,20,6,1,12.0,2,7.49660441426146,3,6,1,2,2,1,5,3,4,1,1,1,1,0,0,0,0,0,0,0,320000.0
a005165,2,0,1,0,0,0,0,0,0,0,0,0,0,0,0,0,0,0,0,0,0,0,0,0,0,0,0,0,0,0,1,0,0,0,0,0,0,0,0,0,0,0,0,0,0,0,0,0,0,0,0,0,0,0,0,0,0,0,30,6,1,2.0,7,7.49660441426146,3,3,2,2,3,4,6,2,6,1,0,0,1,0,0,0,1,0,1,0,290600.0
a006472,2,0,1,0,0,0,0,0,0,0,0,0,0,0,0,0,0,0,0,0,0,0,0,0,0,0,0,0,0,0,1,0,0,0,0,0,0,0,0,0,0,0,0,0,0,0,0,0,0,0,0,0,0,0,0,0,0,0,30,6,1,2.0,5,7.49660441426146,3,6,2,2,2,2,6,6,6,1,1,0,1,0,0,0,1,0,0,0,311500.0
a007325,2,1,0,0,0,0,0,0,0,0,0,0,0,0,0,0,0,0,0,0,0,0,0,0,0,0,0,0,0,1,0,0,0,0,0,0,0,0,0,0,0,0,0,0,0,0,0,0,0,0,0,0,0,0,0,0,0,0,30,4,2,3.0,3,5.0,3,2,1,4,1,1,1,4,3,0,1,0,0,0,0,0,1,0,0,0,29350.0
a002833,2,0,1,1,0,0,1,0,0,0,0,1,0,0,0,0,0,0,0,0,0,0,1,0,0,0,0,0,0,0,1,1,0,0,1,0,0,0,0,1,0,0,0,0,0,0,0,0,0,0,1,0,0,0,0,0,0,1,20,6,3,3.0,3,5.0,3,3,4,1,2,4,3,4,3,0,1,1,0,0,0,1,0,0,0,0,89600.0
a017874,2,0,0,1,0,0,0,0,0,0,0,0,0,0,0,0,0,0,0,0,0,0,0,0,0,0,0,0,0,0,0,1,0,0,0,0,0,0,0,0,0,0,0,0,0,0,0,0,0,0,0,0,0,0,0,0,0,0,30,6,1,12.0,1,7.49660441426146,3,4,2,3,4,5,2,5,4,0,1,0,0,0,0,0,1,1,0,0,20000.0
a002571,2,1,0,1,1,1,0,0,0,0,0,1,0,0,0,0,0,0,0,0,0,0,0,0,0,0,0,0,0,1,0,1,1,1,0,0,0,0,0,1,0,0,0,0,0,0,0,0,0,0,0,0,0,0,0,0,0,0,40,7,4,3.0,7,11.0,2,1,2,4,2,2,4,5,3,3,0,0,1,0,0,0,1,1,0,0,221340.0
a004756,3,0,1,1,1,0,1,0,0,0,0,0,1,0,0,0,0,0,0,0,0,0,1,0,1,0,0,0,0,0,1,1,1,0,1,0,0,0,0,0,1,0,0,0,0,0,0,0,0,0,1,0,1,0,0,0,0,0,20,6,4,12.0,2,4.0,3,7,7,7,3,2,2,6,1,1,1,0,1,0,0,0,1,0,0,0,530000.0
a007268,2,0,1,0,0,0,0,0,0,0,0,0,0,0,0,0,0,0,0,0,0,0,1,0,0,0,0,0,0,0,1,0,0,0,0,0,0,0,0,0,0,0,0,0,0,0,0,0,0,0,1,0,0,0,0,0,0,1,30,6,3,2.0,4,7.0,2,6,6,6,7,6,6,5,4,2,1,0,1,0,0,0,1,0,0,0,1432200.0
a002826,3,0,0,0,1,0,0,1,0,0,0,0,0,0,0,0,0,0,0,0,0,1,0,0,1,0,0,1,0,0,0,0,1,0,0,1,0,0,0,0,0,0,0,0,0,0,0,0,0,1,0,0,1,0,0,1,0,0,20,6,3,3.0,4,7.0,2,5,2,6,2,2,2,6,2,1,1,1,1,0,0,0,0,0,0,0,626200.0
a002978,2,1,0,0,1,0,0,0,0,0,0,0,0,0,0,0,0,0,0,0,0,0,1,0,0,0,1,0,0,1,0,0,1,0,0,0,0,0,0,0,0,0,0,0,0,0,0,0,0,0,1,0,0,0,1,0,0,1,30,5,2,13.0,4,6.0,2,4,5,3,3,3,5,5,5,2,1,0,1,0,1,0,0,0,0,0,247950.0
a003183,3,0,1,0,0,0,0,0,0,0,1,0,0,0,0,0,0,0,0,0,0,0,1,1,1,0,0,0,0,0,1,0,0,0,0,0,0,0,1,0,0,0,0,0,0,0,0,0,0,0,1,1,1,0,0,0,0,0,20,6,1,2.0,4,7.49660441426146,2,4,3,3,4,6,4,4,5,1,1,1,1,0,0,0,0,0,0,0,427360.0
a007653,2,0,1,0,0,0,0,0,0,0,0,0,0,0,0,0,0,0,0,0,0,0,1,0,0,0,1,0,0,0,1,0,0,0,0,0,0,0,0,0,0,0,0,0,0,0,0,0,0,0,1,0,0,0,1,0,0,1,20,5,4,3.0,4,6.0,2,2,1,1,2,2,2,1,7,1,0,0,1,0,1,0,1,0,0,0,466140.0
a005320,2,1,0,0,1,0,0,0,0,0,0,0,0,0,0,0,0,0,0,0,0,1,1,0,1,0,0,0,0,1,0,0,1,0,0,0,0,0,0,0,0,0,0,0,0,0,0,0,0,1,1,0,1,0,0,0,0,0,30,7,3,2.0,8,11.0,1,2,4,1,4,4,2,1,5,4,1,0,1,0,0,0,0,0,1,0,100000.0
a004273,2,0,0,0,1,0,0,0,0,0,0,0,0,0,0,0,0,0,0,0,0,0,1,0,0,0,1,0,0,0,0,0,1,0,0,0,0,0,0,0,0,0,0,0,0,0,0,0,0,0,1,0,0,0,1,0,0,0,40,6,2,3.0,5,7.0,4,2,4,1,4,4,5,5,7,1,1,0,0,0,1,0,1,0,0,0,75000.0
a000912,3,0,0,0,0,0,0,0,0,0,1,0,0,0,0,0,0,0,0,0,0,0,1,0,0,0,1,0,0,0,0,0,0,0,0,0,0,0,1,0,0,0,0,0,0,0,0,0,0,0,1,0,0,0,1,0,0,0,20,6,4,3.0,3,11.0,3,4,1,3,1,3,4,1,6,2,1,1,1,0,0,0,0,0,0,0,1846756.0
a005166,2,1,0,0,0,0,0,0,0,0,0,0,0,0,0,0,0,0,0,0,0,0,1,0,0,0,1,0,0,1,0,0,0,0,0,0,0,0,0,0,0,0,0,0,0,0,0,0,0,0,1,0,0,0,1,0,0,1,30,6,3,3.0,5,10.0,2,6,6,6,3,2,6,1,7,2,0,1,1,0,1,0,0,0,0,0,60400.0
a002055,3,0,0,1,1,0,1,0,0,1,0,0,0,0,0,0,0,0,0,0,0,0,0,0,0,0,0,0,0,0,0,1,1,0,1,0,0,1,0,0,0,0,0,0,0,0,0,0,0,0,0,0,0,0,0,0,0,1,60,4,5,11.0,4,9.0,2,2,6,6,6,3,6,6,3,4,1,0,1,0,0,0,0,1,0,0,1101630.0
a003919,3,0,0,0,0,0,1,0,0,0,0,0,0,0,0,0,0,0,0,0,0,0,0,0,1,0,1,1,1,0,0,0,0,0,1,0,0,0,0,0,0,0,0,0,0,0,0,0,0,0,0,0,1,0,1,1,1,1,20,6,1,3.0,6,7.49660441426146,2,2,1,3,2,2,5,5,1,1,1,1,0,0,0,1,0,0,0,0,1512400.0
a018218,2,0,1,0,0,0,0,0,0,0,0,0,0,0,0,0,0,0,0,0,0,0,0,0,0,0,0,0,0,0,1,0,0,0,0,0,0,0,0,0,0,0,0,0,0,0,0,0,0,0,0,0,0,0,0,0,0,1,30,5,3,13.0,3,6.0,3,2,2,2,3,2,2,6,4,0,0,0,0,0,0,1,1,1,0,0,294200.0
a006027,2,0,0,0,0,0,0,0,0,0,0,0,0,0,0,0,0,0,0,0,0,0,0,0,0,0,0,0,1,0,0,0,0,0,0,0,0,0,0,0,0,0,0,0,0,0,0,0,0,0,0,0,0,0,0,0,1,1,30,6,1,3.0,5,7.49660441426146,2,2,2,2,3,2,2,3,6,0,1,0,0,0,0,1,1,0,0,0,8100.0
a007124,2,0,0,0,0,1,0,0,0,0,0,0,0,0,0,0,0,0,0,0,0,1,0,0,0,0,0,0,0,0,0,0,0,1,0,0,0,0,0,0,0,0,0,0,0,0,0,0,0,1,0,0,0,0,0,0,0,0,40,7,4,3.0,8,8.0,2,2,2,2,4,4,2,4,6,0,1,1,0,0,0,1,0,0,0,0,430000.0
a001923,3,0,0,1,0,0,1,0,0,0,0,0,1,0,0,0,0,0,0,0,0,0,1,0,0,0,0,0,0,0,0,1,0,0,1,0,0,0,0,0,1,0,0,0,0,0,0,0,0,0,1,0,0,0,0,0,0,1,40,6,3,2.0,4,6.0,2,5,3,2,1,2,5,6,7,0,0,0,0,0,1,0,0,1,0,0,332400.0
a011423,3,1,0,0,1,0,0,0,0,1,0,0,0,0,0,0,0,0,0,0,0,0,1,0,0,0,1,0,0,1,0,0,1,0,0,0,0,1,0,0,0,0,0,0,0,0,0,0,0,0,1,0,0,0,1,0,0,0,20,7,5,12.0,2,5.0,3,4,3,1,5,5,6,7,6,1,0,1,0,0,0,0,0,0,0,0,865560.0
a002301,2,0,0,0,0,0,0,0,0,0,0,0,0,0,0,0,0,0,0,0,0,0,0,0,0,0,1,0,0,0,0,0,0,0,0,0,0,0,0,0,0,0,0,0,0,0,0,0,0,0,0,0,0,0,1,0,0,0,30,5,3,1.0,5,8.0,3,2,4,2,3,2,1,5,4,1,1,1,0,0,0,0,0,0,0,0,75500.0
a002018,3,0,0,0,0,0,0,0,0,0,0,0,0,0,0,0,0,0,0,0,0,0,1,0,1,0,1,1,1,0,0,0,0,0,0,0,0,0,0,0,0,0,0,0,0,0,0,0,0,0,1,0,1,0,1,1,1,0,30,6,2,9.0,4,4.0,2,2,1,2,2,6,2,7,4,0,1,1,0,0,0,0,1,0,0,0,279129.0
a005204,2,0,0,1,1,0,1,0,0,0,0,0,0,0,0,0,0,0,0,0,0,0,0,0,0,0,0,0,0,0,0,1,1,0,1,0,0,0,0,0,0,0,0,0,0,0,0,0,0,0,0,0,0,0,0,0,0,0,40,5,1,7.0,4,7.49660441426146,2,4,2,4,5,4,4,2,7,1,1,1,1,0,0,0,0,0,0,0,27600.0
a008166,2,0,0,1,1,0,0,0,0,0,0,0,0,0,0,0,0,0,0,0,0,0,1,1,0,0,0,1,0,0,0,1,1,0,0,0,0,0,0,0,0,0,0,0,0,0,0,0,0,0,1,1,0,0,0,1,0,0,60,6,2,2.0,2,3.0,2,3,3,3,3,2,5,3,5,2,1,0,0,1,0,1,0,0,0,0,70900.0
a017976,2,0,0,1,1,0,0,0,0,0,0,0,1,1,0,0,0,0,0,0,0,0,1,0,0,0,0,0,0,0,0,1,1,0,0,0,0,0,0,0,1,1,0,0,0,0,0,0,0,0,1,0,0,0,0,0,0,0,30,6,1,3.0,5,7.49660441426146,2,1,6,2,6,2,6,2,3,1,0,0,0,0,0,0,0,1,0,0,63000.0
a011392,3,0,0,0,0,0,0,0,1,0,0,0,0,0,0,0,0,0,0,0,0,0,1,0,0,0,1,0,0,0,0,0,0,0,0,0,1,0,0,0,0,0,0,0,0,0,0,0,0,0,1,0,0,0,1,0,0,1,30,6,3,3.0,4,7.0,2,2,1,1,4,4,1,1,7,1,1,0,1,0,1,0,0,0,0,0,558660.0
a017931,2,1,0,0,0,0,0,0,0,0,0,0,0,0,0,0,0,0,0,0,0,0,1,0,0,0,0,0,0,1,0,0,0,0,0,0,0,0,0,0,0,0,0,0,0,0,0,0,0,0,1,0,0,0,0,0,0,1,30,6,1,3.0,4,7.49660441426146,3,1,1,1,1,1,1,1,6,1,1,0,1,0,1,0,0,0,0,0,766500.0
a003016,4,0,0,0,0,0,0,1,0,0,0,0,0,1,0,0,0,0,0,0,0,1,1,0,0,0,0,1,0,0,0,0,0,0,0,1,0,0,0,0,0,1,0,0,0,0,0,0,0,1,1,0,0,0,0,1,0,0,20,6,5,3.0,4,8.0,2,2,2,1,5,1,5,1,3,1,1,1,1,0,0,0,0,0,0,0,1080950.0
a017818,2,1,0,0,1,0,1,0,0,0,0,0,0,0,0,0,0,0,0,0,0,0,1,0,0,0,0,0,0,1,0,0,1,0,1,0,0,0,0,0,0,0,0,0,0,0,0,0,0,0,1,0,0,0,0,0,0,0,20,7,1,12.0,3,7.49660441426146,3,1,1,1,1,1,6,1,2,1,1,1,1,0,0,0,0,0,0,0,126000.0
a006768,2,1,1,0,0,0,0,0,0,0,0,1,0,0,0,0,0,0,0,0,0,0,0,0,0,0,0,0,0,1,1,0,0,0,0,0,0,0,0,1,0,0,0,0,0,0,0,0,0,0,0,0,0,0,0,0,0,1,30,6,4,2.0,3,8.0,2,4,1,1,5,7,5,1,7,3,1,0,1,0,0,0,1,0,0,0,620120.0
a001997,3,1,0,1,0,0,1,0,0,0,0,0,0,0,0,0,0,0,0,0,0,0,1,0,0,0,1,0,0,1,0,1,0,0,1,0,0,0,0,0,0,0,0,0,0,0,0,0,0,0,1,0,0,0,1,0,0,1,20,6,3,4.0,2,11.0,2,4,3,3,4,5,5,7,3,0,1,0,0,1,0,0,0,1,0,0,954300.0
a005654,2,0,0,0,1,0,0,0,0,0,0,0,0,0,0,0,0,0,0,0,0,0,0,0,0,0,0,0,0,0,0,0,1,0,0,0,0,0,0,0,0,0,0,0,0,0,0,0,0,0,0,0,0,0,0,0,0,1,60,6,4,3.0,6,8.0,2,4,2,4,2,4,4,6,6,3,0,1,0,0,0,0,0,0,0,0,190000.0
a004535,2,0,1,0,0,0,0,0,0,0,0,0,0,0,0,0,0,0,0,0,0,0,1,0,0,0,0,0,0,0,1,0,0,0,0,0,0,0,0,0,0,0,0,0,0,0,0,0,0,0,1,0,0,0,0,0,0,1,20,6,3,2.0,4,10.0,3,3,1,2,2,4,4,5,6,1,1,0,1,0,1,0,0,0,0,0,417500.0
a006716,2,1,0,0,1,0,1,0,0,1,0,0,1,0,0,0,0,0,0,0,0,0,1,0,0,0,0,0,0,1,0,0,1,0,1,0,0,1,0,0,1,0,0,0,0,0,0,0,0,0,1,0,0,0,0,0,0,1,20,6,1,2.0,4,7.49660441426146,4,6,2,2,3,3,6,2,4,1,1,0,0,0,1,0,0,1,0,0,157300.0
a018142,2,1,0,0,1,0,0,0,0,0,0,0,0,0,0,0,0,0,0,0,0,0,1,0,1,0,1,0,0,1,0,0,1,0,0,0,0,0,0,0,0,0,0,0,0,0,0,0,0,0,1,0,1,0,1,0,0,1,20,4,1,8.0,4,7.49660441426146,2,6,6,6,2,6,6,3,6,1,1,0,1,0,1,0,0,0,0,0,1128800.0
a003336,2,1,1,1,0,1,1,0,0,0,0,0,0,0,0,0,0,0,0,0,0,0,0,0,0,0,0,0,0,1,1,1,0,1,1,0,0,0,0,0,0,0,0,0,0,0,0,0,0,0,0,0,0,0,0,0,0,0,30,6,2,3.0,5,8.0,2,4,4,2,2,6,3,2,4,0,1,0,0,1,0,1,0,0,0,0,62700.0
a005678,2,0,0,0,0,0,0,0,0,0,0,0,0,0,0,0,0,0,0,0,0,0,1,0,0,0,1,0,0,0,0,0,0,0,0,0,0,0,0,0,0,0,0,0,0,0,0,0,0,0,1,0,0,0,1,0,0,1,20,5,4,3.0,3,12.0,3,2,2,2,2,2,6,6,7,0,1,0,0,0,1,0,0,0,0,0,265200.0
a017819,2,1,0,0,0,0,0,0,0,0,0,0,0,0,0,0,0,0,0,0,0,0,0,0,0,0,0,0,0,1,0,0,0,0,0,0,0,0,0,0,0,0,0,0,0,0,0,0,0,0,0,0,0,0,0,0,0,0,20,5,1,12.0,5,7.49660441426146,2,4,4,4,3,5,4,2,4,0,1,1,0,0,0,0,1,0,0,0,113000.0
a002674,2,0,0,0,0,1,0,0,0,0,0,0,0,0,0,0,0,0,0,0,0,1,0,0,1,0,0,1,1,0,0,0,0,1,0,0,0,0,0,0,0,0,0,0,0,0,0,0,0,1,0,0,1,0,0,1,1,0,40,6,4,2.0,6,6.0,2,4,7,3,2,4,3,6,5,3,1,1,1,0,0,0,0,0,0,0,69400.0
a004298,2,0,1,0,0,0,0,0,0,0,0,0,1,0,0,0,0,0,0,0,0,0,1,0,0,0,0,0,0,0,1,0,0,0,0,0,0,0,0,0,1,0,0,0,0,0,0,0,0,0,1,0,0,0,0,0,0,0,40,4,4,13.0,4,4.0,2,2,4,2,5,4,3,5,6,1,1,0,1,0,1,0,0,0,0,0,134000.0
a001871,2,0,0,0,0,0,0,0,0,0,0,0,0,0,0,0,0,0,0,0,0,1,0,0,0,0,0,0,0,0,0,0,0,0,0,0,0,0,0,0,0,0,0,0,0,0,0,0,0,1,0,0,0,0,0,0,0,0,60,7,3,1.0,7,10.0,2,7,7,3,4,4,4,7,5,1,0,1,0,0,0,0,0,0,0,0,516200.0
c006073,2,0,1,0,0,0,0,0,0,0,0,0,0,0,0,0,0,0,0,0,0,0,1,0,1,0,1,0,0,0,1,0,0,0,0,0,0,0,0,0,0,0,0,0,0,0,0,0,0,0,1,0,1,0,1,0,0,1,50,5,2,2.0,4,6.0,2,5,1,4,5,5,5,1,6,1,0,1,1,0,0,0,1,0,0,0,54500.0
a002930,3,0,0,0,0,0,0,0,1,1,0,0,0,0,0,0,0,0,0,0,0,0,1,0,0,1,0,0,0,0,0,0,0,0,0,0,1,1,0,0,0,0,0,0,0,0,0,0,0,0,1,0,0,1,0,0,0,1,20,6,1,2.0,5,7.49660441426146,2,4,1,1,1,5,3,4,3,1,1,1,1,0,0,0,0,0,0,0,1279560.0
a006279,2,0,0,0,0,1,0,0,0,0,0,0,0,0,0,0,0,0,0,0,0,0,0,0,0,0,1,0,0,0,0,0,0,1,0,0,0,0,0,0,0,0,0,0,0,0,0,0,0,0,0,0,0,0,1,0,0,1,30,6,1,2.0,7,7.49660441426146,2,1,3,3,4,3,4,5,2,1,1,0,0,0,0,1,0,0,0,0,163400.0
a004787,2,0,0,1,0,1,0,0,0,0,0,0,0,0,0,0,0,0,0,0,0,0,0,0,0,0,0,1,0,0,0,1,0,1,0,0,0,0,0,0,0,0,0,0,0,0,0,0,0,0,0,0,0,0,0,1,0,0,30,7,4,3.0,6,6.0,2,3,6,3,4,4,5,5,3,3,0,0,1,0,0,1,0,1,0,0,341600.0
a006554,2,1,0,0,0,0,1,0,0,1,0,0,0,0,0,0,0,0,0,0,0,0,0,0,0,0,0,0,0,1,0,0,0,0,1,0,0,1,0,0,0,0,0,0,0,0,0,0,0,0,0,0,0,0,0,0,0,1,30,5,2,3.0,4,7.0,3,1,1,1,1,1,1,7,7,1,1,1,1,0,0,0,0,0,0,0,40200.0
a010145,2,0,0,1,0,0,0,0,0,0,0,0,0,0,0,0,0,0,0,0,0,0,0,0,0,0,0,0,0,0,0,1,0,0,0,0,0,0,0,0,0,0,0,0,0,0,0,0,0,0,0,0,0,0,0,0,0,1,40,6,4,3.0,4,10.0,4,3,5,3,2,2,4,3,1,0,1,1,0,1,0,0,0,0,0,0,8900.0
a006412,2,0,0,0,0,0,0,0,0,0,1,1,1,1,0,0,0,0,0,0,0,1,0,0,0,0,0,0,0,0,0,0,0,0,0,0,0,0,1,1,1,1,0,0,0,0,0,0,0,1,0,0,0,0,0,0,0,1,30,6,1,3.0,4,7.49660441426146,1,6,1,1,1,1,1,1,1,0,1,1,0,0,0,0,1,0,0,0,99700.0
a009660,2,0,1,0,0,0,1,0,0,1,0,0,0,0,0,0,0,0,0,0,0,0,1,0,1,0,0,0,0,0,1,0,0,0,1,0,0,1,0,0,0,0,0,0,0,0,0,0,0,0,1,0,1,0,0,0,0,1,50,6,3,13.0,4,7.0,3,1,1,2,5,2,2,2,6,1,1,1,0,0,0,1,0,0,0,0,394230.0
a005161,2,0,1,0,0,0,0,0,0,0,0,0,0,0,0,0,0,0,0,0,0,0,0,0,0,0,0,0,0,0,1,0,0,0,0,0,0,0,0,0,0,0,0,0,0,0,0,0,0,0,0,0,0,0,0,0,0,1,30,5,4,3.0,4,8.0,1,3,5,3,6,6,3,5,5,3,1,0,1,0,0,0,0,1,0,0,600309.0
a014377,2,0,0,0,1,0,1,0,0,0,0,0,0,0,0,0,0,0,0,0,0,1,0,0,0,0,0,0,0,0,0,0,1,0,1,0,0,0,0,0,0,0,0,0,0,0,0,0,0,1,0,0,0,0,0,0,0,1,40,6,1,3.0,4,7.49660441426146,3,1,1,3,2,4,3,6,4,0,1,1,0,1,0,0,0,0,0,0,39000.0
a002711,3,1,0,1,0,0,1,0,1,0,0,1,0,0,0,0,0,0,0,0,0,0,0,0,0,0,0,0,0,1,0,1,0,0,1,0,1,0,0,1,0,0,0,0,0,0,0,0,0,0,0,0,0,0,0,0,0,1,20,6,3,3.0,4,6.0,3,2,2,1,2,2,2,3,4,2,0,1,0,0,0,0,0,0,0,0,1061400.0
a005141,2,0,1,0,0,0,0,0,0,0,0,0,0,0,0,0,0,0,0,0,0,0,0,0,0,0,0,0,0,0,1,0,0,0,0,0,0,0,0,0,0,0,0,0,0,0,0,0,0,0,0,0,0,0,0,0,0,1,30,4,1,3.0,3,7.49660441426146,3,1,4,4,5,3,3,6,3,2,1,1,1,0,0,0,0,0,0,0,249400.0
a001103,4,1,1,1,1,0,0,0,0,0,0,0,0,0,0,0,0,0,0,0,0,0,0,0,0,0,0,0,1,1,1,1,1,0,0,0,0,0,0,0,0,0,0,0,0,0,0,0,0,0,0,0,0,0,0,0,1,0,20,6,4,9.0,4,8.0,3,5,5,3,3,6,5,3,6,0,1,0,0,0,0,0,0,0,0,0,1416700.0
a006467,2,1,0,0,0,0,0,0,0,0,0,1,0,0,0,0,0,0,0,0,0,0,1,0,0,0,0,0,0,1,0,0,0,0,0,0,0,0,0,1,0,0,0,0,0,0,0,0,0,0,1,0,0,0,0,0,0,0,40,7,4,3.0,5,8.0,1,2,1,2,1,1,1,2,5,3,0,0,1,0,0,0,1,1,0,0,85200.0
a017825,2,1,0,0,0,0,0,0,0,0,0,0,0,0,0,0,0,0,0,0,0,0,1,0,1,0,0,0,0,1,0,0,0,0,0,0,0,0,0,0,0,0,0,0,0,0,0,0,0,0,1,0,1,0,0,0,0,0,30,4,1,13.0,2,7.49660441426146,3,4,2,4,4,2,4,6,2,0,1,1,0,0,0,1,0,0,0,0,220220.0
a017837,2,1,1,0,1,0,1,0,0,1,0,0,0,0,0,0,0,0,0,0,0,0,0,0,0,0,0,0,0,1,1,0,1,0,1,0,0,1,0,0,0,0,0,0,0,0,0,0,0,0,0,0,0,0,0,0,0,1,20,5,4,4.0,4,8.0,2,1,1,1,1,7,1,7,7,1,0,0,1,0,0,0,1,0,1,0,933000.0
a005610,2,1,0,0,1,0,0,0,0,0,0,0,0,0,0,0,0,0,0,0,0,0,0,0,0,0,0,0,0,1,0,0,1,0,0,0,0,0,0,0,0,0,0,0,0,0,0,0,0,0,0,0,0,0,0,0,0,0,30,4,3,13.0,4,11.0,3,6,2,6,2,2,6,2,2,1,1,1,0,0,0,0,1,0,0,0,148470.0
a006578,2,0,1,0,1,0,1,0,0,1,0,0,0,0,0,0,0,0,0,0,0,1,0,0,0,0,0,0,0,0,1,0,1,0,1,0,0,1,0,0,0,0,0,0,0,0,0,0,0,1,0,0,0,0,0,0,0,0,30,6,2,2.0,7,7.0,2,1,7,1,6,6,6,6,6,1,1,1,1,0,0,0,0,0,0,0,196800.0
a002718,4,0,0,0,1,0,0,0,0,0,0,0,1,0,0,0,0,0,0,0,0,0,0,0,0,0,0,0,0,0,0,0,1,0,0,0,0,0,0,0,1,0,0,0,0,0,0,0,0,0,0,0,0,0,0,0,0,0,20,6,1,2.0,5,7.49660441426146,3,6,1,1,3,6,2,1,3,0,1,1,0,0,0,0,1,0,0,0,55100.0
a002053,2,0,0,0,0,0,0,0,0,0,0,0,0,0,0,0,0,0,0,0,0,0,1,0,1,0,1,0,0,0,0,0,0,0,0,0,0,0,0,0,0,0,0,0,0,0,0,0,0,0,1,0,1,0,1,0,0,1,30,6,1,2.0,4,7.49660441426146,2,6,5,6,6,3,6,3,4,0,1,1,0,1,0,0,0,0,0,0,48200.0
a010222,2,0,0,0,1,0,1,0,0,1,0,0,0,0,0,0,0,0,0,0,0,0,1,0,1,0,0,0,0,0,0,0,1,0,1,0,0,1,0,0,0,0,0,0,0,0,0,0,0,0,1,0,1,0,0,0,0,0,20,6,1,12.0,2,7.49660441426146,2,4,2,2,2,6,2,2,6,0,1,1,0,0,0,0,1,0,0,0,44100.0
a004973,3,1,1,1,0,0,0,0,0,0,0,0,0,0,0,0,0,0,0,0,0,0,0,1,1,0,0,0,0,1,1,1,0,0,0,0,0,0,0,0,0,0,0,0,0,0,0,0,0,0,0,1,1,0,0,0,0,0,20,4,4,5.0,1,10.0,3,4,2,3,3,3,6,5,2,1,0,1,1,0,0,0,1,0,0,0,269600.0
a005370,2,0,0,0,0,0,0,0,0,1,0,0,0,0,0,0,0,0,0,0,0,0,0,0,0,0,0,0,0,0,0,0,0,0,0,0,0,1,0,0,0,0,0,0,0,0,0,0,0,0,0,0,0,0,0,0,0,0,40,6,3,3.0,12,12.0,2,2,3,4,2,3,6,3,5,3,0,1,0,0,0,0,0,0,0,0,30000.0
a003114,3,0,1,0,0,0,0,0,0,0,0,0,0,0,0,0,0,0,0,0,0,0,0,0,0,0,0,0,0,0,1,0,0,0,0,0,0,0,0,0,0,0,0,0,0,0,0,0,0,0,0,0,0,0,0,0,0,1,20,6,3,3.0,3,5.0,2,7,2,2,1,4,5,3,5,1,0,1,1,0,0,0,1,0,0,0,1218300.0
a006815,2,1,0,0,0,0,0,0,0,0,0,0,0,0,0,0,0,0,0,0,0,0,0,0,0,0,0,0,0,1,0,0,0,0,0,0,0,0,0,0,0,0,0,0,0,0,0,0,0,0,0,0,0,0,0,0,0,1,30,6,3,4.0,2,5.0,3,3,2,5,5,3,5,3,5,1,1,0,1,0,1,0,0,0,0,0,51200.0
a001757,3,0,0,0,0,0,1,0,0,0,0,0,0,0,0,0,0,0,0,0,0,0,0,0,1,0,0,1,0,0,0,0,0,0,1,0,0,0,0,0,0,0,0,0,0,0,0,0,0,0,0,0,1,0,0,1,0,0,30,6,2,3.0,3,3.0,3,2,2,5,4,4,6,2,2,1,1,1,1,0,0,0,0,0,0,0,485000.0
a005156,2,0,1,0,0,0,0,0,0,0,0,0,0,0,0,0,0,0,0,0,0,1,1,0,0,0,0,0,0,0,1,0,0,0,0,0,0,0,0,0,0,0,0,0,0,0,0,0,0,1,1,0,0,0,0,0,0,1,30,6,1,4.0,5,7.49660441426146,2,5,1,1,1,5,4,4,7,1,0,1,1,0,0,0,1,0,0,0,260800.0
a004727,3,1,1,1,1,1,0,0,0,0,0,0,0,0,0,0,0,0,0,0,0,0,0,0,0,0,0,0,0,1,1,1,1,1,0,0,0,0,0,0,0,0,0,0,0,0,0,0,0,0,0,0,0,0,0,0,0,0,50,6,3,3.0,5,7.0,3,2,2,5,4,2,2,6,3,2,1,1,1,0,0,0,0,0,0,0,199000.0
a007965,2,0,1,0,0,0,0,0,0,0,0,0,0,0,0,0,0,0,0,0,0,0,0,0,0,0,0,0,0,0,1,0,0,0,0,0,0,0,0,0,0,0,0,0,0,0,0,0,0,0,0,0,0,0,0,0,0,1,20,5,5,2.0,3,9.0,2,3,1,2,2,4,3,3,7,1,1,0,0,0,1,1,0,0,0,0,94100.0
a002785,4,1,1,1,1,0,1,0,0,0,0,0,0,0,0,0,0,0,0,0,0,0,0,0,0,0,0,0,0,1,1,1,1,0,1,0,0,0,0,0,0,0,0,0,0,0,0,0,0,0,0,0,0,0,0,0,0,0,20,6,3,12.0,2,10.0,2,6,1,4,2,2,4,7,7,0,1,1,0,1,0,0,0,0,0,0,655200.0
a001353,3,1,0,1,1,0,0,1,0,0,0,0,1,0,0,0,0,0,0,0,0,0,0,0,0,0,0,0,0,1,0,1,1,0,0,1,0,0,0,0,1,0,0,0,0,0,0,0,0,0,0,0,0,0,0,0,0,0,30,6,3,3.0,5,7.0,2,2,2,1,3,2,1,3,4,1,0,0,1,0,0,0,1,0,1,0,340800.0
a004994,2,0,0,1,0,0,1,0,0,0,0,0,0,0,0,0,0,0,0,0,0,0,1,0,0,0,0,0,0,0,0,1,0,0,1,0,0,0,0,0,0,0,0,0,0,0,0,0,0,0,1,0,0,0,0,0,0,1,40,6,3,1.0,6,10.0,3,2,2,2,2,4,6,2,6,2,0,0,1,0,0,0,1,1,0,0,115700.0
a011900,2,0,0,1,0,1,0,0,0,0,0,0,0,0,0,0,0,0,0,0,0,0,0,0,0,0,0,0,0,0,0,1,0,1,0,0,0,0,0,0,0,0,0,0,0,0,0,0,0,0,0,0,0,0,0,0,0,1,40,5,3,13.0,4,7.0,3,4,4,4,4,4,4,4,4,0,1,1,0,1,0,0,0,0,0,0,33800.0
a006643,2,1,1,0,0,1,1,0,0,1,0,0,1,0,0,0,0,0,0,0,0,0,1,0,1,0,1,0,0,1,1,0,0,1,1,0,0,1,0,0,1,0,0,0,0,0,0,0,0,0,1,0,1,0,1,0,0,0,50,4,3,4.0,4,8.0,3,1,1,6,2,2,3,6,2,1,1,1,1,0,0,0,0,0,0,0,64100.0
a004000,2,0,1,1,0,0,0,0,0,1,0,1,0,0,0,0,0,0,0,0,0,0,1,0,0,0,0,0,0,0,1,1,0,0,0,0,0,1,0,1,0,0,0,0,0,0,0,0,0,0,1,0,0,0,0,0,0,1,30,6,7,2.0,4,7.0,3,2,6,4,2,6,6,3,6,3,1,0,1,0,0,0,1,0,0,0,123600.0
a014308,2,1,0,0,0,0,0,0,0,1,0,0,0,0,0,0,0,0,0,0,0,0,1,0,0,0,0,0,0,1,0,0,0,0,0,0,0,1,0,0,0,0,0,0,0,0,0,0,0,0,1,0,0,0,0,0,0,0,40,7,4,4.0,8,8.0,1,4,7,1,1,1,1,1,7,3,1,1,0,0,0,0,0,0,1,0,191500.0
a010159,2,1,1,0,0,0,1,1,0,0,0,0,0,0,0,0,0,0,0,0,0,0,1,0,0,0,0,0,0,1,1,0,0,0,1,1,0,0,0,0,0,0,0,0,0,0,0,0,0,0,1,0,0,0,0,0,0,0,20,6,1,12.0,2,7.49660441426146,2,2,3,2,6,3,3,5,6,1,1,0,1,0,1,0,0,0,0,0,471000.0
b006472,2,0,1,0,1,0,0,0,0,0,0,0,0,0,0,0,0,0,0,0,0,1,1,1,0,0,0,0,0,0,1,0,1,0,0,0,0,0,0,0,0,0,0,0,0,0,0,0,0,1,1,1,0,0,0,0,0,0,50,6,1,2.0,6,7.49660441426146,2,1,2,1,2,3,1,1,6,1,1,0,1,1,0,0,0,0,0,0,12000.0
a005989,3,1,0,1,0,0,1,0,0,0,0,0,0,0,0,0,0,0,0,0,0,0,1,0,0,0,0,0,0,1,0,1,0,0,1,0,0,0,0,0,0,0,0,0,0,0,0,0,0,0,1,0,0,0,0,0,0,0,20,6,1,3.0,3,7.49660441426146,3,4,1,1,3,3,4,5,5,3,1,0,1,0,0,0,1,0,0,0,442000.0
a017921,2,0,0,0,0,1,0,0,0,0,0,0,0,0,0,0,0,0,0,0,0,0,1,0,1,0,0,1,1,0,0,0,0,1,0,0,0,0,0,0,0,0,0,0,0,0,0,0,0,0,1,0,1,0,0,1,1,0,50,6,1,2.0,11,7.49660441426146,2,1,4,1,3,2,1,2,7,0,1,1,0,0,0,1,0,0,0,0,39200.0
a008124,4,1,0,1,1,0,0,0,0,0,0,0,0,0,0,0,0,0,0,0,0,0,0,0,1,0,0,0,0,1,0,1,1,0,0,0,0,0,0,0,0,0,0,0,0,0,0,0,0,0,0,0,1,0,0,0,0,1,30,6,2,3.0,4,5.0,1,2,3,4,6,2,3,3,7,1,0,1,1,0,0,0,0,0,1,0,121000.0
a010385,2,0,0,0,1,0,0,0,0,0,0,1,0,0,0,0,0,0,0,0,0,0,0,0,0,0,0,1,0,0,0,0,1,0,0,0,0,0,0,1,0,0,0,0,0,0,0,0,0,0,0,0,0,0,0,1,0,1,60,6,2,11.0,4,8.0,2,4,2,2,3,4,3,6,3,1,0,1,1,0,0,1,0,0,0,0,31670.0
a018152,2,0,0,0,0,0,1,0,0,0,0,0,0,0,0,0,0,0,0,0,0,0,1,0,0,0,0,0,0,0,0,0,0,0,1,0,0,0,0,0,0,0,0,0,0,0,0,0,0,0,1,0,0,0,0,0,0,1,20,6,3,2.0,4,4.0,2,5,2,2,5,6,5,2,5,2,1,0,1,0,0,0,1,0,0,0,50600.0
a001600,3,0,0,0,0,0,0,0,0,0,0,1,0,0,0,0,0,0,0,0,0,0,0,0,0,0,0,0,0,0,0,0,0,0,0,0,0,0,0,1,0,0,0,0,0,0,0,0,0,0,0,0,0,0,0,0,0,0,30,7,3,3.0,4,6.0,3,3,4,3,2,2,5,6,3,2,0,1,1,0,0,0,1,0,0,0,1175952.0
a003837,3,0,1,0,0,1,0,0,1,0,0,0,0,0,0,0,0,0,0,0,0,0,1,0,1,0,0,0,0,0,1,0,0,1,0,0,1,0,0,0,0,0,0,0,0,0,0,0,0,0,1,0,1,0,0,0,0,1,30,7,1,2.0,3,7.49660441426146,4,4,3,2,1,4,4,2,4,2,1,1,1,0,0,0,0,0,0,0,444000.0
a008026,2,0,0,1,0,0,0,0,0,0,0,0,0,0,0,0,0,0,0,0,0,0,0,0,1,0,0,0,0,0,0,1,0,0,0,0,0,0,0,0,0,0,0,0,0,0,0,0,0,0,0,0,1,0,0,0,0,1,20,6,4,13.0,1,5.0,2,2,1,2,3,4,4,5,4,1,1,0,1,0,0,0,1,0,0,0,106000.0
a003188,3,1,0,0,1,1,1,0,0,0,0,0,0,0,0,0,0,0,0,0,0,0,1,0,0,0,0,0,0,1,0,0,1,1,1,0,0,0,0,0,0,0,0,0,0,0,0,0,0,0,1,0,0,0,0,0,0,1,20,6,4,2.0,4,10.0,2,2,2,2,3,1,2,1,7,3,0,1,1,0,0,1,0,0,0,0,1781790.0
a001605,4,1,1,1,0,0,0,1,0,0,0,0,1,0,0,0,0,0,0,0,0,0,0,0,0,0,0,0,0,1,1,1,0,0,0,1,0,0,0,0,1,0,0,0,0,0,0,0,0,0,0,0,0,0,0,0,0,1,20,5,1,3.0,4,7.49660441426146,3,3,3,4,4,3,4,3,4,0,1,1,0,0,0,0,1,0,0,0,303900.0
a018048,2,0,1,0,0,0,0,0,0,0,0,0,0,0,0,0,0,0,0,0,0,0,0,0,0,0,0,0,0,0,1,0,0,0,0,0,0,0,0,0,0,0,0,0,0,0,0,0,0,0,0,0,0,0,0,0,0,1,30,6,1,3.0,4,7.49660441426146,3,4,3,4,3,3,4,4,2,0,1,1,0,0,0,0,1,0,0,0,13750.0
a003289,4,0,1,0,0,0,0,0,1,0,0,0,0,0,0,0,0,0,0,0,0,1,1,0,1,0,0,0,0,0,1,0,0,0,0,0,1,0,0,0,0,0,0,0,0,0,0,0,0,1,1,0,1,0,0,0,0,0,30,6,4,2.0,10,12.0,2,1,1,1,1,6,7,2,7,3,0,1,1,0,0,0,0,0,1,0,565800.0
a002732,2,0,0,0,0,0,0,0,1,0,0,0,0,0,0,0,0,0,0,0,0,0,0,0,1,0,0,0,0,0,0,0,0,0,0,0,1,0,0,0,0,0,0,0,0,0,0,0,0,0,0,0,1,0,0,0,0,0,40,6,4,2.0,5,8.0,2,2,6,1,4,2,6,7,6,3,1,1,1,0,0,0,0,0,0,0,388380.0
a008556,2,0,1,0,0,0,0,0,0,0,0,0,0,0,0,0,0,0,0,0,0,0,0,0,0,0,0,0,0,0,1,0,0,0,0,0,0,0,0,0,0,0,0,0,0,0,0,0,0,0,0,0,0,0,0,0,0,0,40,6,4,5.0,2,5.0,4,7,4,5,6,4,5,7,3,1,1,1,1,0,0,0,0,0,0,0,324900.0
a010070,2,1,1,0,0,0,1,0,0,0,0,0,1,0,0,0,0,0,0,0,0,1,0,0,0,0,0,0,0,1,1,0,0,0,1,0,0,0,0,0,1,0,0,0,0,0,0,0,0,1,0,0,0,0,0,0,0,1,50,6,4,11.0,1,7.0,1,5,5,5,2,2,5,6,6,1,1,0,1,0,0,0,1,0,0,0,109800.0
a002673,2,0,0,1,0,0,0,0,0,0,0,0,1,0,0,0,0,0,0,0,0,0,0,0,0,0,0,0,0,0,0,1,0,0,0,0,0,0,0,0,1,0,0,0,0,0,0,0,0,0,0,0,0,0,0,0,0,0,30,6,2,2.0,6,8.0,2,4,3,1,3,1,1,1,7,1,1,1,0,0,1,0,0,0,0,0,124800.0
a005365,2,0,1,0,0,0,1,0,0,0,0,0,1,0,0,0,0,0,0,0,0,1,1,0,0,0,0,0,0,0,1,0,0,0,1,0,0,0,0,0,1,0,0,0,0,0,0,0,0,1,1,0,0,0,0,0,0,1,30,6,4,3.0,4,7.0,3,2,3,3,3,4,3,3,6,0,1,1,0,0,0,0,0,1,0,0,456000.0
a005750,2,0,1,0,0,0,0,0,0,0,0,0,0,0,0,0,0,0,0,0,0,0,0,0,0,0,0,0,0,0,1,0,0,0,0,0,0,0,0,0,0,0,0,0,0,0,0,0,0,0,0,0,0,0,0,0,0,1,20,6,2,2.0,2,2.0,3,2,3,3,4,3,4,5,4,1,1,1,1,0,0,0,0,0,0,0,490500.0
a003323,2,0,1,0,0,0,1,0,0,1,0,0,0,0,0,0,0,0,0,0,0,0,1,0,0,0,0,0,0,0,1,0,0,0,1,0,0,1,0,0,0,0,0,0,0,0,0,0,0,0,1,0,0,0,0,0,0,1,20,6,1,3.0,4,7.49660441426146,3,2,2,1,2,6,2,6,2,1,1,1,0,0,0,0,0,0,1,0,181400.0
a007358,2,0,0,0,0,0,1,0,0,0,0,0,0,0,0,0,0,0,0,0,0,0,0,0,0,0,0,0,0,0,0,0,0,0,1,0,0,0,0,0,0,0,0,0,0,0,0,0,0,0,0,0,0,0,0,0,0,1,30,6,2,2.0,3,3.0,2,2,2,2,4,6,2,3,6,0,1,1,0,1,0,0,0,0,0,0,20000.0
a001515,2,1,1,0,0,0,0,0,0,0,0,0,0,0,0,0,0,0,0,0,0,0,1,0,0,0,0,0,0,1,1,0,0,0,0,0,0,0,0,0,0,0,0,0,0,0,0,0,0,0,1,0,0,0,0,0,0,1,30,6,3,1.0,6,10.0,2,2,3,1,2,6,6,5,6,1,1,0,1,0,0,0,0,1,0,0,364320.0
a018098,2,1,0,0,0,0,0,0,0,0,0,0,0,0,0,0,0,0,0,0,0,0,1,0,0,0,1,0,0,1,0,0,0,0,0,0,0,0,0,0,0,0,0,0,0,0,0,0,0,0,1,0,0,0,1,0,0,0,30,6,1,3.0,7,7.49660441426146,1,7,1,2,1,2,6,1,7,1,0,1,1,0,1,0,0,0,0,0,725800.0
a003179,3,1,0,0,0,1,1,0,0,0,0,0,0,0,0,0,0,0,0,0,0,0,1,0,0,0,0,0,0,1,0,0,0,1,1,0,0,0,0,0,0,0,0,0,0,0,0,0,0,0,1,0,0,0,0,0,0,1,20,6,4,12.0,2,7.0,2,5,4,2,3,6,5,5,7,0,1,0,0,0,1,0,1,0,0,0,131300.0
b007694,2,0,0,0,0,0,0,0,0,0,0,1,0,0,0,0,0,0,0,0,0,0,0,0,0,0,0,0,0,0,0,0,0,0,0,0,0,0,0,1,0,0,0,0,0,0,0,0,0,0,0,0,0,0,0,0,0,1,40,6,3,11.0,1,4.0,3,3,4,3,4,6,5,5,7,2,0,0,1,0,0,0,1,1,0,0,8900.0
a017601,2,0,0,0,1,0,0,0,0,0,0,1,0,0,0,0,0,0,0,0,0,0,0,0,0,0,0,0,0,0,0,0,1,0,0,0,0,0,0,1,0,0,0,0,0,0,0,0,0,0,0,0,0,0,0,0,0,0,20,6,1,2.0,5,7.49660441426146,3,2,1,3,4,2,3,7,2,1,0,0,1,0,0,0,1,0,0,0,95400.0
a012495,3,0,0,1,0,0,0,1,0,0,0,0,1,0,0,0,0,0,0,0,0,1,1,0,1,0,1,1,0,0,0,1,0,0,0,1,0,0,0,0,1,0,0,0,0,0,0,0,0,1,1,0,1,0,1,1,0,1,20,6,3,13.0,2,7.0,3,2,2,1,3,3,4,3,6,1,1,0,1,0,0,0,1,0,0,0,365650.0
a002302,2,0,0,1,1,0,0,0,0,0,0,0,0,0,0,0,0,0,0,0,0,0,1,0,0,0,1,0,0,0,0,1,1,0,0,0,0,0,0,0,0,0,0,0,0,0,0,0,0,0,1,0,0,0,1,0,0,1,60,6,2,2.0,4,7.0,2,3,4,5,2,2,5,6,6,0,1,1,0,0,0,0,0,1,0,0,30400.0
a005238,2,0,0,1,0,0,0,0,0,0,0,0,0,0,0,0,0,0,0,0,0,1,0,0,0,0,0,0,0,0,0,1,0,0,0,0,0,0,0,0,0,0,0,0,0,0,0,0,0,1,0,0,0,0,0,0,0,1,30,6,1,3.0,5,7.49660441426146,3,2,7,3,5,3,4,3,3,0,1,1,0,0,0,0,0,1,0,0,36400.0
a005418,2,1,0,0,1,0,0,0,0,0,0,0,1,0,0,0,0,0,0,0,0,1,1,0,1,0,0,0,0,1,0,0,1,0,0,0,0,0,0,0,1,0,0,0,0,0,0,0,0,1,1,0,1,0,0,0,0,0,20,6,5,12.0,1,12.0,4,5,1,6,1,1,3,6,7,0,1,1,0,1,0,0,0,0,0,0,130600.0
a005648,2,1,1,0,1,0,1,0,0,0,0,1,0,0,0,0,0,0,0,0,0,0,0,0,0,0,0,0,0,1,1,0,1,0,1,0,0,0,0,1,0,0,0,0,0,0,0,0,0,0,0,0,0,0,0,0,0,0,40,6,3,2.0,7,10.0,3,4,2,2,2,2,3,5,4,2,1,0,1,0,0,0,1,0,0,0,637000.0
a001828,3,1,0,1,1,1,0,1,0,0,0,0,0,0,0,0,0,0,0,0,0,0,0,0,0,0,0,0,0,1,0,1,1,1,0,1,0,0,0,0,0,0,0,0,0,0,0,0,0,0,0,0,0,0,0,0,0,0,20,6,2,12.0,1,7.0,3,7,1,1,1,1,7,7,7,1,1,0,0,1,0,0,1,0,0,0,113800.0
a011223,2,1,0,0,1,0,0,0,0,0,0,0,0,0,0,0,0,0,0,0,0,0,0,0,0,0,1,0,0,1,0,0,1,0,0,0,0,0,0,0,0,0,0,0,0,0,0,0,0,0,0,0,0,0,1,0,0,0,30,6,1,3.0,4,7.49660441426146,2,4,2,6,3,5,6,6,5,0,0,1,0,0,1,0,1,0,0,0,157000.0
a005152,2,1,0,1,0,0,0,0,0,0,0,0,0,0,0,0,0,0,0,0,0,1,0,0,0,0,1,0,0,1,0,1,0,0,0,0,0,0,0,0,0,0,0,0,0,0,0,0,0,1,0,0,0,0,1,0,0,0,40,7,2,2.0,8,9.0,2,2,4,3,4,3,5,4,6,0,1,1,0,0,0,0,0,1,0,0,10990.0
a007585,2,0,0,1,0,0,0,0,0,0,0,0,0,0,0,0,0,0,0,0,0,0,1,0,0,0,0,0,0,0,0,1,0,0,0,0,0,0,0,0,0,0,0,0,0,0,0,0,0,0,1,0,0,0,0,0,0,1,30,6,4,3.0,5,5.0,2,2,3,2,3,4,4,2,7,6,0,0,1,0,1,0,0,1,0,0,528900.0
c008840,2,0,0,1,1,0,0,0,0,0,0,0,0,0,0,0,0,0,0,0,0,1,1,0,1,0,0,0,0,0,0,1,1,0,0,0,0,0,0,0,0,0,0,0,0,0,0,0,0,1,1,0,1,0,0,0,0,0,40,6,4,3.0,7,7.0,2,2,5,5,3,2,3,6,5,3,0,1,1,0,0,0,0,1,0,0,87300.0
a002960,2,0,0,0,0,0,1,0,0,0,0,0,0,0,0,0,0,0,0,0,0,1,1,0,0,0,1,0,0,0,0,0,0,0,1,0,0,0,0,0,0,0,0,0,0,0,0,0,0,1,1,0,0,0,1,0,0,1,40,7,5,2.0,4,10.0,2,2,2,2,1,6,4,4,4,0,1,0,0,1,0,0,0,1,0,0,83800.0
a005173,2,0,0,0,0,0,1,0,0,0,0,0,0,0,0,0,0,0,0,0,0,0,0,0,0,0,0,0,0,0,0,0,0,0,1,0,0,0,0,0,0,0,0,0,0,0,0,0,0,0,0,0,0,0,0,0,0,0,30,6,2,2.0,4,4.0,3,2,4,6,3,2,2,6,6,1,1,0,1,0,0,0,1,0,0,0,242000.0
a001732,3,1,0,0,0,0,0,0,1,0,0,0,0,0,0,0,0,0,0,0,0,0,1,0,0,0,0,0,0,1,0,0,0,0,0,0,1,0,0,0,0,0,0,0,0,0,0,0,0,0,1,0,0,0,0,0,0,1,20,6,2,3.0,5,5.0,2,3,1,3,4,5,4,4,6,3,1,1,1,0,0,0,0,0,0,0,1284900.0
a013587,2,0,1,1,0,0,0,0,0,0,0,0,0,0,0,0,0,0,0,0,0,0,0,0,0,0,0,0,0,0,1,1,0,0,0,0,0,0,0,0,0,0,0,0,0,0,0,0,0,0,0,0,0,0,0,0,0,0,40,4,1,13.0,1,7.49660441426146,2,1,4,4,4,4,4,4,4,0,1,0,0,0,0,1,0,1,0,0,16000.0
a002275,2,0,1,0,0,0,0,0,0,0,0,0,0,0,0,0,0,0,0,0,0,0,0,0,0,0,0,0,0,0,1,0,0,0,0,0,0,0,0,0,0,0,0,0,0,0,0,0,0,0,0,0,0,0,0,0,0,0,30,6,1,3.0,5,7.49660441426146,2,5,2,2,2,6,4,2,5,1,1,0,1,0,0,0,0,1,0,0,374800.0
a004309,2,0,0,1,0,0,0,0,0,0,0,0,0,0,0,0,0,0,0,0,0,0,0,0,0,0,0,0,0,0,0,1,0,0,0,0,0,0,0,0,0,0,0,0,0,0,0,0,0,0,0,0,0,0,0,0,0,0,40,7,1,13.0,3,7.49660441426146,1,3,2,2,4,5,4,5,6,0,0,0,0,1,1,0,0,1,0,0,19000.0
a004662,5,1,1,0,0,0,0,0,0,0,1,0,0,0,0,0,0,0,0,0,0,0,0,0,0,0,0,1,0,1,1,0,0,0,0,0,0,0,1,0,0,0,0,0,0,0,0,0,0,0,0,0,0,0,0,1,0,0,20,6,1,12.0,10,7.49660441426146,3,4,5,5,6,4,5,5,5,3,1,1,0,0,0,1,0,0,0,0,473200.0
a009674,2,1,0,1,0,0,0,0,0,0,0,0,0,0,0,0,0,0,0,0,0,0,0,0,0,0,0,0,0,1,0,1,0,0,0,0,0,0,0,0,0,0,0,0,0,0,0,0,0,0,0,0,0,0,0,0,0,0,50,6,3,2.0,8,8.0,2,2,6,6,7,6,7,3,3,0,1,1,0,1,0,0,0,0,0,0,25900.0
a018235,2,1,1,1,1,0,1,0,0,0,0,0,0,0,0,0,0,0,0,0,0,0,0,0,0,0,0,0,0,1,1,1,1,0,1,0,0,0,0,0,0,0,0,0,0,0,0,0,0,0,0,0,0,0,0,0,0,1,50,6,4,3.0,4,12.0,2,1,6,2,5,1,5,7,2,0,1,1,0,0,0,0,0,1,0,0,7900.0
c006112,2,0,0,0,0,0,0,0,0,1,0,0,0,0,0,0,0,0,0,0,0,1,1,0,0,0,1,0,0,0,0,0,0,0,0,0,0,1,0,0,0,0,0,0,0,0,0,0,0,1,1,0,0,0,1,0,0,0,30,6,2,4.0,4,4.0,2,6,3,1,5,5,6,2,7,1,1,0,1,0,1,0,0,0,0,0,26000.0
a001741,3,1,0,0,1,0,0,0,0,0,0,0,0,1,0,0,0,0,0,0,0,0,0,0,0,0,0,0,0,1,0,0,1,0,0,0,0,0,0,0,0,1,0,0,0,0,0,0,0,0,0,0,0,0,0,0,0,1,40,7,2,3.0,4,6.0,3,4,2,4,3,4,2,3,1,1,1,0,0,0,0,0,1,1,0,0,406600.0
a011188,3,0,0,0,0,0,0,1,0,0,0,0,0,0,0,0,0,0,0,0,0,0,1,1,1,0,1,0,0,0,0,0,0,0,0,1,0,0,0,0,0,0,0,0,0,0,0,0,0,0,1,1,1,0,1,0,0,0,20,6,1,3.0,6,7.49660441426146,2,4,2,3,3,2,5,2,5,1,1,1,1,0,0,0,0,0,0,0,591900.0
a003799,4,1,0,0,0,1,1,0,0,0,0,1,0,0,0,0,0,0,0,0,0,0,0,0,0,0,0,0,1,1,0,0,0,1,1,0,0,0,0,1,0,0,0,0,0,0,0,0,0,0,0,0,0,0,0,0,1,1,40,6,6,3.0,3,6.0,2,3,4,2,4,5,3,6,3,5,1,1,1,0,0,0,0,0,0,0,634200.0
a006287,2,0,0,1,0,0,0,0,0,0,0,0,0,0,0,0,0,0,0,0,0,0,0,0,0,0,0,0,0,0,0,1,0,0,0,0,0,0,0,0,0,0,0,0,0,0,0,0,0,0,0,0,0,0,0,0,0,0,40,6,4,2.0,10,12.0,2,2,2,3,5,6,6,6,6,3,1,0,1,0,0,0,0,1,0,0,49400.0
a018201,2,1,0,0,1,0,0,0,0,0,0,0,0,0,0,0,0,0,0,0,0,1,1,0,0,0,1,0,0,1,0,0,1,0,0,0,0,0,0,0,0,0,0,0,0,0,0,0,0,1,1,0,0,0,1,0,0,1,60,4,1,13.0,4,7.49660441426146,3,2,3,5,2,2,6,5,5,4,1,1,1,0,0,0,0,0,0,0,161800.0
a002969,4,1,0,1,1,1,0,0,0,0,0,0,1,0,0,0,0,0,0,0,0,0,0,0,0,0,0,0,0,1,0,1,1,1,0,0,0,0,0,0,1,0,0,0,0,0,0,0,0,0,0,0,0,0,0,0,0,1,30,4,3,3.0,4,5.0,2,5,2,5,3,5,5,6,3,0,1,1,0,1,0,0,0,0,0,0,1682980.0
a004316,2,0,1,0,0,0,0,0,0,0,0,0,0,0,0,0,0,0,0,0,0,0,0,0,0,0,0,0,0,0,1,0,0,0,0,0,0,0,0,0,0,0,0,0,0,0,0,0,0,0,0,0,0,0,0,0,0,0,30,5,1,3.0,5,7.49660441426146,2,5,3,4,2,4,4,3,6,4,0,0,1,0,1,0,0,0,1,0,326800.0
a007821,2,1,0,0,0,0,0,0,0,0,0,0,0,0,0,0,0,0,0,0,0,0,1,0,0,0,1,0,0,1,0,0,0,0,0,0,0,0,0,0,0,0,0,0,0,0,0,0,0,0,1,0,0,0,1,0,0,1,20,6,4,2.0,6,10.0,2,1,3,5,1,1,4,6,6,0,0,1,0,0,1,0,0,0,0,1,47600.0
a018122,2,1,1,0,1,0,0,1,0,0,0,0,1,0,0,0,0,0,0,0,0,0,0,0,0,0,0,0,0,1,1,0,1,0,0,1,0,0,0,0,1,0,0,0,0,0,0,0,0,0,0,0,0,0,0,0,0,1,30,6,3,3.0,4,6.0,2,4,1,1,2,6,1,7,7,2,0,1,0,0,1,0,1,0,0,0,192600.0
a006424,2,0,0,0,0,0,0,0,0,0,0,0,0,0,0,0,0,0,0,0,0,1,1,1,0,0,0,1,0,0,0,0,0,0,0,0,0,0,0,0,0,0,0,0,0,0,0,0,0,1,1,1,0,0,0,1,0,1,30,6,1,3.0,3,7.49660441426146,1,3,5,4,2,3,3,2,2,0,1,1,0,0,0,0,1,0,0,0,298800.0
a011120,3,1,1,1,0,1,0,0,0,0,0,0,0,0,0,0,0,0,0,0,0,0,1,1,1,0,1,0,0,1,1,1,0,1,0,0,0,0,0,0,0,0,0,0,0,0,0,0,0,0,1,1,1,0,1,0,0,0,20,6,3,12.0,2,8.0,3,2,1,1,6,7,4,5,5,3,1,0,1,0,0,0,1,0,0,0,148900.0
b002868,2,0,0,0,0,1,0,0,1,0,0,0,0,0,0,0,0,0,0,0,0,0,1,0,0,0,1,1,0,0,0,0,0,1,0,0,1,0,0,0,0,0,0,0,0,0,0,0,0,0,1,0,0,0,1,1,0,1,30,6,1,3.0,5,7.49660441426146,2,3,3,3,5,5,3,5,4,0,1,1,0,0,0,0,1,0,0,0,20000.0
a007612,2,1,0,0,0,0,1,0,0,0,0,0,0,0,0,0,0,0,0,0,0,0,1,0,1,0,1,0,0,1,0,0,0,0,1,0,0,0,0,0,0,0,0,0,0,0,0,0,0,0,1,0,1,0,1,0,0,0,40,6,3,3.0,10,12.0,2,6,2,4,6,2,4,7,5,3,1,0,1,0,1,0,0,0,0,0,486200.0
a007938,2,1,0,1,1,0,0,0,0,0,0,0,0,0,0,0,0,0,0,0,0,0,1,0,0,0,0,0,0,1,0,1,1,0,0,0,0,0,0,0,0,0,0,0,0,0,0,0,0,0,1,0,0,0,0,0,0,1,30,6,1,4.0,7,7.49660441426146,3,2,2,2,5,6,6,6,6,1,1,1,0,0,0,1,0,0,0,0,41200.0
a004382,4,0,1,0,1,0,0,0,0,0,0,0,0,0,0,0,0,0,0,0,0,0,0,0,0,0,0,0,0,0,1,0,1,0,0,0,0,0,0,0,0,0,0,0,0,0,0,0,0,0,0,0,0,0,0,0,0,0,20,5,4,5.0,3,7.0,3,6,2,2,6,3,3,5,4,1,1,0,0,0,0,0,0,0,0,0,1771880.0
a009706,2,1,0,0,0,0,1,1,0,1,0,0,0,0,0,0,0,0,0,0,0,1,0,0,0,0,0,0,0,1,0,0,0,0,1,1,0,1,0,0,0,0,0,0,0,0,0,0,0,1,0,0,0,0,0,0,0,1,20,5,3,4.0,4,6.0,3,5,2,6,7,6,6,5,1,0,0,1,0,1,0,0,0,0,0,1,17000.0
a002369,3,1,0,0,1,0,0,0,0,0,0,0,0,0,0,0,0,0,0,0,0,0,1,1,0,0,1,0,0,1,0,0,1,0,0,0,0,0,0,0,0,0,0,0,0,0,0,0,0,0,1,1,0,0,1,0,0,1,20,6,1,3.0,3,7.49660441426146,3,2,3,1,6,5,3,7,1,1,1,1,1,0,0,0,0,0,0,0,1519420.0
a004674,2,0,1,0,0,0,0,0,0,0,0,0,0,0,0,0,0,0,0,0,0,0,0,0,0,0,0,0,0,0,1,0,0,0,0,0,0,0,0,0,0,0,0,0,0,0,0,0,0,0,0,0,0,0,0,0,0,1,40,6,3,2.0,2,6.0,3,3,3,2,2,4,3,2,5,3,0,0,1,0,0,0,0,0,0,0,68400.0
a001728,3,0,0,1,0,0,1,0,1,1,0,1,0,0,0,0,0,0,0,0,0,0,0,0,0,0,0,0,0,0,0,1,0,0,1,0,1,1,0,1,0,0,0,0,0,0,0,0,0,0,0,0,0,0,0,0,0,0,40,8,3,3.0,6,11.0,2,6,1,2,2,4,4,5,5,1,0,0,1,0,0,0,1,1,0,0,41000.0
a002993,2,1,0,1,0,0,1,0,0,0,0,0,0,0,0,0,0,0,0,0,0,0,0,0,0,0,0,0,0,1,0,1,0,0,1,0,0,0,0,0,0,0,0,0,0,0,0,0,0,0,0,0,0,0,0,0,0,1,20,5,5,3.0,4,7.0,3,5,6,1,1,1,5,1,1,1,1,1,0,0,0,1,0,0,0,0,281200.0
a000430,3,0,0,0,0,0,0,0,0,0,0,0,0,0,0,0,0,0,0,0,0,0,1,0,0,0,0,0,1,0,0,0,0,0,0,0,0,0,0,0,0,0,0,0,0,0,0,0,0,0,1,0,0,0,0,0,1,1,40,7,1,2.0,4,7.49660441426146,2,1,2,2,4,3,4,5,2,4,1,1,1,0,0,0,0,0,0,0,77000.0
a003707,2,0,0,0,0,0,0,0,0,0,1,0,0,0,0,0,0,0,0,0,0,0,0,0,0,0,0,0,0,0,0,0,0,0,0,0,0,0,1,0,0,0,0,0,0,0,0,0,0,0,0,0,0,0,0,0,0,1,30,6,1,2.0,4,7.49660441426146,3,2,2,2,2,5,5,4,6,1,1,1,1,0,0,0,0,0,0,0,234800.0
a002447,3,0,0,0,0,1,1,0,0,1,0,0,0,0,0,0,0,0,0,0,0,0,0,1,0,0,0,0,0,0,0,0,0,1,1,0,0,1,0,0,0,0,0,0,0,0,0,0,0,0,0,1,0,0,0,0,0,1,20,6,3,2.0,3,3.0,3,2,2,2,2,3,3,2,6,0,1,0,0,1,0,0,1,0,0,0,126750.0
a002445,3,1,1,0,0,0,1,0,0,0,0,0,0,0,0,0,0,0,0,0,0,0,1,0,0,0,1,0,0,1,1,0,0,0,1,0,0,0,0,0,0,0,0,0,0,0,0,0,0,0,1,0,0,0,1,0,0,1,20,4,3,12.0,1,8.0,2,3,3,2,3,6,3,6,6,1,1,1,1,0,0,0,0,0,0,0,370580.0
a009619,2,1,1,0,0,0,0,0,0,0,0,0,0,0,0,0,0,0,0,0,0,0,1,0,1,0,1,0,0,1,1,0,0,0,0,0,0,0,0,0,0,0,0,0,0,0,0,0,0,0,1,0,1,0,1,0,0,0,20,6,4,2.0,4,7.0,2,3,2,3,3,5,4,6,4,1,1,1,1,0,0,0,0,0,0,0,32100.0
a010489,3,0,0,0,0,0,0,0,1,0,0,0,0,0,0,0,0,0,0,0,0,0,1,0,0,0,1,1,1,0,0,0,0,0,0,0,1,0,0,0,0,0,0,0,0,0,0,0,0,0,1,0,0,0,1,1,1,0,30,5,2,2.0,4,6.0,2,1,1,1,3,6,4,1,7,1,0,1,1,0,0,0,1,0,0,0,189600.0
a000568,3,0,1,0,0,1,0,0,0,0,0,0,0,0,0,0,0,0,0,0,0,0,1,0,0,0,0,0,0,0,1,0,0,1,0,0,0,0,0,0,0,0,0,0,0,0,0,0,0,0,1,0,0,0,0,0,0,0,20,6,5,2.0,1,5.0,2,1,1,1,4,4,4,5,4,3,0,1,1,0,0,0,1,0,0,0,1410850.0
a006582,2,0,1,0,0,0,0,0,0,0,0,0,0,0,0,0,0,0,0,0,0,0,0,0,0,0,0,0,0,0,1,0,0,0,0,0,0,0,0,0,0,0,0,0,0,0,0,0,0,0,0,0,0,0,0,0,0,1,20,6,1,2.0,4,7.49660441426146,3,2,3,3,3,3,4,2,5,1,1,1,1,0,0,0,0,0,0,0,107100.0
a003383,3,1,0,0,1,0,0,1,0,0,0,0,0,0,0,0,0,0,0,0,0,1,0,0,0,0,0,0,0,1,0,0,1,0,0,1,0,0,0,0,0,0,0,0,0,0,0,0,0,1,0,0,0,0,0,0,0,0,20,6,3,3.0,4,4.0,3,4,2,6,6,2,2,6,2,0,0,0,0,0,0,0,1,0,0,0,5000.0
a005726,2,0,1,0,0,1,0,0,0,0,0,0,0,0,0,0,0,0,0,0,0,1,1,0,0,0,0,1,0,0,1,0,0,1,0,0,0,0,0,0,0,0,0,0,0,0,0,0,0,1,1,0,0,0,0,1,0,1,30,6,1,3.0,4,7.49660441426146,2,2,2,1,6,7,6,2,7,3,1,0,1,0,0,0,1,0,0,0,390600.0
a015313,2,1,0,0,1,0,1,0,0,0,0,0,0,0,0,0,0,0,0,0,0,0,1,0,0,0,1,0,0,1,0,0,1,0,1,0,0,0,0,0,0,0,0,0,0,0,0,0,0,0,1,0,0,0,1,0,0,1,20,6,1,2.0,4,7.49660441426146,2,6,2,1,2,3,2,7,5,1,1,1,1,0,0,0,0,0,0,0,96200.0
a006770,2,0,1,1,0,0,0,0,0,0,0,0,0,0,0,0,0,0,0,0,0,0,0,0,0,0,0,0,0,0,1,1,0,0,0,0,0,0,0,0,0,0,0,0,0,0,0,0,0,0,0,0,0,0,0,0,0,0,40,5,4,10.0,7,9.0,2,3,2,3,5,5,3,1,2,3,1,0,1,0,0,0,0,1,0,0,111000.0
a003450,2,1,0,0,0,0,0,0,0,0,0,0,0,0,0,0,0,0,0,0,0,0,1,0,0,0,0,1,0,1,0,0,0,0,0,0,0,0,0,0,0,0,0,0,0,0,0,0,0,0,1,0,0,0,0,1,0,1,20,6,1,3.0,6,7.49660441426146,3,2,1,4,4,4,4,5,5,1,1,0,1,0,0,0,1,0,0,0,470500.0
a005991,2,1,1,1,0,0,0,0,0,0,0,1,1,1,0,0,0,0,0,0,0,0,0,0,1,0,1,1,0,1,1,1,0,0,0,0,0,0,0,1,1,1,0,0,0,0,0,0,0,0,0,0,1,0,1,1,0,1,20,6,3,12.0,2,3.0,2,2,7,4,7,5,3,5,1,0,1,1,0,0,0,0,0,1,0,0,19850.0
a006080,3,0,1,0,0,0,1,0,0,1,1,0,0,0,0,0,0,0,0,0,0,0,1,0,0,0,0,0,0,0,1,0,0,0,1,0,0,1,1,0,0,0,0,0,0,0,0,0,0,0,1,0,0,0,0,0,0,0,20,6,4,4.0,4,7.0,2,4,1,1,2,1,1,7,4,1,1,0,1,0,0,0,0,0,1,0,798000.0
a006559,2,1,0,0,0,0,1,0,0,1,0,0,0,0,0,0,0,0,0,0,0,0,0,0,0,0,0,0,0,1,0,0,0,0,1,0,0,1,0,0,0,0,0,0,0,0,0,0,0,0,0,0,0,0,0,0,0,1,40,7,3,2.0,10,12.0,2,2,2,2,4,6,4,3,6,3,1,0,1,0,1,0,0,0,0,0,83100.0
a004454,3,0,1,0,0,0,0,0,0,0,0,0,0,0,0,0,0,0,0,0,0,0,0,0,0,0,0,0,0,0,1,0,0,0,0,0,0,0,0,0,0,0,0,0,0,0,0,0,0,0,0,0,0,0,0,0,0,0,30,5,2,3.0,4,6.0,2,3,2,2,3,3,5,5,3,1,0,1,1,0,0,0,1,0,0,0,500500.0
a007253,2,0,0,1,0,0,1,0,0,0,0,0,0,0,0,0,0,0,0,0,0,0,0,0,0,0,0,0,0,0,0,1,0,0,1,0,0,0,0,0,0,0,0,0,0,0,0,0,0,0,0,0,0,0,0,0,0,1,30,4,1,3.0,4,7.49660441426146,3,1,1,1,2,3,2,6,6,0,0,0,0,1,0,0,1,1,0,0,28550.0
a002042,3,1,0,0,1,0,0,0,0,0,0,0,0,0,0,0,0,0,0,0,0,0,1,0,0,0,0,0,0,1,0,0,1,0,0,0,0,0,0,0,0,0,0,0,0,0,0,0,0,0,1,0,0,0,0,0,0,1,20,6,1,12.0,2,7.49660441426146,3,4,5,4,4,5,4,4,3,1,1,0,1,0,0,0,0,1,0,0,594920.0
a007198,2,0,1,0,0,0,0,0,0,0,0,0,0,0,0,0,0,0,0,0,0,0,0,0,0,0,0,0,0,0,1,0,0,0,0,0,0,0,0,0,0,0,0,0,0,0,0,0,0,0,0,0,0,0,0,0,0,1,60,6,4,2.0,5,11.0,2,1,4,7,1,2,6,6,2,3,1,0,0,0,1,0,1,0,0,0,60500.0
a002566,3,0,0,0,1,0,0,1,0,0,0,0,0,0,0,0,0,0,0,0,0,0,0,0,0,0,0,0,0,0,0,0,1,0,0,1,0,0,0,0,0,0,0,0,0,0,0,0,0,0,0,0,0,0,0,0,0,1,30,6,1,3.0,4,7.49660441426146,3,4,2,5,5,3,5,2,3,0,1,1,0,0,0,0,0,0,0,1,712300.0
a005346,3,0,0,0,1,0,1,0,0,0,0,0,1,0,0,0,0,0,0,0,0,0,0,0,0,0,0,0,0,0,0,0,1,0,1,0,0,0,0,0,1,0,0,0,0,0,0,0,0,0,0,0,0,0,0,0,0,0,20,4,2,12.0,1,4.0,3,7,1,1,7,7,1,3,7,0,1,1,0,1,0,0,0,0,0,0,232700.0
a006350,2,1,1,1,1,0,1,0,0,1,0,1,0,1,0,0,0,0,0,0,0,1,1,0,0,0,0,0,0,1,1,1,1,0,1,0,0,1,0,1,0,1,0,0,0,0,0,0,0,1,1,0,0,0,0,0,0,1,30,6,1,3.0,4,7.49660441426146,2,2,2,1,1,1,2,1,7,1,1,1,0,1,0,0,0,0,0,0,78450.0
a001624,4,1,0,0,0,0,1,0,0,1,0,0,0,0,0,0,0,0,0,0,0,0,0,0,0,0,0,1,1,1,0,0,0,0,1,0,0,1,0,0,0,0,0,0,0,0,0,0,0,0,0,0,0,0,0,1,1,0,30,6,3,3.0,6,10.0,3,4,3,3,2,2,3,6,4,1,1,0,1,0,0,1,0,0,0,0,212000.0
a004732,3,0,0,0,1,0,0,0,0,1,0,0,0,0,0,0,0,0,0,0,0,0,0,0,0,0,0,1,0,0,0,0,1,0,0,0,0,1,0,0,0,0,0,0,0,0,0,0,0,0,0,0,0,0,0,1,0,0,40,4,6,3.0,4,7.0,3,3,5,6,2,6,2,7,6,0,1,1,0,1,0,0,0,0,0,0,296637.0
a017643,2,0,0,1,0,0,0,0,0,0,0,0,0,0,0,0,0,0,0,0,0,1,1,0,0,0,0,0,0,0,0,1,0,0,0,0,0,0,0,0,0,0,0,0,0,0,0,0,0,1,1,0,0,0,0,0,0,1,30,6,1,3.0,5,7.49660441426146,3,2,2,1,5,5,2,1,6,1,1,1,1,0,0,0,0,0,0,0,36500.0
a005297,2,0,0,1,0,0,1,0,0,0,0,1,0,0,0,0,0,0,0,0,0,0,0,0,0,0,0,0,0,0,0,1,0,0,1,0,0,0,0,1,0,0,0,0,0,0,0,0,0,0,0,0,0,0,0,0,0,1,30,6,4,2.0,6,11.0,2,2,4,1,3,2,2,1,6,2,0,0,1,0,0,0,1,1,0,0,30600.0
a018087,2,1,0,0,1,0,0,0,0,0,0,0,0,0,0,0,0,0,0,0,0,1,1,0,0,0,0,1,0,1,0,0,1,0,0,0,0,0,0,0,0,0,0,0,0,0,0,0,0,1,1,0,0,0,0,1,0,1,30,5,3,3.0,4,7.0,3,1,2,2,4,3,3,3,4,0,0,1,0,0,0,1,1,0,0,0,176400.0
a017744,2,1,0,0,1,0,0,0,0,0,0,0,0,0,0,0,0,0,0,0,0,0,0,0,1,0,0,0,0,1,0,0,1,0,0,0,0,0,0,0,0,0,0,0,0,0,0,0,0,0,0,0,1,0,0,0,0,0,20,6,1,12.0,7,7.49660441426146,3,6,3,3,6,3,3,6,6,0,1,1,0,1,0,0,0,0,0,0,31900.0
c002932,2,1,0,0,1,0,0,0,0,1,0,0,0,0,0,0,0,0,0,0,0,0,0,0,0,0,0,0,0,1,0,0,1,0,0,0,0,1,0,0,0,0,0,0,0,0,0,0,0,0,0,0,0,0,0,0,0,0,20,7,3,13.0,5,11.0,2,2,1,1,1,1,1,1,5,0,1,0,0,1,0,0,0,0,0,0,4250.0
b005996,2,0,0,0,0,0,0,0,0,0,0,0,1,1,0,0,0,0,0,0,0,0,0,0,0,0,0,0,0,0,0,0,0,0,0,0,0,0,0,0,1,1,0,0,0,0,0,0,0,0,0,0,0,0,0,0,0,0,40,5,3,2.0,5,6.0,2,4,3,3,3,3,4,5,4,4,1,0,1,0,0,0,1,0,0,0,88000.0
a004269,2,0,1,0,0,0,0,0,0,0,0,0,0,0,0,0,0,0,0,0,0,1,0,0,0,0,0,0,0,0,1,0,0,0,0,0,0,0,0,0,0,0,0,0,0,0,0,0,0,1,0,0,0,0,0,0,0,0,50,7,3,2.0,12,12.0,2,6,6,6,2,2,6,6,6,2,1,1,0,0,0,0,0,0,0,0,461500.0
a007163,2,1,1,0,1,0,0,0,0,0,0,0,0,0,0,0,0,0,0,0,0,0,1,0,0,0,0,0,0,1,1,0,1,0,0,0,0,0,0,0,0,0,0,0,0,0,0,0,0,0,1,0,0,0,0,0,0,1,30,6,2,12.0,1,6.0,3,6,5,6,2,2,6,2,4,1,1,1,0,0,0,1,0,0,0,0,107400.0
a007950,2,0,0,0,1,0,0,0,0,0,0,0,0,0,0,0,0,0,0,0,0,0,0,0,0,0,0,0,0,0,0,0,1,0,0,0,0,0,0,0,0,0,0,0,0,0,0,0,0,0,0,0,0,0,0,0,0,1,40,6,4,1.0,5,7.0,2,2,6,1,5,6,6,2,1,3,1,0,1,0,0,1,0,0,0,0,102600.0
a014783,2,0,1,0,0,0,0,0,0,0,0,0,0,0,0,0,0,0,0,0,0,0,1,0,0,0,0,0,0,0,1,0,0,0,0,0,0,0,0,0,0,0,0,0,0,0,0,0,0,0,1,0,0,0,0,0,0,1,20,6,1,3.0,4,7.49660441426146,2,5,2,1,5,6,4,2,6,0,1,0,0,0,1,0,1,0,0,0,218300.0
a014205,3,1,1,1,0,1,0,0,0,0,0,0,0,0,0,0,0,0,0,0,0,0,0,0,0,0,0,0,0,1,1,1,0,1,0,0,0,0,0,0,0,0,0,0,0,0,0,0,0,0,0,0,0,0,0,0,0,1,20,6,3,12.0,1,7.0,2,2,1,1,1,6,4,6,2,1,1,1,0,0,0,0,1,0,0,0,642700.0
a002221,3,0,0,0,0,0,0,0,0,0,0,0,0,0,0,0,0,0,0,0,0,1,0,1,1,0,0,0,1,0,0,0,0,0,0,0,0,0,0,0,0,0,0,0,0,0,0,0,0,1,0,1,1,0,0,0,1,1,20,4,1,3.0,4,7.49660441426146,2,1,1,1,4,1,1,4,6,0,1,1,0,0,0,0,1,0,0,0,1120140.0
c002983,4,0,0,0,0,1,0,0,1,0,0,0,0,0,0,0,0,0,0,0,0,0,1,0,0,0,0,0,0,0,0,0,0,1,0,0,1,0,0,0,0,0,0,0,0,0,0,0,0,0,1,0,0,0,0,0,0,0,40,5,3,2.0,5,8.0,2,2,2,2,4,3,4,3,4,2,1,0,1,0,0,0,1,0,0,0,110000.0
a017840,2,0,0,1,0,0,0,0,0,0,0,0,0,0,0,0,0,0,0,0,0,0,0,0,0,0,0,1,0,0,0,1,0,0,0,0,0,0,0,0,0,0,0,0,0,0,0,0,0,0,0,0,0,0,0,1,0,0,30,6,1,3.0,8,7.49660441426146,3,4,1,5,3,5,5,6,6,0,1,0,0,0,0,0,1,0,0,1,10300.0
a003794,3,1,0,0,0,0,0,0,0,1,0,0,0,0,0,0,0,0,0,0,0,1,1,0,0,0,1,0,0,1,0,0,0,0,0,0,0,1,0,0,0,0,0,0,0,0,0,0,0,1,1,0,0,0,1,0,0,1,30,6,1,7.0,4,7.49660441426146,2,5,5,6,5,6,5,6,3,0,1,1,0,0,0,0,1,0,0,0,451100.0
a006990,2,1,0,1,0,0,1,0,0,0,0,0,1,0,0,0,0,0,0,0,0,0,1,0,0,0,0,0,0,1,0,1,0,0,1,0,0,0,0,0,1,0,0,0,0,0,0,0,0,0,1,0,0,0,0,0,0,1,20,6,4,3.0,3,7.0,3,1,2,1,1,1,7,7,4,1,1,0,0,0,1,0,0,1,0,0,219600.0
a006218,2,1,1,0,1,0,0,0,0,0,0,0,1,0,0,0,0,0,0,0,0,0,0,0,0,0,0,0,1,1,1,0,1,0,0,0,0,0,0,0,1,0,0,0,0,0,0,0,0,0,0,0,0,0,0,0,1,1,40,5,4,3.0,9,12.0,3,1,6,4,4,3,4,5,3,0,0,1,0,0,0,0,1,1,0,0,64970.0
a005160,2,0,0,1,1,0,0,0,0,0,0,0,0,0,0,0,0,0,0,0,0,0,0,0,0,0,0,0,0,0,0,1,1,0,0,0,0,0,0,0,0,0,0,0,0,0,0,0,0,0,0,0,0,0,0,0,0,0,30,5,3,3.0,5,6.0,2,3,4,6,3,3,5,2,3,2,1,0,1,0,0,0,1,0,0,0,54000.0
a007260,2,0,0,1,0,0,1,1,0,1,0,0,0,0,0,0,0,0,0,0,0,0,1,0,0,0,0,0,0,0,0,1,0,0,1,1,0,1,0,0,0,0,0,0,0,0,0,0,0,0,1,0,0,0,0,0,0,1,20,5,3,2.0,2,5.0,2,4,3,3,4,5,4,6,5,0,1,0,0,0,0,0,1,1,0,0,64900.0
a006914,2,0,1,0,0,0,1,0,0,1,0,0,0,0,0,0,0,0,0,0,0,0,1,0,0,0,0,0,0,0,1,0,0,0,1,0,0,1,0,0,0,0,0,0,0,0,0,0,0,0,1,0,0,0,0,0,0,0,30,7,2,3.0,5,11.0,2,1,1,4,3,4,3,4,4,1,1,0,1,0,1,0,0,0,0,0,42000.0
a001823,2,0,0,1,0,0,0,0,0,0,0,0,0,0,0,0,0,0,0,0,0,0,1,0,0,0,0,0,0,0,0,1,0,0,0,0,0,0,0,0,0,0,0,0,0,0,0,0,0,0,1,0,0,0,0,0,0,1,30,6,1,3.0,4,7.49660441426146,3,2,4,3,4,3,4,3,5,0,1,0,0,0,0,1,1,0,0,0,15600.0
a007966,2,0,0,1,1,0,0,0,0,0,0,0,0,0,0,0,0,0,0,0,0,0,0,0,0,0,0,0,0,0,0,1,1,0,0,0,0,0,0,0,0,0,0,0,0,0,0,0,0,0,0,0,0,0,0,0,0,0,30,6,4,2.0,5,10.0,3,4,2,2,4,4,6,1,6,1,1,1,1,0,0,0,0,0,0,0,59600.0
a010296,2,0,0,0,0,1,0,0,0,1,0,0,0,0,0,0,0,0,0,0,0,0,0,0,1,0,0,1,0,0,0,0,0,1,0,0,0,1,0,0,0,0,0,0,0,0,0,0,0,0,0,0,1,0,0,1,0,0,20,6,1,4.0,4,7.49660441426146,3,5,2,5,2,2,3,1,5,1,0,1,1,0,0,0,1,0,0,0,40800.0
a003447,2,0,0,1,0,0,1,0,0,0,0,0,1,0,0,0,0,0,0,0,0,0,1,0,0,0,0,0,0,0,0,1,0,0,1,0,0,0,0,0,1,0,0,0,0,0,0,0,0,0,1,0,0,0,0,0,0,1,20,6,1,13.0,1,7.49660441426146,3,5,2,5,3,3,6,6,2,0,1,1,0,0,0,0,0,1,0,0,39500.0
a004157,2,0,0,0,0,0,0,0,1,0,0,0,0,0,0,0,0,0,0,0,0,0,1,0,0,0,0,0,0,0,0,0,0,0,0,0,1,0,0,0,0,0,0,0,0,0,0,0,0,0,1,0,0,0,0,0,0,1,20,5,1,3.0,4,7.49660441426146,2,5,2,2,1,2,6,6,7,1,0,1,1,0,0,0,1,0,0,0,27500.0
a005191,2,1,0,0,1,0,0,0,0,0,0,0,0,0,0,0,0,0,0,0,0,0,1,0,0,0,0,0,0,1,0,0,1,0,0,0,0,0,0,0,0,0,0,0,0,0,0,0,0,0,1,0,0,0,0,0,0,1,20,6,4,3.0,5,12.0,2,4,1,4,5,6,2,1,7,1,0,0,1,0,1,0,0,0,1,0,372600.0
a005707,3,1,0,1,1,0,0,0,0,0,0,0,0,0,0,0,0,0,0,0,0,0,1,1,0,0,1,0,0,1,0,1,1,0,0,0,0,0,0,0,0,0,0,0,0,0,0,0,0,0,1,1,0,0,1,0,0,0,30,6,4,2.0,5,8.0,3,2,4,6,6,1,2,6,2,0,1,1,0,1,0,0,0,0,0,0,773300.0
a017994,2,0,1,0,0,0,0,0,0,0,0,0,0,0,0,0,0,0,0,0,0,0,0,0,0,0,0,0,0,0,1,0,0,0,0,0,0,0,0,0,0,0,0,0,0,0,0,0,0,0,0,0,0,0,0,0,0,0,30,6,4,3.0,5,5.0,2,2,2,3,2,2,3,2,3,3,1,1,1,0,0,0,0,0,0,0,67500.0
a013755,2,0,0,1,0,0,1,0,0,1,0,1,0,0,0,0,0,0,0,0,0,1,0,0,0,0,0,0,0,0,0,1,0,0,1,0,0,1,0,1,0,0,0,0,0,0,0,0,0,1,0,0,0,0,0,0,0,1,40,6,4,2.0,1,11.0,2,7,7,4,1,1,1,1,1,2,0,0,0,0,0,1,1,1,0,0,60300.0
a018015,2,0,0,0,0,0,1,0,0,0,0,0,0,0,0,0,0,0,0,0,0,0,0,0,0,0,0,0,0,0,0,0,0,0,1,0,0,0,0,0,0,0,0,0,0,0,0,0,0,0,0,0,0,0,0,0,0,1,40,7,3,11.0,1,6.0,2,2,1,1,6,6,1,6,7,0,1,0,0,1,0,0,1,0,0,0,23300.0
a000896,3,1,0,0,1,0,0,0,0,0,0,0,0,0,0,0,0,0,0,0,0,1,1,1,0,0,0,0,0,1,0,0,1,0,0,0,0,0,0,0,0,0,0,0,0,0,0,0,0,1,1,1,0,0,0,0,0,0,30,6,4,3.0,7,10.0,3,2,1,4,1,1,3,6,1,3,0,1,1,0,0,0,1,0,0,0,346550.0
a014782,3,1,0,0,0,0,0,0,0,0,0,0,0,0,0,0,0,0,0,0,0,0,1,0,0,0,0,0,0,1,0,0,0,0,0,0,0,0,0,0,0,0,0,0,0,0,0,0,0,0,1,0,0,0,0,0,0,1,30,6,1,3.0,4,7.49660441426146,2,7,2,2,6,2,6,2,6,0,0,1,0,0,1,0,0,0,0,0,310600.0
a007784,2,0,0,1,0,0,0,0,0,0,0,0,0,1,0,0,0,0,0,0,0,1,0,0,0,0,0,0,0,0,0,1,0,0,0,0,0,0,0,0,0,1,0,0,0,0,0,0,0,1,0,0,0,0,0,0,0,1,50,5,3,2.0,4,7.0,3,1,1,2,2,1,4,1,6,0,1,1,0,1,0,0,0,0,0,0,9000.0
a001026,3,0,1,1,0,0,1,0,0,1,0,0,0,0,0,0,0,0,0,0,0,0,0,0,1,0,0,0,0,0,1,1,0,0,1,0,0,1,0,0,0,0,0,0,0,0,0,0,0,0,0,0,1,0,0,0,0,1,30,5,4,3.0,4,11.0,2,4,1,3,1,5,6,4,7,2,1,1,1,0,0,0,0,0,0,0,637900.0
b006189,2,1,0,0,1,0,0,0,0,0,0,0,0,0,0,0,0,0,0,0,0,0,1,0,1,0,1,0,0,1,0,0,1,0,0,0,0,0,0,0,0,0,0,0,0,0,0,0,0,0,1,0,1,0,1,0,0,1,40,5,4,3.0,3,7.0,3,7,7,1,6,1,1,5,7,3,0,1,1,1,0,0,0,0,0,0,321000.0
a004575,2,0,0,1,1,0,0,0,0,0,0,1,0,0,0,0,0,0,0,0,0,0,0,0,0,0,0,0,0,0,0,1,1,0,0,0,0,0,0,1,0,0,0,0,0,0,0,0,0,0,0,0,0,0,0,0,0,1,50,6,2,2.0,5,8.0,3,2,4,2,2,1,4,6,6,1,1,0,1,0,0,0,0,1,0,0,319600.0
a011569,3,1,0,0,1,0,1,0,0,1,0,0,0,0,0,0,0,0,0,0,0,0,0,0,0,0,0,0,0,1,0,0,1,0,1,0,0,1,0,0,0,0,0,0,0,0,0,0,0,0,0,0,0,0,0,0,0,0,20,6,1,3.0,3,7.49660441426146,3,5,2,2,2,1,2,1,3,0,1,0,0,1,0,0,1,0,0,0,36900.0
a018143,2,1,0,0,0,0,0,0,0,0,0,0,0,0,0,0,0,0,0,0,0,0,0,0,0,0,0,0,0,1,0,0,0,0,0,0,0,0,0,0,0,0,0,0,0,0,0,0,0,0,0,0,0,0,0,0,0,1,30,5,4,11.0,2,5.0,2,1,6,3,2,6,5,6,3,0,0,0,0,0,0,0,0,0,0,1,248250.0
a003796,3,1,0,0,0,0,0,0,0,0,0,0,0,0,0,0,0,0,0,0,0,0,0,0,0,0,0,1,0,1,0,0,0,0,0,0,0,0,0,0,0,0,0,0,0,0,0,0,0,0,0,0,0,0,0,1,0,0,20,6,4,7.0,4,10.0,1,6,2,1,1,6,6,5,6,3,1,0,1,0,0,0,0,0,1,0,1455880.0
a015211,3,0,1,0,1,0,0,0,0,0,0,0,0,0,0,0,0,0,0,0,0,0,1,0,0,0,0,0,0,0,1,0,1,0,0,0,0,0,0,0,0,0,0,0,0,0,0,0,0,0,1,0,0,0,0,0,0,1,20,6,1,2.0,5,7.49660441426146,3,2,1,1,3,3,5,5,5,2,1,1,1,0,0,0,0,0,0,0,1121400.0
a000290,3,0,0,0,0,1,0,0,1,0,1,0,0,0,0,0,0,0,0,0,0,1,1,0,0,0,0,0,0,0,0,0,0,1,0,0,1,0,1,0,0,0,0,0,0,0,0,0,0,1,1,0,0,0,0,0,0,1,20,6,1,2.0,7,7.49660441426146,2,2,1,2,1,2,2,6,7,3,1,0,1,0,1,0,0,0,0,0,691160.0
a005607,2,0,0,0,0,0,0,0,0,0,0,0,0,0,0,0,0,0,0,0,0,0,1,0,0,0,0,0,0,0,0,0,0,0,0,0,0,0,0,0,0,0,0,0,0,0,0,0,0,0,1,0,0,0,0,0,0,0,60,6,2,12.0,2,8.0,2,4,1,2,2,2,4,4,5,1,1,1,1,0,0,0,0,0,0,0,46000.0
a004281,2,0,1,0,0,0,1,0,0,1,0,0,0,0,0,0,0,0,0,0,0,0,0,0,0,0,0,0,0,0,1,0,0,0,1,0,0,1,0,0,0,0,0,0,0,0,0,0,0,0,0,0,0,0,0,0,0,0,40,6,3,3.0,5,5.0,2,6,4,2,6,6,3,2,2,0,0,1,0,0,0,1,1,0,0,0,53000.0
a002345,2,0,0,0,0,0,0,0,1,0,0,0,0,0,0,0,0,0,0,0,0,1,0,0,0,0,0,0,0,0,0,0,0,0,0,0,1,0,0,0,0,0,0,0,0,0,0,0,0,1,0,0,0,0,0,0,0,1,30,6,3,4.0,5,8.0,2,1,1,4,1,4,4,4,3,4,1,1,0,0,0,0,0,0,1,0,281500.0
a006390,2,1,0,0,0,0,1,1,0,1,0,0,1,0,0,0,0,0,0,0,0,0,0,0,0,0,0,0,0,1,0,0,0,0,1,1,0,1,0,0,1,0,0,0,0,0,0,0,0,0,0,0,0,0,0,0,0,1,20,6,4,13.0,4,6.0,2,3,1,4,3,7,4,1,6,0,1,1,0,0,1,0,0,0,0,0,6500.0
a009815,2,1,0,0,1,0,0,0,0,0,0,0,1,1,0,0,0,0,0,0,0,1,1,0,0,0,0,0,0,1,0,0,1,0,0,0,0,0,0,0,1,1,0,0,0,0,0,0,0,1,1,0,0,0,0,0,0,1,30,6,1,3.0,5,7.49660441426146,3,6,3,1,5,6,2,6,6,0,1,1,0,1,0,0,0,0,0,0,43800.0
a006602,2,1,0,1,0,0,0,0,0,0,0,0,0,0,0,0,0,0,0,0,0,0,0,0,0,0,1,1,1,1,0,1,0,0,0,0,0,0,0,0,0,0,0,0,0,0,0,0,0,0,0,0,0,0,1,1,1,0,20,8,1,12.0,2,7.49660441426146,2,3,2,5,3,2,2,6,2,0,1,1,0,1,0,0,0,0,0,0,57000.0
a008073,2,1,0,0,0,0,0,0,0,0,0,0,0,0,0,0,0,0,0,0,0,0,1,0,1,1,0,0,0,1,0,0,0,0,0,0,0,0,0,0,0,0,0,0,0,0,0,0,0,0,1,0,1,1,0,0,0,0,40,7,1,3.0,6,7.49660441426146,2,2,2,2,4,6,2,6,3,0,1,1,0,0,0,0,1,0,0,0,12300.0
a014923,2,1,0,0,0,0,1,0,0,0,0,0,0,0,0,0,0,0,0,0,0,0,0,0,0,0,0,0,0,1,0,0,0,0,1,0,0,0,0,0,0,0,0,0,0,0,0,0,0,0,0,0,0,0,0,0,0,1,20,5,4,3.0,4,12.0,3,6,2,2,3,6,5,3,6,1,0,1,1,0,0,0,0,0,0,1,363900.0
a017919,2,0,0,0,0,1,0,0,0,0,0,0,0,0,0,0,0,0,0,0,0,0,0,0,0,0,0,0,0,0,0,0,0,1,0,0,0,0,0,0,0,0,0,0,0,0,0,0,0,0,0,0,0,0,0,0,0,1,30,6,3,4.0,4,6.0,3,2,2,4,3,3,4,6,3,0,1,1,0,0,0,1,0,0,0,0,56600.0
a006528,2,1,0,1,1,0,0,0,0,0,0,0,0,0,0,0,0,0,0,0,0,0,0,0,0,0,0,0,1,1,0,1,1,0,0,0,0,0,0,0,0,0,0,0,0,0,0,0,0,0,0,0,0,0,0,0,1,0,30,6,2,2.0,6,10.0,3,3,3,2,2,1,2,4,3,1,1,1,0,0,0,0,1,0,0,0,71900.0
a006406,2,0,0,1,0,0,0,0,0,0,0,0,0,0,0,0,0,0,0,0,0,0,0,0,0,0,0,0,1,0,0,1,0,0,0,0,0,0,0,0,0,0,0,0,0,0,0,0,0,0,0,0,0,0,0,0,1,1,60,4,2,11.0,3,12.0,3,1,4,1,4,3,3,6,1,0,1,1,0,0,0,1,0,0,0,0,4000.0
a010370,2,1,0,0,0,1,1,0,0,1,0,1,0,0,0,0,0,0,0,0,0,0,0,0,0,0,0,0,0,1,0,0,0,1,1,0,0,1,0,1,0,0,0,0,0,0,0,0,0,0,0,0,0,0,0,0,0,1,40,6,4,5.0,3,9.0,2,4,4,5,3,4,4,4,4,3,1,1,1,0,0,0,0,0,0,0,94200.0
a003288,2,0,1,0,0,0,0,0,0,0,0,0,0,0,0,0,0,0,0,0,0,0,0,0,0,0,0,0,0,0,1,0,0,0,0,0,0,0,0,0,0,0,0,0,0,0,0,0,0,0,0,0,0,0,0,0,0,0,20,6,3,2.0,3,8.0,3,6,6,6,6,2,2,6,3,0,1,1,0,0,0,0,1,0,0,0,9400.0
a008418,2,1,0,0,0,0,0,0,1,0,0,0,0,0,0,0,0,0,0,0,0,0,1,0,0,0,0,0,0,1,0,0,0,0,0,0,1,0,0,0,0,0,0,0,0,0,0,0,0,0,1,0,0,0,0,0,0,1,20,6,1,12.0,2,7.49660441426146,4,2,2,2,5,2,3,2,6,1,1,1,1,0,0,0,0,0,0,0,102240.0
a011565,2,0,1,0,1,0,0,0,0,0,0,0,0,0,0,0,0,0,0,0,0,0,1,0,0,0,0,0,0,0,1,0,1,0,0,0,0,0,0,0,0,0,0,0,0,0,0,0,0,0,1,0,0,0,0,0,0,0,30,6,1,4.0,5,7.49660441426146,2,1,2,3,1,1,6,2,6,1,1,1,1,0,0,0,0,0,0,0,102000.0
a000415,4,0,0,0,0,1,0,0,1,0,0,0,0,0,0,0,0,0,0,0,0,0,0,0,0,0,0,0,0,0,0,0,0,1,0,0,1,0,0,0,0,0,0,0,0,0,0,0,0,0,0,0,0,0,0,0,0,0,30,6,2,3.0,5,7.0,2,2,2,2,5,2,1,1,3,1,1,0,1,0,0,1,0,0,0,0,141200.0
a003298,4,0,0,0,0,0,0,0,1,0,0,0,0,0,0,0,0,0,0,0,0,1,0,0,0,0,0,0,0,0,0,0,0,0,0,0,1,0,0,0,0,0,0,0,0,0,0,0,0,1,0,0,0,0,0,0,0,1,30,6,1,3.0,4,7.49660441426146,3,1,2,4,3,6,6,2,4,3,1,0,1,0,0,0,1,0,0,0,953380.0
a004314,2,0,0,0,0,0,1,0,0,1,0,0,0,0,0,0,0,0,0,0,0,0,1,0,0,0,0,0,0,0,0,0,0,0,1,0,0,1,0,0,0,0,0,0,0,0,0,0,0,0,1,0,0,0,0,0,0,0,20,6,4,12.0,2,6.0,2,4,2,3,4,4,6,2,6,1,1,0,1,0,0,0,1,0,0,0,145150.0
a006603,2,0,0,0,0,0,0,0,0,0,0,0,0,0,0,0,0,0,0,0,0,0,0,0,1,0,0,0,0,0,0,0,0,0,0,0,0,0,0,0,0,0,0,0,0,0,0,0,0,0,0,0,1,0,0,0,0,0,20,6,4,4.0,1,9.0,4,2,2,1,6,1,2,7,4,1,0,1,1,0,0,0,1,0,0,0,145100.0
a010391,2,0,0,0,0,0,1,0,0,0,0,0,0,0,0,0,0,0,0,0,0,0,0,0,0,0,0,0,0,0,0,0,0,0,1,0,0,0,0,0,0,0,0,0,0,0,0,0,0,0,0,0,0,0,0,0,0,1,30,6,3,11.0,2,6.0,2,4,4,2,3,4,4,3,4,2,1,0,1,0,0,0,1,0,0,0,47900.0
a006771,2,0,1,0,0,1,1,0,0,1,0,0,0,0,0,0,0,0,0,0,0,1,0,0,0,0,0,0,0,0,1,0,0,1,1,0,0,1,0,0,0,0,0,0,0,0,0,0,0,1,0,0,0,0,0,0,0,0,20,7,1,2.0,6,7.49660441426146,2,2,2,3,3,5,2,6,6,0,0,1,0,1,0,0,1,0,0,0,17500.0
a009689,3,1,1,1,0,0,0,1,0,1,0,0,0,0,0,0,0,0,0,0,0,0,0,0,0,0,0,0,0,1,1,1,0,0,0,1,0,1,0,0,0,0,0,0,0,0,0,0,0,0,0,0,0,0,0,0,0,1,20,6,2,4.0,4,5.0,3,2,2,1,3,5,2,2,6,1,1,0,1,0,0,1,0,0,0,0,906895.0
a006700,2,1,0,0,1,0,1,1,0,1,0,0,0,0,0,0,0,0,0,0,0,0,0,0,0,0,0,0,0,1,0,0,1,0,1,1,0,1,0,0,0,0,0,0,0,0,0,0,0,0,0,0,0,0,0,0,0,1,30,6,1,2.0,5,7.49660441426146,2,2,2,2,5,7,2,6,2,1,1,1,1,0,0,0,0,0,0,0,92000.0
a007388,2,0,0,0,0,0,0,0,0,0,0,0,0,0,0,0,0,0,0,0,0,0,1,0,1,0,0,0,0,0,0,0,0,0,0,0,0,0,0,0,0,0,0,0,0,0,0,0,0,0,1,0,1,0,0,0,0,1,30,6,1,3.0,4,7.49660441426146,2,1,2,4,4,2,4,3,5,0,1,1,0,1,0,0,0,0,0,0,11500.0
a002832,2,0,1,0,0,0,0,0,0,0,0,0,0,0,0,0,0,0,0,0,0,0,0,0,0,0,0,0,0,0,1,0,0,0,0,0,0,0,0,0,0,0,0,0,0,0,0,0,0,0,0,0,0,0,0,0,0,0,50,5,2,4.0,5,5.0,3,1,4,4,1,6,2,1,7,1,0,1,1,0,0,0,0,0,0,1,76000.0
a002587,2,1,0,1,0,0,1,0,0,0,0,0,1,0,0,0,0,0,0,0,0,0,1,0,0,0,0,0,0,1,0,1,0,0,1,0,0,0,0,0,1,0,0,0,0,0,0,0,0,0,1,0,0,0,0,0,0,1,30,6,2,2.0,3,6.0,3,4,4,2,2,6,6,2,4,0,1,0,0,0,0,0,1,1,0,0,30500.0
a018110,2,1,1,0,0,0,1,0,0,1,0,0,1,0,0,0,0,0,0,0,0,0,0,0,0,0,0,0,0,1,1,0,0,0,1,0,0,1,0,0,1,0,0,0,0,0,0,0,0,0,0,0,0,0,0,0,0,1,20,6,2,12.0,3,3.0,2,2,1,2,4,6,4,7,6,1,1,0,1,0,0,0,1,0,0,0,88500.0
a010294,4,0,1,0,0,0,0,0,0,0,0,0,0,0,0,0,0,0,0,0,0,0,1,0,1,0,0,1,1,0,1,0,0,0,0,0,0,0,0,0,0,0,0,0,0,0,0,0,0,0,1,0,1,0,0,1,1,0,20,6,4,12.0,2,7.0,3,2,3,2,4,5,3,6,3,0,1,0,0,1,0,1,0,0,0,0,114950.0
b011659,9,0,0,0,0,0,0,0,0,0,0,0,0,0,0,0,0,0,0,0,0,0,0,0,0,0,0,0,1,0,0,0,0,0,0,0,0,0,0,0,0,0,0,0,0,0,0,0,0,0,0,0,0,0,0,0,1,1,40,7,3,1.0,11,12.0,1,6,7,4,2,4,2,6,2,2,0,1,1,0,0,1,0,0,0,0,140000.0
a002896,2,1,0,0,0,0,0,0,1,0,0,0,0,0,0,0,0,0,0,0,0,0,1,0,1,0,0,0,0,1,0,0,0,0,0,0,1,0,0,0,0,0,0,0,0,0,0,0,0,0,1,0,1,0,0,0,0,1,20,6,3,7.0,4,6.0,2,1,1,2,5,1,1,4,7,1,0,0,1,0,0,0,1,0,0,1,541800.0
a007335,2,1,0,0,1,0,0,0,0,0,0,0,0,0,0,0,0,0,0,0,0,0,0,0,0,0,0,0,0,1,0,0,1,0,0,0,0,0,0,0,0,0,0,0,0,0,0,0,0,0,0,0,0,0,0,0,0,0,30,6,1,2.0,5,7.49660441426146,1,6,3,3,2,5,4,2,4,0,1,1,0,1,0,0,0,0,0,0,45980.0
a006443,2,1,1,1,0,0,1,1,0,0,0,0,0,0,0,0,0,0,0,0,0,0,0,0,0,0,0,0,0,1,1,1,0,0,1,1,0,0,0,0,0,0,0,0,0,0,0,0,0,0,0,0,0,0,0,0,0,1,20,6,3,3.0,4,8.0,2,2,1,1,6,7,1,7,7,0,1,1,0,1,0,0,0,0,0,0,15000.0
a017745,2,0,0,0,1,0,0,0,0,0,0,0,0,0,0,0,0,0,0,0,0,0,1,0,1,0,0,0,0,0,0,0,1,0,0,0,0,0,0,0,0,0,0,0,0,0,0,0,0,0,1,0,1,0,0,0,0,0,20,6,1,2.0,7,7.49660441426146,2,3,5,2,3,6,3,2,5,1,1,1,1,0,0,0,0,0,0,0,98600.0
a006268,2,1,0,0,1,0,0,0,0,0,0,0,0,0,0,0,0,0,0,0,0,0,1,0,0,0,0,0,0,1,0,0,1,0,0,0,0,0,0,0,0,0,0,0,0,0,0,0,0,0,1,0,0,0,0,0,0,0,20,6,1,12.0,1,7.49660441426146,3,6,2,2,4,3,5,3,5,1,1,1,1,0,0,0,0,0,0,0,187400.0
a007274,2,0,0,0,0,0,1,0,0,0,0,0,0,0,0,0,0,0,0,0,0,0,0,0,0,0,0,0,0,0,0,0,0,0,1,0,0,0,0,0,0,0,0,0,0,0,0,0,0,0,0,0,0,0,0,0,0,1,50,6,4,2.0,4,10.0,3,4,4,2,4,4,4,3,5,0,1,0,0,0,0,0,1,0,0,1,176000.0
a007412,2,0,0,0,0,0,1,0,0,0,0,0,0,0,0,0,0,0,0,0,0,0,0,0,0,0,0,0,0,0,0,0,0,0,1,0,0,0,0,0,0,0,0,0,0,0,0,0,0,0,0,0,0,0,0,0,0,0,40,7,5,2.0,6,9.0,1,1,4,1,1,1,7,1,7,4,0,0,1,0,0,0,1,1,0,0,71800.0
a004841,3,1,1,1,1,1,0,0,0,0,0,0,0,0,0,0,0,0,0,0,0,0,0,0,0,0,0,0,0,1,1,1,1,1,0,0,0,0,0,0,0,0,0,0,0,0,0,0,0,0,0,0,0,0,0,0,0,1,20,6,4,12.0,1,12.0,1,3,1,3,2,6,2,2,5,1,1,1,1,0,0,0,0,0,0,0,1439000.0
a006306,2,1,0,0,1,0,0,0,0,0,0,0,0,0,0,0,0,0,0,0,0,0,1,0,0,0,0,0,0,1,0,0,1,0,0,0,0,0,0,0,0,0,0,0,0,0,0,0,0,0,1,0,0,0,0,0,0,1,30,5,4,3.0,4,10.0,2,6,5,3,3,3,6,3,5,1,1,1,1,0,0,0,0,0,0,0,367100.0
a007296,2,0,0,1,1,0,1,1,0,0,0,0,0,0,0,0,0,0,0,0,0,0,0,0,0,0,0,0,0,0,0,1,1,0,1,1,0,0,0,0,0,0,0,0,0,0,0,0,0,0,0,0,0,0,0,0,0,1,60,6,3,3.0,4,8.0,2,2,2,2,1,3,2,2,6,1,1,1,1,0,0,0,0,0,0,0,703000.0
a008086,4,0,0,0,0,1,0,0,1,0,0,0,0,0,0,0,0,0,0,0,0,0,0,0,1,0,0,1,0,0,0,0,0,1,0,0,1,0,0,0,0,0,0,0,0,0,0,0,0,0,0,0,1,0,0,1,0,0,30,6,3,3.0,7,11.0,2,2,2,6,2,2,6,2,4,2,1,1,1,0,0,0,0,0,0,0,436437.0
a007089,2,1,0,0,0,0,0,0,0,0,0,0,0,0,0,0,0,0,0,0,0,0,0,0,0,0,0,0,0,1,0,0,0,0,0,0,0,0,0,0,0,0,0,0,0,0,0,0,0,0,0,0,0,0,0,0,0,1,20,6,2,3.0,4,7.0,3,1,1,1,2,2,1,4,1,1,1,0,0,0,0,0,0,0,0,0,201400.0
a017842,2,1,0,0,1,0,0,0,0,0,0,0,1,0,0,0,0,0,0,0,0,0,1,0,0,0,1,0,0,1,0,0,1,0,0,0,0,0,0,0,1,0,0,0,0,0,0,0,0,0,1,0,0,0,1,0,0,0,50,4,1,4.0,5,7.49660441426146,2,1,1,2,3,2,7,6,7,1,0,0,1,1,0,0,1,0,0,0,69000.0
a009447,2,0,0,1,0,1,0,0,0,0,0,0,1,0,0,0,0,0,0,0,0,0,1,0,0,0,1,0,0,0,0,1,0,1,0,0,0,0,0,0,1,0,0,0,0,0,0,0,0,0,1,0,0,0,1,0,0,1,60,5,1,9.0,4,7.49660441426146,1,2,2,6,1,4,1,2,6,0,1,0,0,0,1,1,0,0,0,0,11000.0
a006402,2,0,0,0,1,0,0,0,0,0,0,0,0,0,0,0,0,0,0,0,0,0,0,0,0,0,0,0,0,0,0,0,1,0,0,0,0,0,0,0,0,0,0,0,0,0,0,0,0,0,0,0,0,0,0,0,0,0,20,6,1,4.0,2,7.49660441426146,3,6,2,2,6,2,6,2,4,0,0,0,0,0,0,0,0,0,0,1,168750.0
a007640,2,0,1,0,0,1,0,0,0,0,0,0,0,0,0,0,0,0,0,0,0,0,0,0,0,0,0,0,0,0,1,0,0,1,0,0,0,0,0,0,0,0,0,0,0,0,0,0,0,0,0,0,0,0,0,0,0,1,20,6,1,2.0,3,7.49660441426146,3,2,1,2,2,4,2,2,6,1,1,1,1,0,0,0,0,0,0,0,41800.0
a002624,2,0,0,0,0,0,0,0,0,0,0,1,0,1,0,0,0,0,0,0,0,0,0,0,1,0,1,0,0,0,0,0,0,0,0,0,0,0,0,1,0,1,0,0,0,0,0,0,0,0,0,0,1,0,1,0,0,1,40,6,5,2.0,6,11.0,2,1,1,1,4,1,1,2,4,4,0,0,1,0,0,0,1,1,0,0,80700.0
a005524,2,0,0,1,0,0,0,0,0,0,0,0,0,0,0,0,0,0,0,0,0,1,1,0,1,0,0,0,1,0,0,1,0,0,0,0,0,0,0,0,0,0,0,0,0,0,0,0,0,1,1,0,1,0,0,0,1,0,30,6,3,3.0,5,5.0,2,2,2,2,3,5,4,6,5,2,1,1,1,0,0,0,0,0,0,0,171500.0
a000389,4,0,1,0,0,0,1,0,0,0,0,1,0,0,0,0,0,0,0,0,0,0,0,1,0,0,0,0,0,0,1,0,0,0,1,0,0,0,0,1,0,0,0,0,0,0,0,0,0,0,0,1,0,0,0,0,0,0,30,6,3,3.0,8,12.0,3,3,1,5,2,5,4,2,4,2,1,1,0,0,0,0,0,1,0,0,1580950.0
a015325,3,0,0,1,1,0,1,0,0,0,0,0,0,0,0,0,0,0,0,0,0,0,0,1,0,0,0,0,0,0,0,1,1,0,1,0,0,0,0,0,0,0,0,0,0,0,0,0,0,0,0,1,0,0,0,0,0,1,30,4,3,3.0,4,12.0,3,2,2,6,4,1,2,6,2,0,0,1,0,0,1,0,0,1,0,0,177600.0
a006854,2,1,0,0,1,0,0,0,0,1,1,0,0,0,0,0,0,0,0,0,0,0,0,0,0,0,0,1,0,1,0,0,1,0,0,0,0,1,1,0,0,0,0,0,0,0,0,0,0,0,0,0,0,0,0,1,0,1,20,6,1,1.0,4,7.49660441426146,2,1,2,2,2,4,2,6,4,1,1,0,1,0,0,0,1,0,0,0,716000.0
a017795,2,1,0,0,0,0,1,0,0,0,0,0,0,0,0,0,0,0,0,0,0,1,0,0,0,0,0,0,0,1,0,0,0,0,1,0,0,0,0,0,0,0,0,0,0,0,0,0,0,1,0,0,0,0,0,0,0,1,60,7,4,11.0,5,12.0,3,4,4,6,3,2,6,2,1,1,0,1,1,0,0,0,0,1,0,0,81400.0
a002568,2,1,1,0,0,0,0,0,0,0,0,0,0,0,0,0,0,0,0,0,0,0,1,0,0,0,0,0,0,1,1,0,0,0,0,0,0,0,0,0,0,0,0,0,0,0,0,0,0,0,1,0,0,0,0,0,0,0,30,6,1,3.0,6,7.49660441426146,3,5,2,2,3,3,5,2,5,0,1,1,0,0,1,0,0,0,0,0,104100.0
a002740,4,1,0,1,1,0,0,0,0,0,0,1,0,0,0,0,0,0,0,0,0,0,0,0,0,0,0,1,0,1,0,1,1,0,0,0,0,0,0,1,0,0,0,0,0,0,0,0,0,0,0,0,0,0,0,1,0,1,40,7,1,13.0,4,7.49660441426146,2,4,6,7,4,2,7,5,3,3,1,1,0,0,0,0,0,1,0,0,1792430.0
a002210,3,0,1,0,0,0,0,0,0,0,0,0,0,0,0,0,0,0,0,0,0,1,1,1,0,0,0,1,0,0,1,0,0,0,0,0,0,0,0,0,0,0,0,0,0,0,0,0,0,1,1,1,0,0,0,1,0,1,30,6,3,3.0,5,7.0,1,4,1,2,2,2,2,1,7,0,1,1,0,1,0,0,0,0,0,0,641513.0
a006270,2,0,1,0,0,0,0,0,0,0,0,0,0,0,0,0,0,0,0,0,0,0,0,0,0,0,0,0,0,0,1,0,0,0,0,0,0,0,0,0,0,0,0,0,0,0,0,0,0,0,0,0,0,0,0,0,0,1,20,6,5,3.0,4,12.0,3,4,5,6,5,4,6,3,1,3,1,0,1,0,1,0,0,0,0,0,352600.0
a008325,4,1,0,1,0,0,1,0,0,1,0,0,0,1,0,0,0,0,0,0,0,0,0,0,0,0,0,0,1,1,0,1,0,0,1,0,0,1,0,0,0,1,0,0,0,0,0,0,0,0,0,0,0,0,0,0,1,1,40,7,1,2.0,2,7.49660441426146,3,4,3,6,4,3,3,1,3,0,1,0,0,0,0,0,0,1,0,0,134500.0
a003667,3,0,0,1,0,0,1,0,0,0,0,0,0,0,0,0,0,0,0,0,0,0,0,0,0,0,0,0,0,0,0,1,0,0,1,0,0,0,0,0,0,0,0,0,0,0,0,0,0,0,0,0,0,0,0,0,0,1,20,6,2,3.0,4,4.0,3,2,4,1,2,6,4,6,2,0,1,0,0,1,0,0,0,1,0,0,192800.0
a005154,2,0,0,0,0,0,0,0,0,0,0,0,0,0,0,0,0,0,0,0,0,1,1,0,1,0,0,0,0,0,0,0,0,0,0,0,0,0,0,0,0,0,0,0,0,0,0,0,0,1,1,0,1,0,0,0,0,1,30,7,2,2.0,1,7.0,3,2,1,1,1,1,2,1,6,0,1,1,0,0,0,0,1,0,0,0,97000.0
a002269,2,1,0,0,0,0,1,0,0,0,0,1,0,0,0,0,0,0,0,0,0,0,1,0,0,0,0,0,0,1,0,0,0,0,1,0,0,0,0,1,0,0,0,0,0,0,0,0,0,0,1,0,0,0,0,0,0,1,40,6,4,3.0,1,8.0,2,1,1,4,1,7,4,4,7,3,1,1,0,0,0,1,0,0,0,0,661600.0
a002991,2,1,1,1,0,0,1,0,0,0,0,0,0,0,0,0,0,0,0,0,0,0,1,0,0,0,0,0,0,1,1,1,0,0,1,0,0,0,0,0,0,0,0,0,0,0,0,0,0,0,1,0,0,0,0,0,0,1,20,7,5,2.0,2,5.0,2,3,3,1,3,4,6,2,7,1,1,0,0,0,0,0,0,0,0,0,74400.0
a007294,2,0,0,1,1,0,1,0,0,0,0,0,0,0,0,0,0,0,0,0,0,0,0,0,0,0,0,0,0,0,0,1,1,0,1,0,0,0,0,0,0,0,0,0,0,0,0,0,0,0,0,0,0,0,0,0,0,1,40,8,1,2.0,5,7.49660441426146,2,5,4,4,1,1,3,1,5,0,1,1,0,0,0,0,0,1,0,0,35000.0
a007596,2,1,1,0,0,0,0,0,0,0,0,0,0,0,0,0,0,0,0,0,0,0,1,0,1,0,0,0,0,1,1,0,0,0,0,0,0,0,0,0,0,0,0,0,0,0,0,0,0,0,1,0,1,0,0,0,0,0,20,4,4,4.0,4,7.0,3,3,2,2,3,6,4,7,7,1,1,1,0,0,0,0,1,0,0,0,501100.0
b006688,2,0,1,0,0,1,1,0,0,1,0,1,0,0,0,0,0,0,0,0,0,0,0,0,0,0,0,0,0,0,1,0,0,1,1,0,0,1,0,1,0,0,0,0,0,0,0,0,0,0,0,0,0,0,0,0,0,0,40,6,4,3.0,5,5.0,2,4,1,1,4,1,2,1,3,3,1,0,1,0,0,0,1,0,0,0,246200.0
a009697,3,1,0,0,0,1,1,0,0,0,0,0,0,0,0,0,0,0,0,0,0,1,1,0,0,0,0,0,0,1,0,0,0,1,1,0,0,0,0,0,0,0,0,0,0,0,0,0,0,1,1,0,0,0,0,0,0,1,20,4,2,4.0,4,6.0,3,5,1,5,3,2,2,7,1,1,1,1,1,0,0,0,0,0,0,0,1310000.0
a003385,2,0,1,0,1,1,0,0,1,1,0,0,0,0,0,0,0,0,0,0,0,0,0,0,0,0,0,0,0,0,1,0,1,1,0,0,1,1,0,0,0,0,0,0,0,0,0,0,0,0,0,0,0,0,0,0,0,1,20,5,3,2.0,4,5.0,3,2,1,2,4,4,3,4,6,1,0,1,1,0,0,0,1,0,0,0,225200.0
a010977,2,1,1,1,1,1,0,0,0,0,0,0,0,0,0,0,0,0,0,0,0,0,0,0,0,0,0,0,0,1,1,1,1,1,0,0,0,0,0,0,0,0,0,0,0,0,0,0,0,0,0,0,0,0,0,0,0,0,60,6,4,2.0,5,7.0,2,1,1,1,3,1,1,7,7,1,1,0,1,0,0,1,0,0,0,0,40000.0
a006644,2,1,0,0,0,0,1,0,0,0,0,0,0,0,0,0,0,0,0,0,0,0,0,0,0,0,0,0,0,1,0,0,0,0,1,0,0,0,0,0,0,0,0,0,0,0,0,0,0,0,0,0,0,0,0,0,0,1,40,7,4,2.0,4,7.0,2,3,4,3,3,2,2,6,5,0,1,1,0,0,0,0,1,0,0,0,88800.0
a005647,2,0,0,1,1,0,1,0,0,0,0,0,0,0,0,0,0,0,0,0,0,0,0,0,1,0,0,0,0,0,0,1,1,0,1,0,0,0,0,0,0,0,0,0,0,0,0,0,0,0,0,0,1,0,0,0,0,0,30,7,2,3.0,7,9.0,3,2,1,3,6,6,6,2,2,1,0,1,0,0,0,0,0,1,1,0,44800.0
a004256,3,0,0,1,0,0,0,0,0,0,0,0,1,0,0,0,0,0,0,0,0,0,1,0,1,0,1,0,0,0,0,1,0,0,0,0,0,0,0,0,1,0,0,0,0,0,0,0,0,0,1,0,1,0,1,0,0,1,30,6,1,3.0,6,7.49660441426146,3,2,1,2,3,3,6,3,4,1,1,0,1,0,0,0,1,0,0,0,1654200.0
a006049,2,0,0,0,0,1,0,0,0,0,0,0,0,0,0,0,0,0,0,0,0,0,0,0,0,0,0,0,0,0,0,0,0,1,0,0,0,0,0,0,0,0,0,0,0,0,0,0,0,0,0,0,0,0,0,0,0,0,30,6,2,4.0,3,3.0,2,2,2,2,2,3,1,2,4,2,1,0,1,0,0,0,1,0,0,0,511600.0
d000936,2,1,1,1,1,0,1,0,0,0,0,0,0,0,0,0,0,0,0,0,0,0,0,0,0,0,0,0,0,1,1,1,1,0,1,0,0,0,0,0,0,0,0,0,0,0,0,0,0,0,0,0,0,0,0,0,0,1,30,6,1,2.0,4,7.49660441426146,2,1,1,1,2,7,1,2,7,2,0,0,1,0,0,0,0,0,1,1,16000.0
b007934,2,0,1,0,0,0,0,0,0,0,0,0,0,0,0,0,0,0,0,0,0,1,0,0,0,0,1,0,0,0,1,0,0,0,0,0,0,0,0,0,0,0,0,0,0,0,0,0,0,1,0,0,0,0,1,0,0,1,40,7,4,2.0,4,6.0,2,4,4,2,6,4,4,2,6,1,1,1,1,0,0,0,0,0,0,0,317000.0
a000997,4,1,0,1,0,0,1,0,0,1,0,0,0,0,0,0,0,0,0,0,0,1,0,0,0,0,0,0,0,1,0,1,0,0,1,0,0,1,0,0,0,0,0,0,0,0,0,0,0,1,0,0,0,0,0,0,0,1,60,4,2,4.0,5,7.0,2,4,2,2,1,1,7,6,6,0,1,1,0,0,0,0,0,0,0,0,1797700.0
a001676,3,0,0,0,0,0,1,0,0,0,0,1,0,0,0,0,0,0,0,0,0,1,0,0,0,0,0,0,0,0,0,0,0,0,1,0,0,0,0,1,0,0,0,0,0,0,0,0,0,1,0,0,0,0,0,0,0,0,20,6,4,13.0,2,8.0,3,4,3,3,4,5,5,5,2,0,1,1,0,1,0,0,0,0,0,0,394470.0
a002866,2,1,0,1,1,0,1,0,0,1,0,0,0,0,0,0,0,0,0,0,0,0,0,0,0,0,0,0,0,1,0,1,1,0,1,0,0,1,0,0,0,0,0,0,0,0,0,0,0,0,0,0,0,0,0,0,0,1,40,6,1,3.0,5,7.49660441426146,3,5,5,3,5,5,5,3,5,0,1,1,0,0,0,0,0,1,0,0,23000.0
a004205,2,0,1,1,0,0,1,0,0,1,0,0,0,0,0,0,0,0,0,0,0,0,0,0,0,0,0,0,0,0,1,1,0,0,1,0,0,1,0,0,0,0,0,0,0,0,0,0,0,0,0,0,0,0,0,0,0,1,20,4,2,3.0,4,6.0,3,2,3,2,2,6,4,5,5,1,1,1,1,0,0,0,0,0,0,0,177400.0
a004031,4,0,0,0,0,0,0,0,1,0,0,0,0,0,0,0,0,0,0,0,0,0,0,0,0,0,0,0,0,0,0,0,0,0,0,0,1,0,0,0,0,0,0,0,0,0,0,0,0,0,0,0,0,0,0,0,0,0,20,6,2,2.0,10,10.0,2,2,2,2,4,2,3,5,5,0,1,1,0,1,0,0,0,0,0,0,1069400.0
a018114,2,0,0,1,0,0,0,0,0,0,0,0,0,0,0,0,0,0,0,0,0,0,0,0,0,0,0,0,0,0,0,1,0,0,0,0,0,0,0,0,0,0,0,0,0,0,0,0,0,0,0,0,0,0,0,0,0,1,30,4,4,3.0,3,7.0,3,1,4,4,6,2,4,4,6,3,1,0,1,0,0,0,0,1,0,0,69000.0
a000344,3,0,0,0,0,1,0,0,1,0,0,0,0,0,0,0,0,0,0,0,0,0,0,0,0,0,0,0,0,0,0,0,0,1,0,0,1,0,0,0,0,0,0,0,0,0,0,0,0,0,0,0,0,0,0,0,0,0,50,6,3,2.0,8,11.0,3,2,2,2,4,6,6,2,2,4,0,0,1,0,0,1,0,0,0,0,758432.0
a002104,3,0,0,0,1,0,1,0,0,0,0,0,0,0,0,0,0,0,0,0,0,0,1,1,0,0,0,0,0,0,0,0,1,0,1,0,0,0,0,0,0,0,0,0,0,0,0,0,0,0,1,1,0,0,0,0,0,1,30,5,1,2.0,5,7.49660441426146,3,4,2,4,4,4,5,2,6,0,0,0,0,1,1,0,1,0,0,0,828482.0
a008194,2,1,1,0,0,0,1,1,0,0,0,0,0,0,0,0,0,0,0,0,0,0,1,0,0,0,0,0,0,1,1,0,0,0,1,1,0,0,0,0,0,0,0,0,0,0,0,0,0,0,1,0,0,0,0,0,0,0,20,6,3,2.0,4,5.0,2,2,2,2,2,3,5,6,7,1,1,0,1,0,1,0,0,0,0,0,1108800.0
a017706,2,0,0,0,0,0,1,0,0,0,0,0,0,0,0,0,0,0,0,0,0,0,1,0,0,0,0,0,0,0,0,0,0,0,1,0,0,0,0,0,0,0,0,0,0,0,0,0,0,0,1,0,0,0,0,0,0,0,20,6,3,2.0,4,6.0,3,4,4,1,4,7,7,1,7,1,1,0,0,0,0,0,0,0,0,0,8200.0
a018094,2,1,1,0,0,0,0,0,0,0,0,0,0,0,0,0,0,0,0,0,0,1,1,0,1,0,0,0,0,1,1,0,0,0,0,0,0,0,0,0,0,0,0,0,0,0,0,0,0,1,1,0,1,0,0,0,0,1,20,5,5,13.0,4,11.0,2,3,2,2,2,2,2,2,5,1,1,1,0,0,0,0,1,0,0,0,225900.0
a006816,2,0,0,0,0,0,0,0,0,0,0,0,0,1,0,0,0,0,0,0,0,0,0,0,0,0,0,0,0,0,0,0,0,0,0,0,0,0,0,0,0,1,0,0,0,0,0,0,0,0,0,0,0,0,0,0,0,1,30,6,2,3.0,3,4.0,3,1,1,1,5,5,4,2,6,0,0,1,0,0,0,0,1,1,0,0,77000.0
a007639,2,1,0,1,0,0,1,0,0,1,0,0,0,0,0,0,0,0,0,0,0,0,0,0,0,0,0,1,0,1,0,1,0,0,1,0,0,1,0,0,0,0,0,0,0,0,0,0,0,0,0,0,0,0,0,1,0,1,40,6,2,2.0,5,6.0,2,4,2,3,4,2,1,2,1,1,1,0,1,0,0,0,0,1,0,0,52400.0
a010043,3,0,0,0,1,0,1,1,0,1,0,0,0,0,0,0,0,0,0,0,0,1,1,0,1,0,1,0,0,0,0,0,1,0,1,1,0,1,0,0,0,0,0,0,0,0,0,0,0,1,1,0,1,0,1,0,0,0,20,6,1,13.0,1,7.49660441426146,2,4,1,3,6,2,3,2,6,2,1,0,0,0,1,0,1,0,0,0,377900.0
a011368,3,1,0,1,0,0,0,0,0,0,0,0,0,0,0,0,0,0,0,0,0,0,0,0,0,0,0,0,0,1,0,1,0,0,0,0,0,0,0,0,0,0,0,0,0,0,0,0,0,0,0,0,0,0,0,0,0,1,30,6,3,5.0,1,4.0,3,4,1,1,1,4,6,2,7,1,1,0,1,1,0,0,0,0,0,0,1769796.0
a001493,3,1,0,0,0,0,0,0,0,0,0,0,0,0,0,0,0,0,0,0,0,1,1,1,0,0,1,0,0,1,0,0,0,0,0,0,0,0,0,0,0,0,0,0,0,0,0,0,0,1,1,1,0,0,1,0,0,0,40,6,5,4.0,2,4.0,2,2,2,2,2,4,4,2,6,0,1,1,0,0,1,0,0,0,0,0,366500.0
a002212,3,1,0,0,1,0,0,0,0,0,0,0,0,0,0,0,0,0,0,0,0,0,1,1,0,0,0,1,0,1,0,0,1,0,0,0,0,0,0,0,0,0,0,0,0,0,0,0,0,0,1,1,0,0,0,1,0,0,30,7,1,3.0,2,7.49660441426146,2,3,1,2,2,2,2,1,7,0,1,1,0,0,0,1,0,0,0,0,907920.0
a011203,3,0,0,1,1,0,1,0,0,0,0,0,0,0,0,0,0,0,0,0,0,0,1,0,1,0,0,0,0,0,0,1,1,0,1,0,0,0,0,0,0,0,0,0,0,0,0,0,0,0,1,0,1,0,0,0,0,1,20,6,3,2.0,4,8.0,2,3,2,1,3,6,2,1,7,1,1,0,1,0,1,0,0,0,0,0,1476000.0
a000828,3,0,0,0,0,0,0,0,0,0,0,0,0,0,0,0,0,0,0,0,0,1,1,1,1,0,1,0,0,0,0,0,0,0,0,0,0,0,0,0,0,0,0,0,0,0,0,0,0,1,1,1,1,0,1,0,0,1,20,7,4,2.0,5,8.0,2,3,1,1,4,5,2,2,6,1,0,1,0,0,1,0,0,0,0,1,1578400.0
a018103,2,1,0,0,1,0,0,0,0,0,0,0,0,0,0,0,0,0,0,0,0,0,0,0,0,0,0,0,0,1,0,0,1,0,0,0,0,0,0,0,0,0,0,0,0,0,0,0,0,0,0,0,0,0,0,0,0,0,30,6,1,3.0,5,7.49660441426146,2,7,7,7,1,1,7,7,1,0,1,1,0,1,0,0,0,0,0,0,18400.0
a007428,2,0,1,0,0,0,0,0,0,0,0,0,1,0,0,0,0,0,0,0,0,0,1,0,0,0,0,0,0,0,1,0,0,0,0,0,0,0,0,0,1,0,0,0,0,0,0,0,0,0,1,0,0,0,0,0,0,1,30,6,4,3.0,3,5.0,3,4,1,3,3,5,3,5,6,1,1,0,1,0,1,0,0,0,0,0,78000.0
a004524,2,0,0,0,0,0,0,0,0,1,0,0,0,0,0,0,0,0,0,0,0,0,0,0,1,0,0,0,0,0,0,0,0,0,0,0,0,1,0,0,0,0,0,0,0,0,0,0,0,0,0,0,1,0,0,0,0,0,40,6,4,2.0,6,6.0,2,1,1,1,3,4,2,2,7,3,0,0,1,0,1,0,0,1,0,0,102800.0
a007002,2,1,1,0,0,0,0,0,0,0,0,0,0,0,0,0,0,0,0,0,0,0,0,0,0,0,0,0,0,1,1,0,0,0,0,0,0,0,0,0,0,0,0,0,0,0,0,0,0,0,0,0,0,0,0,0,0,1,50,4,4,3.0,4,7.0,2,1,4,1,4,2,4,1,7,4,1,1,1,0,0,0,0,0,0,0,830000.0
a015776,4,1,0,1,0,1,0,0,0,0,0,0,1,1,0,0,0,0,0,0,0,0,0,0,0,0,0,0,0,1,0,1,0,1,0,0,0,0,0,0,1,1,0,0,0,0,0,0,0,0,0,0,0,0,0,0,0,0,20,6,4,12.0,1,5.0,3,6,2,3,5,6,6,2,5,1,1,0,1,0,0,0,0,1,0,0,1291000.0
a004768,2,0,0,1,0,0,0,0,0,0,0,0,0,0,0,0,0,0,0,0,0,0,0,0,0,0,0,0,0,0,0,1,0,0,0,0,0,0,0,0,0,0,0,0,0,0,0,0,0,0,0,0,0,0,0,0,0,1,40,6,4,3.0,4,9.0,2,7,7,6,7,7,5,6,2,3,0,0,1,0,0,0,1,1,0,0,31800.0
a002992,2,0,0,0,0,0,0,1,0,0,0,0,0,0,0,0,0,0,0,0,0,1,0,0,1,0,0,1,0,0,0,0,0,0,0,1,0,0,0,0,0,0,0,0,0,0,0,0,0,1,0,0,1,0,0,1,0,0,20,6,1,3.0,7,7.49660441426146,3,2,6,2,4,1,2,6,1,0,1,1,0,0,0,0,1,0,0,0,62500.0
a002855,4,1,0,0,0,0,0,1,0,0,0,0,0,0,0,0,0,0,0,0,0,1,1,0,0,0,1,0,0,1,0,0,0,0,0,1,0,0,0,0,0,0,0,0,0,0,0,0,0,1,1,0,0,0,1,0,0,1,20,6,1,2.0,4,7.49660441426146,2,3,1,1,4,5,3,6,5,0,1,1,0,0,0,1,0,0,0,0,45300.0
a007231,2,0,0,1,1,0,0,0,0,0,0,0,0,0,0,0,0,0,0,0,0,0,0,0,1,0,0,0,0,0,0,1,1,0,0,0,0,0,0,0,0,0,0,0,0,0,0,0,0,0,0,0,1,0,0,0,0,1,30,7,1,2.0,5,7.49660441426146,3,3,2,2,4,4,5,5,5,4,0,0,0,0,0,0,0,0,0,1,222980.0
a006348,2,1,0,0,0,0,0,0,0,0,0,0,0,0,0,0,0,0,0,0,0,0,0,0,0,0,0,0,0,1,0,0,0,0,0,0,0,0,0,0,0,0,0,0,0,0,0,0,0,0,0,0,0,0,0,0,0,1,20,7,4,13.0,4,8.0,2,3,6,2,3,2,5,2,3,1,1,1,1,0,0,0,0,0,0,0,214200.0
a007376,2,1,0,1,1,0,0,0,0,0,0,0,0,0,0,0,0,0,0,0,0,0,0,0,0,0,0,0,0,1,0,1,1,0,0,0,0,0,0,0,0,0,0,0,0,0,0,0,0,0,0,0,0,0,0,0,0,1,30,6,2,3.0,6,8.0,2,1,1,1,4,1,1,5,2,0,0,0,0,0,0,0,0,1,0,0,61900.0
a017982,2,1,0,0,1,0,0,0,0,0,0,0,0,0,0,0,0,0,0,0,0,0,1,0,0,0,0,0,0,1,0,0,1,0,0,0,0,0,0,0,0,0,0,0,0,0,0,0,0,0,1,0,0,0,0,0,0,0,20,6,1,3.0,3,7.49660441426146,2,1,1,1,5,5,2,5,4,1,1,0,1,0,0,0,0,0,0,1,310600.0
a013996,2,0,1,0,0,0,0,0,0,1,0,0,0,0,0,0,0,0,0,0,0,0,1,0,0,0,1,0,0,0,1,0,0,0,0,0,0,1,0,0,0,0,0,0,0,0,0,0,0,0,1,0,0,0,1,0,0,1,40,6,3,2.0,1,5.0,2,2,5,4,3,3,6,6,4,0,1,1,0,0,0,0,1,0,0,0,80400.0
a005553,2,0,0,0,0,0,0,0,0,0,0,0,0,0,0,0,0,0,0,0,0,0,0,0,1,0,0,0,0,0,0,0,0,0,0,0,0,0,0,0,0,0,0,0,0,0,0,0,0,0,0,0,1,0,0,0,0,0,30,6,3,3.0,4,4.0,2,4,6,6,4,2,6,2,5,2,1,1,1,0,0,0,0,0,0,0,216600.0
a008138,2,0,0,1,0,0,0,0,0,0,0,0,0,0,0,0,0,0,0,0,0,0,0,0,0,0,0,0,0,0,0,1,0,0,0,0,0,0,0,0,0,0,0,0,0,0,0,0,0,0,0,0,0,0,0,0,0,0,50,6,2,3.0,4,4.0,3,2,4,2,4,6,4,2,6,1,1,0,1,0,0,1,0,0,0,0,51400.0
a007112,2,1,0,1,1,0,1,0,0,0,0,0,0,0,0,0,0,0,0,0,0,0,0,0,0,0,0,0,0,1,0,1,1,0,1,0,0,0,0,0,0,0,0,0,0,0,0,0,0,0,0,0,0,0,0,0,0,1,50,6,2,11.0,1,5.0,3,3,3,4,2,2,3,4,5,0,1,1,0,0,0,0,1,0,0,0,2900.0
a000218,3,0,0,0,0,0,0,0,0,0,0,1,0,0,0,0,0,0,0,0,0,0,0,0,0,0,0,0,0,0,0,0,0,0,0,0,0,0,0,1,0,0,0,0,0,0,0,0,0,0,0,0,0,0,0,0,0,0,40,8,3,2.0,6,11.0,3,1,1,1,4,4,3,2,4,2,0,1,0,0,0,0,1,1,0,0,1211940.0
a006800,2,0,1,1,0,0,0,0,0,0,0,0,0,0,0,0,0,0,0,0,0,0,1,0,0,0,1,0,0,0,1,1,0,0,0,0,0,0,0,0,0,0,0,0,0,0,0,0,0,0,1,0,0,0,1,0,0,1,40,5,3,5.0,2,4.0,2,6,2,2,3,4,3,2,5,2,1,1,0,0,0,0,0,1,0,0,14200.0
a011422,2,1,0,0,0,0,1,0,0,0,0,0,0,0,0,0,0,0,0,0,0,0,0,0,0,0,0,0,0,1,0,0,0,0,1,0,0,0,0,0,0,0,0,0,0,0,0,0,0,0,0,0,0,0,0,0,0,1,20,7,4,13.0,2,8.0,3,3,2,3,4,6,5,5,5,0,1,1,0,0,0,0,1,0,0,0,360000.0
a000393,3,1,0,0,0,0,0,1,0,0,0,0,0,0,0,0,0,0,0,0,0,1,1,0,0,1,0,0,0,1,0,0,0,0,0,1,0,0,0,0,0,0,0,0,0,0,0,0,0,1,1,0,0,1,0,0,0,0,30,7,2,3.0,7,9.0,3,2,1,1,6,2,2,7,5,0,1,1,0,0,0,0,1,0,0,0,203600.0
a002293,3,0,0,0,0,0,0,1,0,0,0,0,0,0,0,0,0,0,0,0,0,0,0,1,0,0,0,0,0,0,0,0,0,0,0,1,0,0,0,0,0,0,0,0,0,0,0,0,0,0,0,1,0,0,0,0,0,0,40,6,1,3.0,5,7.49660441426146,2,6,2,4,2,2,4,5,4,1,1,1,1,0,0,0,0,0,0,0,795500.0
a002316,5,0,1,0,0,0,1,0,1,0,0,0,0,0,0,0,0,0,0,0,0,0,0,0,0,0,0,0,0,0,1,0,0,0,1,0,1,0,0,0,0,0,0,0,0,0,0,0,0,0,0,0,0,0,0,0,0,0,30,4,1,9.0,3,7.49660441426146,3,1,1,7,1,4,7,4,7,0,1,1,0,1,0,0,0,0,0,0,156600.0
a005188,2,1,0,1,1,0,0,0,0,0,0,0,0,0,0,0,0,0,0,0,0,0,1,0,1,0,0,0,0,1,0,1,1,0,0,0,0,0,0,0,0,0,0,0,0,0,0,0,0,0,1,0,1,0,0,0,0,1,40,6,1,3.0,3,7.49660441426146,2,1,1,1,1,1,1,1,4,0,0,1,0,0,0,1,1,0,0,0,52300.0
a018234,2,0,0,0,0,0,1,0,0,0,0,0,0,0,0,0,0,0,0,0,0,0,0,0,0,0,0,0,0,0,0,0,0,0,1,0,0,0,0,0,0,0,0,0,0,0,0,0,0,0,0,0,0,0,0,0,0,1,30,7,1,2.0,4,7.49660441426146,2,6,6,6,6,2,3,4,6,1,1,1,1,0,0,0,0,0,0,0,1276400.0
a002545,3,0,1,0,0,1,0,0,1,0,0,0,0,0,0,0,0,0,0,0,0,1,1,0,0,0,0,0,0,0,1,0,0,1,0,0,1,0,0,0,0,0,0,0,0,0,0,0,0,1,1,0,0,0,0,0,0,1,40,6,3,11.0,1,4.0,2,3,6,6,4,2,6,7,7,2,0,0,0,0,1,0,0,0,1,1,639700.0
a004164,3,0,0,1,1,0,0,0,0,0,1,0,0,0,0,0,0,0,0,0,0,0,0,1,0,0,1,0,0,0,0,1,1,0,0,0,0,0,1,0,0,0,0,0,0,0,0,0,0,0,0,1,0,0,1,0,0,1,20,6,1,12.0,3,7.49660441426146,3,2,1,1,7,7,5,5,5,1,1,1,1,0,0,0,0,0,0,0,1555600.0
a004421,2,0,0,1,1,0,0,0,0,0,0,1,0,0,0,0,0,0,0,0,0,0,0,0,0,0,0,0,0,0,0,1,1,0,0,0,0,0,0,1,0,0,0,0,0,0,0,0,0,0,0,0,0,0,0,0,0,1,40,5,5,3.0,4,6.0,3,4,7,2,2,2,2,5,2,1,0,0,1,0,0,1,0,1,0,0,59000.0
a007261,2,0,0,0,0,0,0,0,0,0,0,0,0,0,0,0,0,0,0,0,0,0,1,0,0,0,0,0,0,0,0,0,0,0,0,0,0,0,0,0,0,0,0,0,0,0,0,0,0,0,1,0,0,0,0,0,0,0,40,7,4,3.0,6,7.0,3,3,5,5,6,4,6,3,5,3,1,1,1,0,0,0,0,0,0,0,40100.0
a009429,4,1,1,0,0,0,0,0,0,0,0,0,0,0,0,0,0,0,0,0,0,0,0,0,0,0,0,0,0,1,1,0,0,0,0,0,0,0,0,0,0,0,0,0,0,0,0,0,0,0,0,0,0,0,0,0,0,0,20,6,3,2.0,5,12.0,2,3,1,3,3,2,3,5,3,1,1,1,1,0,0,0,0,0,0,0,1609400.0
a017890,2,0,0,0,0,0,0,0,0,0,0,1,0,0,0,0,0,0,0,0,0,0,0,0,0,0,0,0,0,0,0,0,0,0,0,0,0,0,0,1,0,0,0,0,0,0,0,0,0,0,0,0,0,0,0,0,0,1,30,6,3,3.0,4,11.0,3,1,4,4,2,1,4,6,6,0,0,0,0,1,0,0,0,1,0,0,54100.0
a003574,5,0,1,1,1,0,0,0,0,0,1,0,0,0,0,0,0,0,0,0,0,0,1,0,0,0,0,0,0,0,1,1,1,0,0,0,0,0,1,0,0,0,0,0,0,0,0,0,0,0,1,0,0,0,0,0,0,0,30,6,2,3.0,4,4.0,3,3,1,4,3,5,5,6,3,1,0,1,1,0,0,0,0,1,0,0,1529024.0
b015090,2,0,0,0,1,0,0,0,0,0,0,0,0,0,0,0,0,0,0,0,0,0,1,0,0,0,1,0,0,0,0,0,1,0,0,0,0,0,0,0,0,0,0,0,0,0,0,0,0,0,1,0,0,0,1,0,0,0,20,6,1,13.0,2,7.49660441426146,2,4,1,3,5,1,3,2,6,0,1,1,0,0,1,0,0,0,0,0,291600.0
a001671,4,1,1,0,1,0,0,0,0,0,0,0,0,0,0,0,0,0,0,0,0,1,1,0,0,0,0,0,0,1,1,0,1,0,0,0,0,0,0,0,0,0,0,0,0,0,0,0,0,1,1,0,0,0,0,0,0,1,30,5,1,3.0,3,7.49660441426146,2,2,2,2,2,2,1,4,3,0,1,1,0,0,0,0,1,0,0,0,428100.0
a007777,2,0,1,0,0,0,0,0,0,0,0,0,0,0,0,0,0,0,0,0,0,0,0,0,0,0,0,0,0,0,1,0,0,0,0,0,0,0,0,0,0,0,0,0,0,0,0,0,0,0,0,0,0,0,0,0,0,1,60,3,4,4.0,2,7.0,4,1,4,2,2,2,3,2,1,3,1,0,1,0,0,1,0,0,0,0,384000.0
c004652,2,0,0,0,1,0,0,0,0,0,0,0,0,0,0,0,0,0,0,0,0,0,1,0,0,0,0,0,0,0,0,0,1,0,0,0,0,0,0,0,0,0,0,0,0,0,0,0,0,0,1,0,0,0,0,0,0,1,30,6,3,11.0,1,4.0,3,4,5,5,3,4,5,2,6,3,1,1,1,0,0,0,0,0,0,0,33500.0
a001504,2,0,1,0,0,0,0,0,0,0,0,0,0,0,0,0,0,0,0,0,0,0,0,0,0,0,0,0,0,0,1,0,0,0,0,0,0,0,0,0,0,0,0,0,0,0,0,0,0,0,0,0,0,0,0,0,0,1,40,6,5,2.0,6,11.0,3,1,1,1,4,6,6,1,4,1,0,0,1,0,0,1,0,1,0,0,156800.0
a007918,2,1,1,0,0,0,0,0,0,0,0,0,0,0,0,0,0,0,0,0,0,0,0,0,0,0,1,0,0,1,1,0,0,0,0,0,0,0,0,0,0,0,0,0,0,0,0,0,0,0,0,0,0,0,1,0,0,0,20,7,1,2.0,5,7.49660441426146,2,6,6,6,5,5,2,2,6,1,0,0,0,0,0,0,0,0,0,1,389560.0
a005400,3,1,1,0,0,1,0,0,0,1,0,0,0,0,0,0,0,0,0,0,0,1,0,0,0,0,0,0,0,1,1,0,0,1,0,0,0,1,0,0,0,0,0,0,0,0,0,0,0,1,0,0,0,0,0,0,0,0,20,5,4,12.0,1,6.0,2,2,1,1,2,3,2,2,4,0,1,1,0,1,0,0,0,0,0,0,147700.0
a014249,3,1,0,0,1,0,0,0,0,0,0,0,0,0,0,0,0,0,0,0,0,0,1,1,0,0,0,0,0,1,0,0,1,0,0,0,0,0,0,0,0,0,0,0,0,0,0,0,0,0,1,1,0,0,0,0,0,0,30,4,2,13.0,4,6.0,4,6,1,3,1,3,6,2,5,1,1,1,1,0,0,0,0,0,0,0,1549740.0
a008663,4,0,0,0,0,0,0,0,0,0,0,0,0,0,0,0,0,0,0,0,0,1,1,0,1,0,0,1,1,0,0,0,0,0,0,0,0,0,0,0,0,0,0,0,0,0,0,0,0,1,1,0,1,0,0,1,1,1,20,6,4,12.0,2,8.0,2,1,2,1,6,4,3,6,5,0,1,0,0,1,0,1,0,0,0,0,748600.0
a007271,2,0,0,0,0,0,1,0,0,0,0,0,0,0,0,0,0,0,0,0,0,0,0,0,0,0,0,0,0,0,0,0,0,0,1,0,0,0,0,0,0,0,0,0,0,0,0,0,0,0,0,0,0,0,0,0,0,1,40,7,4,2.0,7,12.0,3,4,4,4,4,4,4,4,4,1,0,1,0,0,0,0,0,0,0,0,57200.0
a002618,3,0,1,0,0,0,0,0,0,0,0,0,0,0,0,0,0,0,0,0,0,0,1,0,1,0,0,0,1,0,1,0,0,0,0,0,0,0,0,0,0,0,0,0,0,0,0,0,0,0,1,0,1,0,0,0,1,1,30,5,2,3.0,1,5.0,2,1,1,1,2,1,4,2,6,2,1,1,1,0,0,0,0,0,0,0,1131600.0
a010118,3,0,1,1,0,0,1,0,0,0,0,0,0,0,0,0,0,0,0,0,0,0,1,0,0,0,1,0,0,0,1,1,0,0,1,0,0,0,0,0,0,0,0,0,0,0,0,0,0,0,1,0,0,0,1,0,0,0,20,4,1,12.0,1,7.49660441426146,4,3,2,1,7,5,4,2,7,0,1,1,0,0,0,0,1,0,0,0,795000.0
a005347,2,1,0,0,0,0,0,0,0,0,0,0,0,0,0,0,0,0,0,0,0,0,0,0,1,0,1,1,0,1,0,0,0,0,0,0,0,0,0,0,0,0,0,0,0,0,0,0,0,0,0,0,1,0,1,1,0,1,30,7,2,2.0,5,10.0,2,1,3,2,2,4,6,3,5,1,1,0,1,0,0,0,1,0,0,0,145800.0
a007301,2,0,1,0,0,0,0,0,0,0,0,0,0,0,0,0,0,0,0,0,0,0,0,0,0,0,0,0,0,0,1,0,0,0,0,0,0,0,0,0,0,0,0,0,0,0,0,0,0,0,0,0,0,0,0,0,0,1,30,6,3,11.0,1,6.0,3,4,4,1,1,6,6,7,1,2,1,0,1,0,0,0,0,1,0,0,35000.0
a006201,3,0,0,0,0,1,0,0,1,0,0,0,0,0,0,0,0,0,0,0,0,0,0,0,0,1,0,0,0,0,0,0,0,1,0,0,1,0,0,0,0,0,0,0,0,0,0,0,0,0,0,0,0,1,0,0,0,0,30,7,1,2.0,4,7.49660441426146,3,1,1,4,2,4,3,1,7,0,1,1,0,0,0,1,0,0,0,0,159000.0
a008222,3,0,0,1,0,0,0,0,0,0,0,0,0,0,0,0,0,0,0,0,0,0,1,1,1,0,0,1,0,0,0,1,0,0,0,0,0,0,0,0,0,0,0,0,0,0,0,0,0,0,1,1,1,0,0,1,0,0,20,6,5,4.0,1,5.0,2,4,1,1,4,7,4,1,1,0,1,0,0,0,0,1,0,1,0,0,85082.0
a008027,2,1,1,0,1,0,1,1,0,0,0,0,0,0,0,0,0,0,0,0,0,0,0,0,0,0,0,0,0,1,1,0,1,0,1,1,0,0,0,0,0,0,0,0,0,0,0,0,0,0,0,0,0,0,0,0,0,1,20,6,1,3.0,3,7.49660441426146,3,6,1,4,5,5,5,2,5,1,1,0,1,0,0,0,1,0,0,0,156000.0
a002198,3,0,0,0,0,1,0,0,0,0,0,0,0,0,0,0,0,0,0,0,0,0,1,0,0,0,1,0,0,0,0,0,0,1,0,0,0,0,0,0,0,0,0,0,0,0,0,0,0,0,1,0,0,0,1,0,0,1,30,6,1,3.0,4,7.49660441426146,2,4,4,4,3,1,2,4,6,1,0,1,0,0,1,0,1,0,0,0,643080.0
a017891,2,1,1,1,0,0,1,0,0,1,0,0,0,0,0,0,0,0,0,0,0,0,0,0,0,0,0,0,0,1,1,1,0,0,1,0,0,1,0,0,0,0,0,0,0,0,0,0,0,0,0,0,0,0,0,0,0,0,20,6,1,3.0,2,7.49660441426146,2,4,3,1,2,5,4,1,6,0,1,1,0,0,0,0,1,0,0,0,89900.0
a004592,3,0,0,0,0,1,0,0,0,1,1,0,0,0,0,0,0,0,0,0,0,0,0,0,0,0,0,1,1,0,0,0,0,1,0,0,0,1,1,0,0,0,0,0,0,0,0,0,0,0,0,0,0,0,0,1,1,0,20,6,4,5.0,6,11.0,3,3,1,2,2,4,4,5,6,1,1,1,1,0,0,0,0,0,0,0,188700.0
a008543,3,0,0,0,0,1,1,0,1,1,0,0,1,0,0,0,0,0,0,0,0,0,0,0,0,0,0,0,0,0,0,0,0,1,1,0,1,1,0,0,1,0,0,0,0,0,0,0,0,0,0,0,0,0,0,0,0,0,30,6,1,3.0,6,7.49660441426146,2,1,2,6,6,4,6,6,2,0,1,1,0,1,0,0,0,0,0,0,83270.0
a001434,3,0,1,0,0,1,0,0,0,0,0,0,0,0,0,0,0,0,0,0,0,1,0,0,0,0,0,0,0,0,1,0,0,1,0,0,0,0,0,0,0,0,0,0,0,0,0,0,0,1,0,0,0,0,0,0,0,1,30,6,4,2.0,2,6.0,2,1,1,1,1,1,1,1,4,3,1,1,1,0,0,0,0,0,0,0,575600.0
a009639,2,0,0,0,0,0,0,0,0,0,0,0,0,0,0,0,0,0,0,0,0,1,1,1,0,0,1,1,0,0,0,0,0,0,0,0,0,0,0,0,0,0,0,0,0,0,0,0,0,1,1,1,0,0,1,1,0,1,30,6,2,2.0,6,10.0,2,2,1,2,6,4,5,6,7,3,0,0,1,0,1,0,0,0,1,0,75700.0
a003230,3,0,0,1,0,0,1,0,0,0,0,1,0,0,0,0,0,0,0,0,0,0,1,0,0,0,0,0,0,0,0,1,0,0,1,0,0,0,0,1,0,0,0,0,0,0,0,0,0,0,1,0,0,0,0,0,0,1,20,6,1,2.0,5,7.49660441426146,3,6,3,2,5,6,4,3,6,0,1,0,0,0,0,0,1,1,0,0,382050.0
a006477,2,1,0,0,0,0,0,0,0,0,0,0,1,0,0,0,0,0,0,0,0,0,1,0,0,0,0,0,0,1,0,0,0,0,0,0,0,0,0,0,1,0,0,0,0,0,0,0,0,0,1,0,0,0,0,0,0,1,30,6,1,3.0,6,7.49660441426146,3,3,2,3,2,4,5,6,7,1,1,1,1,0,0,0,0,0,0,0,362360.0
a005520,3,1,0,0,0,0,0,0,1,0,0,0,0,0,0,0,0,0,0,0,0,0,0,0,1,0,1,1,0,1,0,0,0,0,0,0,1,0,0,0,0,0,0,0,0,0,0,0,0,0,0,0,1,0,1,1,0,0,20,5,4,2.0,4,6.0,3,3,2,1,5,4,5,2,5,3,1,1,1,0,0,0,0,0,0,0,800752.0
a005200,2,1,0,0,0,0,1,0,0,1,0,0,0,0,0,0,0,0,0,0,0,0,1,0,0,0,0,0,0,1,0,0,0,0,1,0,0,1,0,0,0,0,0,0,0,0,0,0,0,0,1,0,0,0,0,0,0,1,50,6,4,1.0,8,12.0,2,6,6,4,1,1,4,5,5,0,1,0,0,1,1,0,0,0,0,0,137000.0
a017690,2,0,0,0,0,0,1,0,0,0,0,0,0,0,0,0,0,0,0,0,0,0,0,0,0,0,0,0,0,0,0,0,0,0,1,0,0,0,0,0,0,0,0,0,0,0,0,0,0,0,0,0,0,0,0,0,0,1,30,6,3,3.0,5,7.0,3,2,2,3,4,3,2,4,5,3,1,1,1,0,0,0,0,0,0,0,64200.0
a007967,2,0,1,0,0,0,0,0,0,0,0,0,0,0,0,0,0,0,0,0,0,0,0,0,0,0,0,0,0,0,1,0,0,0,0,0,0,0,0,0,0,0,0,0,0,0,0,0,0,0,0,0,0,0,0,0,0,0,50,6,4,4.0,4,9.0,3,6,2,2,2,1,6,2,7,2,1,0,1,1,0,0,0,0,0,0,349870.0
a001910,3,0,1,0,1,0,1,0,0,0,0,0,0,0,0,0,0,0,0,0,0,0,1,1,0,0,0,0,0,0,1,0,1,0,1,0,0,0,0,0,0,0,0,0,0,0,0,0,0,0,1,1,0,0,0,0,0,1,20,6,4,3.0,4,12.0,2,3,6,5,3,6,4,5,3,1,1,1,1,0,0,0,0,0,0,0,668424.0
a011759,2,1,1,1,1,1,1,1,1,1,1,1,1,1,0,0,0,0,0,0,0,1,1,1,1,1,1,1,1,1,1,1,1,1,1,1,1,1,1,1,1,1,0,0,0,0,0,0,0,1,1,1,1,1,1,1,1,0,20,6,3,3.0,4,7.0,3,7,7,4,3,2,6,5,6,1,0,0,1,0,0,0,0,0,0,0,84700.0
a009683,4,1,0,0,1,0,1,1,0,1,0,0,0,0,0,0,0,0,0,0,0,0,0,0,0,0,0,0,0,1,0,0,1,0,1,1,0,1,0,0,0,0,0,0,0,0,0,0,0,0,0,0,0,0,0,0,0,0,20,6,1,2.0,4,7.49660441426146,2,3,3,3,4,2,3,5,4,1,1,0,1,0,0,0,1,0,0,0,1813600.0
a007305,2,0,0,0,0,0,0,0,0,0,0,0,0,0,0,0,0,0,0,0,0,0,1,0,0,0,0,1,0,0,0,0,0,0,0,0,0,0,0,0,0,0,0,0,0,0,0,0,0,0,1,0,0,0,0,1,0,0,30,6,2,2.0,6,6.0,2,2,2,2,4,3,3,5,5,2,1,1,1,0,0,0,0,0,0,0,229150.0
a001258,3,1,1,0,1,0,0,0,0,1,0,0,0,0,0,0,0,0,0,0,0,1,0,0,0,0,0,0,0,1,1,0,1,0,0,0,0,1,0,0,0,0,0,0,0,0,0,0,0,1,0,0,0,0,0,0,0,0,30,6,3,2.0,5,8.0,2,2,1,2,6,2,3,2,6,3,0,1,1,0,0,0,1,0,0,0,1163000.0
a002335,2,0,0,0,0,0,0,0,0,0,1,0,0,0,0,0,0,0,0,0,0,0,0,0,0,0,0,0,0,0,0,0,0,0,0,0,0,0,1,0,0,0,0,0,0,0,0,0,0,0,0,0,0,0,0,0,0,1,30,6,3,2.0,5,9.0,1,1,1,3,4,4,3,3,2,2,1,1,1,0,0,0,0,0,0,0,163800.0
a000223,2,1,0,0,0,0,0,0,0,0,0,0,0,0,0,0,0,0,0,0,0,0,0,0,0,0,0,0,0,1,0,0,0,0,0,0,0,0,0,0,0,0,0,0,0,0,0,0,0,0,0,0,0,0,0,0,0,1,20,6,1,3.0,4,7.49660441426146,3,2,1,1,4,5,1,2,4,1,1,0,0,0,0,0,0,0,0,0,585600.0
a006796,2,0,0,0,1,0,1,0,0,0,0,0,0,0,0,0,0,0,0,0,0,0,1,0,0,0,1,0,0,0,0,0,1,0,1,0,0,0,0,0,0,0,0,0,0,0,0,0,0,0,1,0,0,0,1,0,0,1,20,5,2,4.0,4,4.0,3,4,4,2,3,5,5,5,6,1,1,1,0,0,0,1,0,0,0,0,63680.0
a009433,3,0,1,0,0,0,0,0,0,0,0,0,0,0,0,0,0,0,0,0,0,0,1,0,0,0,0,0,0,0,1,0,0,0,0,0,0,0,0,0,0,0,0,0,0,0,0,0,0,0,1,0,0,0,0,0,0,1,20,5,3,4.0,4,9.0,3,2,1,2,4,4,3,3,5,4,0,0,1,0,0,0,0,0,0,0,789960.0
a017937,2,1,0,0,0,0,0,0,0,0,0,0,0,0,0,0,0,0,0,0,0,1,1,0,0,0,0,0,0,1,0,0,0,0,0,0,0,0,0,0,0,0,0,0,0,0,0,0,0,1,1,0,0,0,0,0,0,1,30,6,3,5.0,4,6.0,2,2,2,2,4,2,2,2,5,2,1,1,0,0,0,1,0,0,0,0,34800.0
a008474,4,0,1,0,1,0,0,1,0,0,0,0,0,0,0,0,0,0,0,0,0,0,1,1,0,0,0,0,0,0,1,0,1,0,0,1,0,0,0,0,0,0,0,0,0,0,0,0,0,0,1,1,0,0,0,0,0,0,30,5,1,3.0,2,7.49660441426146,4,2,1,2,3,2,7,3,3,0,1,1,0,0,0,0,1,0,0,0,843760.0
a006364,2,1,1,0,0,0,0,0,0,0,0,0,0,0,0,0,0,0,0,0,0,0,1,0,0,0,0,0,0,1,1,0,0,0,0,0,0,0,0,0,0,0,0,0,0,0,0,0,0,0,1,0,0,0,0,0,0,0,20,6,4,2.0,4,6.0,2,5,3,3,5,5,3,3,5,1,1,0,1,0,1,0,0,0,0,0,515300.0
a006304,2,0,0,0,0,0,1,0,0,0,0,1,0,0,0,0,0,0,0,0,0,0,0,0,0,0,0,0,0,0,0,0,0,0,1,0,0,0,0,1,0,0,0,0,0,0,0,0,0,0,0,0,0,0,0,0,0,0,20,6,4,12.0,1,8.0,2,3,4,2,5,3,3,3,3,0,0,1,0,0,0,0,1,1,0,0,10200.0
a007719,2,1,0,0,0,1,1,0,0,0,0,0,0,0,0,0,0,0,0,0,0,0,0,0,0,0,0,0,0,1,0,0,0,1,1,0,0,0,0,0,0,0,0,0,0,0,0,0,0,0,0,0,0,0,0,0,0,0,30,6,1,2.0,4,7.49660441426146,2,4,4,1,4,3,2,3,5,1,0,1,1,0,0,1,0,0,0,0,239700.0
a013665,2,0,0,0,0,1,0,0,0,0,0,0,0,0,0,0,0,0,0,0,0,0,1,0,0,0,0,1,0,0,0,0,0,1,0,0,0,0,0,0,0,0,0,0,0,0,0,0,0,0,1,0,0,0,0,1,0,0,40,7,1,2.0,5,7.49660441426146,1,6,6,4,4,6,2,3,6,0,1,0,0,0,1,1,0,0,0,0,18500.0
a011596,2,1,1,0,1,0,1,0,0,1,0,0,0,0,0,0,0,0,0,0,0,0,0,0,0,0,0,0,0,1,1,0,1,0,1,0,0,1,0,0,0,0,0,0,0,0,0,0,0,0,0,0,0,0,0,0,0,0,30,6,2,9.0,5,5.0,3,2,4,3,6,4,5,2,4,1,1,1,0,0,0,1,0,0,0,0,36900.0
a005421,2,0,0,1,1,0,0,0,0,0,0,0,0,0,0,0,0,0,0,0,0,0,1,0,0,0,1,0,0,0,0,1,1,0,0,0,0,0,0,0,0,0,0,0,0,0,0,0,0,0,1,0,0,0,1,0,0,0,20,6,4,12.0,1,9.0,3,5,4,4,4,6,4,5,5,0,1,0,0,0,0,0,0,0,0,0,19000.0
a006274,2,0,1,0,0,0,0,0,0,0,0,0,0,0,0,0,0,0,0,0,0,0,0,0,0,0,0,0,0,0,1,0,0,0,0,0,0,0,0,0,0,0,0,0,0,0,0,0,0,0,0,0,0,0,0,0,0,0,30,7,6,2.0,8,12.0,3,3,6,5,3,6,4,6,4,3,0,0,1,0,0,0,1,1,0,0,140100.0
a008006,2,0,0,0,0,0,0,0,0,0,0,0,0,0,0,0,0,0,0,0,0,1,1,0,0,0,0,0,0,0,0,0,0,0,0,0,0,0,0,0,0,0,0,0,0,0,0,0,0,1,1,0,0,0,0,0,0,1,20,6,3,12.0,2,2.0,3,4,3,3,3,2,5,7,5,2,1,1,1,0,0,0,0,0,0,0,122200.0
a000556,4,0,0,0,0,1,0,0,1,0,0,0,0,0,0,0,0,0,0,0,0,1,1,0,1,0,0,0,0,0,0,0,0,1,0,0,1,0,0,0,0,0,0,0,0,0,0,0,0,1,1,0,1,0,0,0,0,0,40,7,5,2.0,11,11.0,2,1,2,1,2,4,2,4,6,14,1,0,1,0,0,0,0,0,0,1,687800.0
a006890,2,1,0,1,0,0,1,0,0,0,0,0,0,0,0,0,0,0,0,0,0,0,0,0,0,0,0,1,0,1,0,1,0,0,1,0,0,0,0,0,0,0,0,0,0,0,0,0,0,0,0,0,0,0,0,1,0,0,20,6,1,12.0,2,7.49660441426146,3,6,4,4,5,4,5,5,4,0,1,0,0,1,0,0,1,0,0,0,3000.0
a010181,4,1,1,1,1,1,1,1,1,1,1,1,1,1,0,0,0,0,0,0,0,1,1,1,1,0,1,1,1,1,1,1,1,1,1,1,1,1,1,1,1,1,0,0,0,0,0,0,0,1,1,1,1,0,1,1,1,0,20,5,3,12.0,2,4.0,2,6,2,6,4,6,6,6,6,1,0,0,1,0,0,0,0,0,0,0,734400.0
a001615,2,1,0,1,0,0,1,0,0,0,0,0,0,0,0,0,0,0,0,0,0,1,1,0,0,0,0,0,0,1,0,1,0,0,1,0,0,0,0,0,0,0,0,0,0,0,0,0,0,1,1,0,0,0,0,0,0,1,30,6,3,2.0,3,6.0,3,3,4,3,2,5,3,5,4,0,1,0,0,0,0,0,1,0,0,0,68400.0
a002303,3,0,0,0,0,0,0,0,0,0,0,0,0,0,0,0,0,0,0,0,0,0,1,1,1,0,0,0,0,0,0,0,0,0,0,0,0,0,0,0,0,0,0,0,0,0,0,0,0,0,1,1,1,0,0,0,0,1,30,6,2,2.0,7,11.0,2,4,1,1,1,1,1,7,7,1,0,1,1,0,1,0,0,0,0,0,80720.0
a011301,3,0,0,1,0,0,1,0,0,0,0,1,0,0,0,0,0,0,0,0,0,0,0,1,0,0,0,0,0,0,0,1,0,0,1,0,0,0,0,1,0,0,0,0,0,0,0,0,0,0,0,1,0,0,0,0,0,0,30,7,4,2.0,5,5.0,2,2,1,2,3,3,5,5,6,2,1,0,1,0,0,1,0,0,0,0,526800.0
a000801,3,0,0,0,0,0,1,0,0,0,0,0,0,0,0,0,0,0,0,0,0,0,0,1,0,0,0,0,0,0,0,0,0,0,1,0,0,0,0,0,0,0,0,0,0,0,0,0,0,0,0,1,0,0,0,0,0,0,20,4,4,2.0,1,8.0,2,7,1,6,2,1,6,6,4,1,1,1,1,0,0,0,0,0,0,0,1676700.0
a011090,2,0,0,0,1,0,0,0,0,0,0,0,0,0,0,0,0,0,0,0,0,0,1,0,0,0,0,0,0,0,0,0,1,0,0,0,0,0,0,0,0,0,0,0,0,0,0,0,0,0,1,0,0,0,0,0,0,1,60,4,2,4.0,7,9.0,2,1,7,1,4,4,7,7,6,2,0,1,1,0,0,1,0,0,0,0,684000.0
a007854,2,1,1,0,1,0,0,0,0,0,0,0,0,0,0,0,0,0,0,0,0,0,0,0,0,0,0,0,0,1,1,0,1,0,0,0,0,0,0,0,0,0,0,0,0,0,0,0,0,0,0,0,0,0,0,0,0,0,30,4,4,7.0,5,5.0,3,3,1,3,4,7,3,2,7,3,1,0,1,0,0,0,0,1,0,0,79200.0
a015688,3,1,0,0,0,0,1,0,0,0,0,0,0,0,0,0,0,0,0,0,0,0,0,0,0,0,0,0,0,1,0,0,0,0,1,0,0,0,0,0,0,0,0,0,0,0,0,0,0,0,0,0,0,0,0,0,0,0,30,6,3,2.0,6,6.0,3,4,4,2,4,6,5,6,6,0,1,0,0,0,0,0,1,0,0,1,52100.0
a006044,2,1,0,0,0,0,1,0,0,0,0,0,0,0,0,0,0,0,0,0,0,0,0,0,0,0,0,0,0,1,0,0,0,0,1,0,0,0,0,0,0,0,0,0,0,0,0,0,0,0,0,0,0,0,0,0,0,1,30,6,2,3.0,4,7.0,2,5,5,4,5,3,3,3,4,0,1,1,0,0,0,0,0,0,0,1,602000.0
a000483,4,1,0,0,0,0,1,0,0,0,0,0,0,0,0,0,0,0,0,0,0,0,1,0,0,0,0,0,0,1,0,0,0,0,1,0,0,0,0,0,0,0,0,0,0,0,0,0,0,0,1,0,0,0,0,0,0,1,30,6,3,3.0,3,6.0,3,4,5,2,3,4,3,6,3,1,1,1,0,0,0,0,0,0,1,0,359000.0
a006376,2,1,0,0,0,0,1,0,0,0,0,0,0,0,0,0,0,0,0,0,0,0,0,1,0,0,0,0,0,1,0,0,0,0,1,0,0,0,0,0,0,0,0,0,0,0,0,0,0,0,0,1,0,0,0,0,0,0,30,6,2,3.0,7,7.0,2,6,4,2,4,3,2,3,6,1,0,1,0,0,0,0,1,0,1,0,1844400.0
a018102,2,0,0,1,1,0,0,0,0,0,0,0,0,0,0,0,0,0,0,0,0,0,0,0,0,0,0,0,0,0,0,1,1,0,0,0,0,0,0,0,0,0,0,0,0,0,0,0,0,0,0,0,0,0,0,0,0,0,50,6,4,3.0,7,7.0,3,1,4,2,6,4,3,3,6,1,1,1,1,0,0,0,0,0,0,0,125800.0
a018056,2,0,0,1,0,0,0,0,0,0,0,0,0,0,0,0,0,0,0,0,0,0,1,0,1,0,0,1,0,0,0,1,0,0,0,0,0,0,0,0,0,0,0,0,0,0,0,0,0,0,1,0,1,0,0,1,0,1,20,6,3,4.0,3,8.0,2,2,3,5,2,4,6,6,6,0,1,1,0,0,0,1,0,0,0,0,62200.0
a006081,2,0,1,0,0,0,0,0,0,0,0,0,0,0,0,0,0,0,0,0,0,0,1,0,0,0,0,0,0,0,1,0,0,0,0,0,0,0,0,0,0,0,0,0,0,0,0,0,0,0,1,0,0,0,0,0,0,1,30,6,3,1.0,6,8.0,2,2,3,2,4,4,5,2,6,2,1,1,1,0,0,0,0,0,0,0,117900.0
a004797,3,0,0,1,1,0,0,0,0,0,0,0,0,0,0,0,0,0,0,0,0,1,0,0,0,0,0,0,0,0,0,1,1,0,0,0,0,0,0,0,0,0,0,0,0,0,0,0,0,1,0,0,0,0,0,0,0,0,30,6,3,2.0,7,10.0,3,4,3,5,1,1,7,4,1,0,1,1,0,1,0,0,0,0,0,0,1337400.0
a011721,3,1,0,0,1,0,1,0,0,1,0,1,0,0,0,0,0,0,0,0,0,0,0,0,0,0,0,0,0,1,0,0,1,0,1,0,0,1,0,1,0,0,0,0,0,0,0,0,0,0,0,0,0,0,0,0,0,1,20,6,4,12.0,1,5.0,3,7,6,6,3,1,4,6,4,2,0,1,1,0,0,0,1,0,0,0,882476.0
a007391,2,0,0,0,1,0,1,0,0,0,0,0,0,0,0,0,0,0,0,0,0,1,1,0,0,0,0,0,0,0,0,0,1,0,1,0,0,0,0,0,0,0,0,0,0,0,0,0,0,1,1,0,0,0,0,0,0,0,20,5,4,10.0,3,4.0,4,4,4,4,4,4,4,4,4,2,1,1,0,0,1,0,0,0,0,0,103300.0
a002957,5,1,1,0,1,1,0,0,0,0,0,0,0,0,0,0,0,0,0,0,0,1,0,0,0,0,0,0,0,1,1,0,1,1,0,0,0,0,0,0,0,0,0,0,0,0,0,0,0,1,0,0,0,0,0,0,0,1,30,7,1,3.0,4,7.49660441426146,3,2,2,1,6,7,1,2,3,0,1,0,0,0,0,1,1,0,0,0,729150.0
a017703,2,1,0,0,0,0,1,0,0,0,0,0,0,0,0,0,0,0,0,0,0,0,1,0,1,0,0,0,0,1,0,0,0,0,1,0,0,0,0,0,0,0,0,0,0,0,0,0,0,0,1,0,1,0,0,0,0,0,20,6,4,12.0,1,6.0,2,6,6,3,4,6,3,6,3,0,0,0,0,1,1,0,1,0,0,0,63000.0
a017922,2,0,1,0,0,0,0,0,0,0,0,0,0,0,0,0,0,0,0,0,0,0,0,0,0,0,0,1,0,0,1,0,0,0,0,0,0,0,0,0,0,0,0,0,0,0,0,0,0,0,0,0,0,0,0,1,0,1,40,5,3,3.0,4,9.0,3,1,1,3,2,1,3,2,4,0,1,1,0,0,0,0,0,1,0,0,74500.0
a018137,2,1,1,0,0,0,0,0,0,0,0,0,0,0,0,0,0,0,0,0,0,0,0,0,0,0,0,0,0,1,1,0,0,0,0,0,0,0,0,0,0,0,0,0,0,0,0,0,0,0,0,0,0,0,0,0,0,1,20,6,1,3.0,4,7.49660441426146,3,2,7,6,1,2,6,2,6,1,1,0,1,0,0,1,0,0,0,0,38300.0
a002857,4,0,0,0,0,1,0,0,0,0,1,0,0,0,0,0,0,0,0,0,0,0,0,0,0,0,1,0,0,0,0,0,0,1,0,0,0,0,1,0,0,0,0,0,0,0,0,0,0,0,0,0,0,0,1,0,0,1,20,6,3,3.0,5,7.0,1,3,1,2,2,3,4,1,3,0,1,1,0,0,0,0,0,0,0,0,1012973.0
a004565,3,1,1,1,1,0,1,0,0,0,0,0,0,0,0,0,0,0,0,0,0,0,0,0,0,0,0,0,0,1,1,1,1,0,1,0,0,0,0,0,0,0,0,0,0,0,0,0,0,0,0,0,0,0,0,0,0,0,20,6,3,13.0,1,7.0,2,4,1,2,4,2,4,7,2,0,1,1,0,0,0,0,1,0,0,0,313400.0
a005674,2,1,0,0,0,0,1,0,0,0,0,0,0,0,0,0,0,0,0,0,0,0,0,0,0,0,0,0,0,1,0,0,0,0,1,0,0,0,0,0,0,0,0,0,0,0,0,0,0,0,0,0,0,0,0,0,0,0,30,6,2,2.0,2,4.0,2,1,1,1,4,7,1,1,1,1,1,0,1,0,0,0,1,0,0,0,206630.0
a005655,2,0,0,0,1,0,0,0,0,0,0,0,0,0,0,0,0,0,0,0,0,1,1,0,0,0,0,0,0,0,0,0,1,0,0,0,0,0,0,0,0,0,0,0,0,0,0,0,0,1,1,0,0,0,0,0,0,0,20,8,2,12.0,1,7.0,3,5,2,2,3,3,5,1,4,1,1,0,1,0,1,0,0,0,0,0,96100.0
a004472,2,1,0,1,1,0,0,0,0,0,0,0,1,0,0,0,0,0,0,0,0,0,0,0,0,0,0,1,0,1,0,1,1,0,0,0,0,0,0,0,1,0,0,0,0,0,0,0,0,0,0,0,0,0,0,1,0,0,30,7,1,2.0,9,7.49660441426146,2,1,1,1,1,3,5,5,2,0,1,0,0,0,0,1,1,0,0,0,147900.0
a000035,2,0,0,0,0,0,0,0,0,0,0,0,0,0,0,0,0,0,0,0,0,1,1,0,1,0,0,1,0,0,1,0,0,0,0,0,0,0,0,0,0,0,0,0,0,0,0,0,0,0,0,0,0,0,0,0,0,0,40,6,2,2.0,5,6.0,1,1,6,1,4,4,5,5,7,1,1,1,0,0,1,0,0,0,0,0,272000.0
a006321,2,1,0,0,1,0,1,0,0,0,0,0,0,0,0,0,0,0,0,0,0,0,0,0,0,0,0,1,1,1,0,0,1,0,1,0,0,0,0,0,0,0,0,0,0,0,0,0,0,0,0,0,0,0,0,1,1,0,30,6,2,2.0,6,11.0,2,3,2,4,3,5,2,5,5,1,1,0,0,0,0,1,0,1,0,0,62800.0
a002372,3,0,0,1,0,0,0,0,0,0,0,0,0,0,0,0,0,0,0,0,0,0,1,0,0,0,0,0,0,0,0,1,0,0,0,0,0,0,0,0,0,0,0,0,0,0,0,0,0,0,1,0,0,0,0,0,0,1,30,6,1,3.0,3,7.49660441426146,2,2,1,1,4,2,1,6,3,1,1,1,1,0,0,0,0,0,0,0,342400.0
a007254,2,0,0,0,0,0,0,0,1,0,0,0,0,0,0,0,0,0,0,0,0,0,1,0,0,0,0,0,1,0,0,0,0,0,0,0,1,0,0,0,0,0,0,0,0,0,0,0,0,0,1,0,0,0,0,0,1,1,30,6,4,4.0,3,12.0,3,2,2,4,6,2,3,2,3,3,0,1,1,0,0,0,1,0,0,0,194150.0
a012288,3,0,0,0,0,1,0,0,0,0,0,0,0,0,0,0,0,0,0,0,0,0,1,0,0,0,0,0,0,0,0,0,0,1,0,0,0,0,0,0,0,0,0,0,0,0,0,0,0,0,1,0,0,0,0,0,0,0,30,6,2,2.0,3,6.0,2,6,1,1,3,1,7,7,1,1,0,1,1,0,1,0,0,0,0,0,390200.0
a014786,2,1,1,0,1,0,1,0,0,1,0,0,0,0,0,0,0,0,0,0,0,0,1,0,0,0,1,0,0,1,1,0,1,0,1,0,0,1,0,0,0,0,0,0,0,0,0,0,0,0,1,0,0,0,1,0,0,1,30,6,2,13.0,3,5.0,3,2,2,2,2,5,4,3,6,1,0,1,1,0,0,0,1,0,0,0,232400.0
a000756,3,0,0,0,1,0,0,0,0,0,0,0,0,0,0,0,0,0,0,0,0,1,1,1,0,0,0,1,0,0,0,0,1,0,0,0,0,0,0,0,0,0,0,0,0,0,0,0,0,1,1,1,0,0,0,1,0,0,20,6,4,2.0,4,8.0,4,6,5,2,5,6,5,5,5,3,1,1,1,0,0,0,0,0,0,0,657818.0
a004395,3,1,1,1,0,0,0,0,1,0,0,1,0,0,0,0,0,0,0,0,0,0,0,0,0,0,0,0,0,1,1,1,0,0,0,0,1,0,0,1,0,0,0,0,0,0,0,0,0,0,0,0,0,0,0,0,0,0,40,6,4,3.0,4,7.0,2,2,4,3,5,3,3,6,4,3,0,1,1,0,0,0,0,0,0,0,530280.0
a014996,3,1,0,0,1,0,1,0,0,0,0,0,0,0,0,0,0,0,0,0,0,0,0,0,0,0,0,0,0,1,0,0,1,0,1,0,0,0,0,0,0,0,0,0,0,0,0,0,0,0,0,0,0,0,0,0,0,1,20,6,1,12.0,1,7.49660441426146,3,3,2,3,5,2,6,2,6,1,0,1,0,0,0,0,0,0,0,0,97050.0
c011520,2,0,0,0,0,0,0,0,0,0,0,0,0,0,0,0,0,0,0,0,0,0,0,0,0,0,0,1,0,0,0,0,0,0,0,0,0,0,0,0,0,0,0,0,0,0,0,0,0,0,0,0,0,0,0,1,0,1,50,6,2,2.0,5,6.0,3,1,7,1,1,1,4,1,7,0,1,1,0,0,0,0,1,0,0,0,3250.0
a004023,3,1,1,0,1,0,1,1,0,0,0,0,0,0,0,0,0,0,0,0,0,0,0,0,0,0,0,0,0,1,1,0,1,0,1,1,0,0,0,0,0,0,0,0,0,0,0,0,0,0,0,0,0,0,0,0,0,1,20,6,2,12.0,1,5.0,2,7,1,1,1,1,4,7,7,1,1,0,1,0,0,0,1,0,0,0,18000.0
a010281,4,0,0,1,0,0,1,0,0,0,0,0,0,0,0,0,0,0,0,0,0,0,1,0,1,0,1,0,0,0,0,1,0,0,1,0,0,0,0,0,0,0,0,0,0,0,0,0,0,0,1,0,1,0,1,0,0,0,20,5,1,2.0,3,7.49660441426146,3,3,3,6,3,2,4,5,6,1,0,1,1,0,0,0,1,0,0,0,1358400.0
a007870,2,1,0,0,1,0,0,0,0,0,0,0,0,0,0,0,0,0,0,0,0,0,1,0,0,0,1,0,0,1,0,0,1,0,0,0,0,0,0,0,0,0,0,0,0,0,0,0,0,0,1,0,0,0,1,0,0,0,20,5,3,3.0,4,8.0,2,1,1,1,1,1,1,1,3,0,1,1,0,0,0,1,0,0,0,0,46000.0
a006039,2,0,0,0,0,1,0,0,0,0,0,0,0,0,0,0,0,0,0,0,0,1,1,0,1,0,0,0,0,0,0,0,0,1,0,0,0,0,0,0,0,0,0,0,0,0,0,0,0,1,1,0,1,0,0,0,0,1,60,6,3,3.0,6,10.0,2,5,2,2,2,6,4,6,7,3,1,0,0,0,0,1,1,0,0,0,1553600.0
a001617,4,1,0,0,0,0,0,0,0,0,0,0,0,0,0,0,0,0,0,0,0,0,0,0,1,0,1,1,1,1,0,0,0,0,0,0,0,0,0,0,0,0,0,0,0,0,0,0,0,0,0,0,1,0,1,1,1,1,30,6,1,2.0,5,7.49660441426146,1,4,4,4,4,4,4,4,4,2,0,1,0,0,0,1,1,0,0,0,1187300.0
a012289,3,0,0,0,0,0,0,0,0,0,0,0,0,0,0,0,0,0,0,0,0,1,1,1,0,0,1,0,0,0,0,0,0,0,0,0,0,0,0,0,0,0,0,0,0,0,0,0,0,1,1,1,0,0,1,0,0,0,20,6,3,12.0,1,5.0,2,2,2,3,3,3,6,2,6,1,1,1,1,0,0,0,0,0,0,0,635600.0
a003346,3,0,0,0,0,0,0,0,0,0,1,0,0,0,0,0,0,0,0,0,0,1,1,1,0,0,0,1,0,0,0,0,0,0,0,0,0,0,1,0,0,0,0,0,0,0,0,0,0,1,1,1,0,0,0,1,0,1,40,4,4,3.0,3,7.0,2,1,1,1,4,1,1,4,6,3,1,1,1,0,0,0,0,0,0,0,1822700.0
a008496,3,0,1,0,0,0,0,0,0,0,0,1,0,0,0,0,0,0,0,0,0,1,1,1,0,0,0,0,0,0,1,0,0,0,0,0,0,0,0,1,0,0,0,0,0,0,0,0,0,1,1,1,0,0,0,0,0,1,30,7,4,2.0,7,10.0,2,2,2,2,6,2,2,2,7,3,1,0,1,0,0,0,1,0,0,0,1485400.0
a002277,2,0,1,0,0,0,0,0,0,0,0,0,0,0,0,0,0,0,0,0,0,0,0,0,0,0,0,0,0,0,1,0,0,0,0,0,0,0,0,0,0,0,0,0,0,0,0,0,0,0,0,0,0,0,0,0,0,0,20,6,4,2.0,4,8.0,2,4,2,2,6,4,4,5,4,1,0,0,1,0,1,0,0,1,0,0,1500.0
a002180,2,1,1,1,1,0,1,0,0,0,0,0,0,0,0,0,0,0,0,0,0,0,0,0,0,0,0,0,0,1,1,1,1,0,1,0,0,0,0,0,0,0,0,0,0,0,0,0,0,0,0,0,0,0,0,0,0,1,30,7,1,2.0,3,7.49660441426146,3,3,3,3,2,2,4,5,3,0,1,1,0,0,0,0,1,0,0,0,37300.0
a000513,3,1,1,0,0,0,0,0,1,0,0,0,0,0,0,0,0,0,0,0,0,1,0,0,1,0,0,0,0,1,1,0,0,0,0,0,1,0,0,0,0,0,0,0,0,0,0,0,0,1,0,0,1,0,0,0,0,0,30,6,3,2.0,5,5.0,3,3,2,1,4,5,2,3,5,11,1,0,1,0,0,0,1,0,0,0,267600.0
a003306,2,1,1,0,0,0,1,0,0,0,0,0,0,1,0,0,0,0,0,0,0,0,1,0,0,0,0,0,0,1,1,0,0,0,1,0,0,0,0,0,0,1,0,0,0,0,0,0,0,0,1,0,0,0,0,0,0,1,30,6,3,3.0,4,7.0,2,1,7,1,1,1,4,7,7,2,1,0,1,0,0,0,1,0,0,0,229580.0
a002944,2,1,0,1,0,0,0,0,0,0,0,0,0,0,0,0,0,0,0,0,0,1,1,0,0,0,0,0,0,1,0,1,0,0,0,0,0,0,0,0,0,0,0,0,0,0,0,0,0,1,1,0,0,0,0,0,0,1,30,6,2,3.0,4,7.0,3,2,6,2,2,6,3,6,3,1,0,0,1,0,0,1,1,0,0,0,96360.0
a005184,2,0,0,0,1,0,0,0,0,0,0,0,0,0,0,0,0,0,0,0,0,0,0,0,0,0,0,0,0,0,0,0,1,0,0,0,0,0,0,0,0,0,0,0,0,0,0,0,0,0,0,0,0,0,0,0,0,0,50,6,4,1.0,8,8.0,2,1,1,1,4,4,4,4,6,2,0,1,1,0,0,0,1,0,0,0,77250.0
a004542,3,1,0,0,0,0,0,1,0,0,0,0,0,0,0,0,0,0,0,0,0,0,0,1,0,0,0,0,0,1,0,0,0,0,0,1,0,0,0,0,0,0,0,0,0,0,0,0,0,0,0,1,0,0,0,0,0,0,30,6,2,4.0,4,6.0,3,2,2,1,5,4,4,6,7,1,1,1,1,0,0,0,0,0,0,0,373000.0
a000766,3,1,0,0,1,1,0,0,0,0,1,0,0,0,0,0,0,0,0,0,0,0,0,1,0,0,0,0,0,1,0,0,1,1,0,0,0,0,1,0,0,0,0,0,0,0,0,0,0,0,0,1,0,0,0,0,0,0,30,6,1,3.0,6,7.49660441426146,3,2,2,2,3,3,5,1,5,1,1,0,1,0,0,0,1,0,0,0,510000.0
a016159,4,1,0,1,0,0,1,1,0,0,1,0,0,0,0,0,0,0,0,0,0,1,1,0,0,0,1,0,1,1,0,1,0,0,1,1,0,0,1,0,0,0,0,0,0,0,0,0,0,1,1,0,0,0,1,0,1,1,30,6,1,2.0,5,7.49660441426146,2,6,3,5,2,3,3,5,2,0,0,1,0,1,0,1,0,0,0,0,797420.0
a005364,3,1,0,0,1,0,0,1,0,0,0,0,0,0,0,0,0,0,0,0,0,0,1,0,0,0,0,0,0,1,0,0,1,0,0,1,0,0,0,0,0,0,0,0,0,0,0,0,0,0,1,0,0,0,0,0,0,0,20,6,1,2.0,5,7.49660441426146,2,2,2,3,6,4,4,3,6,0,1,1,0,0,1,0,0,0,0,0,961250.0
a006531,2,0,0,1,0,0,0,0,0,1,0,0,0,0,0,0,0,0,0,0,0,0,1,0,0,0,0,0,0,0,0,1,0,0,0,0,0,1,0,0,0,0,0,0,0,0,0,0,0,0,1,0,0,0,0,0,0,1,50,3,1,13.0,4,7.49660441426146,3,3,3,3,2,2,6,5,5,1,1,0,1,0,0,0,1,0,0,0,21100.0
a002971,5,1,0,0,1,0,0,0,0,0,0,0,0,0,0,0,0,0,0,0,0,1,1,0,0,0,0,1,0,1,0,0,1,0,0,0,0,0,0,0,0,0,0,0,0,0,0,0,0,1,1,0,0,0,0,1,0,0,20,7,1,12.0,2,7.49660441426146,2,2,5,1,5,4,5,3,2,0,1,1,0,0,0,0,1,0,0,0,623940.0
a001704,2,1,0,1,0,0,0,0,0,0,0,0,0,0,0,0,0,0,0,0,0,1,0,0,0,0,1,1,0,1,0,1,0,0,0,0,0,0,0,0,0,0,0,0,0,0,0,0,0,1,0,0,0,0,1,1,0,0,40,6,2,3.0,5,6.0,2,6,7,3,5,2,2,7,1,0,1,0,0,1,0,0,0,1,0,0,9200.0
a014333,4,1,0,0,1,0,1,0,0,0,0,0,0,0,0,0,0,0,0,0,0,0,0,0,0,0,0,0,0,1,0,0,1,0,1,0,0,0,0,0,0,0,0,0,0,0,0,0,0,0,0,0,0,0,0,0,0,1,30,7,2,2.0,4,7.0,2,4,2,6,1,4,6,1,5,1,1,1,1,0,0,0,0,0,0,0,1323900.0
a012433,3,0,0,0,0,0,0,0,0,0,0,0,1,0,0,0,0,0,0,0,0,0,1,0,0,0,1,0,0,0,0,0,0,0,0,0,0,0,0,0,1,0,0,0,0,0,0,0,0,0,1,0,0,0,1,0,0,1,40,5,2,3.0,4,8.0,3,2,3,3,5,5,3,1,7,1,0,1,0,0,0,0,0,0,0,0,107200.0
a007310,2,0,0,0,0,0,0,0,1,0,0,0,0,0,0,0,0,0,0,0,0,0,1,0,0,0,0,0,0,0,0,0,0,0,0,0,1,0,0,0,0,0,0,0,0,0,0,0,0,0,1,0,0,0,0,0,0,1,20,5,1,3.0,4,7.49660441426146,2,1,1,1,3,6,2,2,7,1,0,0,1,0,1,0,1,0,0,0,104000.0
a006305,2,0,0,1,1,0,0,0,0,0,0,0,0,0,0,0,0,0,0,0,0,0,1,0,0,0,0,0,0,0,0,1,1,0,0,0,0,0,0,0,0,0,0,0,0,0,0,0,0,0,1,0,0,0,0,0,0,0,20,6,5,12.0,1,7.0,3,5,1,4,6,6,2,1,3,1,1,0,1,1,0,0,0,0,0,0,128000.0
a008553,2,1,0,0,0,0,1,0,0,0,0,0,0,0,0,0,0,0,0,0,0,0,1,0,0,0,0,0,0,1,0,0,0,0,1,0,0,0,0,0,0,0,0,0,0,0,0,0,0,0,1,0,0,0,0,0,0,1,20,6,1,2.0,4,7.49660441426146,3,4,3,4,3,1,3,6,3,0,1,1,0,0,0,0,0,0,0,0,26450.0
a001932,2,0,0,1,1,0,0,0,0,0,0,0,1,0,0,0,0,0,0,0,0,0,1,0,0,0,0,0,0,0,0,1,1,0,0,0,0,0,0,0,1,0,0,0,0,0,0,0,0,0,1,0,0,0,0,0,0,1,60,4,3,4.0,4,8.0,3,1,1,7,5,5,6,7,4,1,0,0,1,0,0,0,0,0,0,0,208900.0
a006034,2,1,0,0,1,0,0,0,0,0,0,0,0,0,0,0,0,0,0,0,0,0,0,0,0,0,0,0,0,1,0,0,1,0,0,0,0,0,0,0,0,0,0,0,0,0,0,0,0,0,0,0,0,0,0,0,0,0,30,6,1,3.0,5,7.49660441426146,2,4,3,5,3,3,5,3,6,1,1,0,1,0,1,0,0,0,0,0,324000.0
a002739,4,1,1,1,1,0,1,0,0,0,0,0,0,0,0,0,0,0,0,0,0,0,0,0,0,0,0,0,0,1,1,1,1,0,1,0,0,0,0,0,0,0,0,0,0,0,0,0,0,0,0,0,0,0,0,0,0,1,20,6,5,12.0,1,1.0,3,4,2,2,5,4,6,5,6,0,1,1,0,0,0,0,1,0,0,0,835028.0
a006548,2,1,0,0,1,0,0,0,0,0,0,0,0,0,0,0,0,0,0,0,0,0,0,0,1,0,0,0,0,1,0,0,1,0,0,0,0,0,0,0,0,0,0,0,0,0,0,0,0,0,0,0,1,0,0,0,0,0,20,7,2,3.0,4,7.0,3,3,2,5,3,1,2,3,2,1,1,1,1,0,0,0,0,0,0,0,47300.0
a000673,2,0,0,0,0,0,0,0,0,0,0,0,0,0,0,0,0,0,0,0,0,0,1,0,0,0,0,0,0,0,0,0,0,0,0,0,0,0,0,0,0,0,0,0,0,0,0,0,0,0,1,0,0,0,0,0,0,0,30,6,1,3.0,4,7.49660441426146,3,2,5,2,2,1,2,4,4,1,0,1,0,0,1,0,0,0,0,0,19900.0
a005241,2,1,1,0,1,0,0,0,0,0,0,0,0,0,0,0,0,0,0,0,0,0,1,0,0,0,0,0,0,1,1,0,1,0,0,0,0,0,0,0,0,0,0,0,0,0,0,0,0,0,1,0,0,0,0,0,0,0,20,6,1,7.0,5,7.49660441426146,3,6,1,2,3,1,4,3,6,0,1,1,0,0,1,0,0,0,0,0,123200.0
a002889,3,0,0,0,0,0,1,0,0,1,0,0,0,0,0,0,0,0,0,0,0,0,1,0,0,0,0,1,0,0,0,0,0,0,1,0,0,1,0,0,0,0,0,0,0,0,0,0,0,0,1,0,0,0,0,1,0,1,50,6,1,2.0,2,7.49660441426146,2,2,1,1,4,7,2,4,4,0,1,0,0,0,1,0,0,1,0,0,36200.0
a003371,2,0,1,0,0,0,0,0,0,0,0,0,0,0,0,0,0,0,0,0,0,1,1,0,0,0,0,0,0,0,1,0,0,0,0,0,0,0,0,0,0,0,0,0,0,0,0,0,0,1,1,0,0,0,0,0,0,1,20,7,3,2.0,5,11.0,3,3,3,4,2,3,6,3,6,3,0,1,1,0,0,0,1,0,0,0,146000.0
a003236,3,0,1,1,0,0,0,0,0,0,0,0,0,0,0,0,0,0,0,0,0,0,0,0,0,0,0,0,0,0,1,1,0,0,0,0,0,0,0,0,0,0,0,0,0,0,0,0,0,0,0,0,0,0,0,0,0,1,40,7,2,3.0,5,5.0,3,1,1,1,2,4,2,3,4,5,1,1,0,0,0,0,0,1,0,0,752500.0
a007827,2,1,1,0,1,0,0,1,0,0,0,0,0,0,0,0,0,0,0,0,0,0,0,0,0,0,0,0,0,1,1,0,1,0,0,1,0,0,0,0,0,0,0,0,0,0,0,0,0,0,0,0,0,0,0,0,0,0,20,6,2,12.0,1,5.0,4,2,2,2,2,2,2,7,6,1,0,1,1,0,0,0,1,0,0,0,42000.0
a007367,2,1,0,0,0,0,0,0,0,0,0,0,0,0,0,0,0,0,0,0,0,0,0,0,0,0,0,0,0,1,0,0,0,0,0,0,0,0,0,0,0,0,0,0,0,0,0,0,0,0,0,0,0,0,0,0,0,1,30,5,3,11.0,1,6.0,2,1,1,1,1,1,2,2,1,2,0,1,1,0,0,0,1,0,0,0,51400.0
a013750,3,1,1,0,1,0,1,0,0,0,0,0,0,0,0,0,0,0,0,0,0,0,1,0,0,0,0,0,0,1,1,0,1,0,1,0,0,0,0,0,0,0,0,0,0,0,0,0,0,0,1,0,0,0,0,0,0,0,30,6,3,3.0,4,6.0,2,1,4,2,6,5,5,5,3,2,1,0,0,0,0,0,0,0,1,0,1484870.0
a007685,2,1,0,0,0,0,1,0,0,1,0,0,0,0,0,0,0,0,0,0,0,0,1,0,0,0,0,0,0,1,0,0,0,0,1,0,0,1,0,0,0,0,0,0,0,0,0,0,0,0,1,0,0,0,0,0,0,0,20,6,2,2.0,5,5.0,3,2,2,2,3,3,6,2,2,0,1,0,0,0,1,0,1,0,0,0,65400.0
a011117,4,0,1,0,0,0,1,0,0,1,0,0,0,0,0,0,0,0,0,0,0,0,0,0,0,0,0,0,0,0,1,0,0,0,1,0,0,1,0,0,0,0,0,0,0,0,0,0,0,0,0,0,0,0,0,0,0,0,20,4,5,12.0,2,8.0,3,2,2,1,6,6,1,6,7,0,1,0,0,0,0,0,1,1,0,0,314000.0
a003062,3,0,0,0,0,0,1,0,0,0,0,0,0,0,0,0,0,0,0,0,0,0,0,1,0,0,0,0,0,0,0,0,0,0,1,0,0,0,0,0,0,0,0,0,0,0,0,0,0,0,0,1,0,0,0,0,0,1,20,6,2,3.0,4,7.0,3,1,5,1,3,2,2,6,1,1,1,1,0,0,0,0,0,0,0,0,1065280.0
a015406,3,1,0,0,0,0,0,0,0,0,0,0,0,0,0,0,0,0,0,0,0,1,1,0,0,0,1,0,0,1,0,0,0,0,0,0,0,0,0,0,0,0,0,0,0,0,0,0,0,1,1,0,0,0,1,0,0,0,20,6,1,2.0,4,7.49660441426146,2,3,2,2,2,5,6,6,2,1,0,0,1,0,0,0,0,0,0,0,765592.0
a001989,3,0,0,0,0,0,0,0,0,0,0,0,0,0,0,0,0,0,0,0,0,1,1,0,1,0,1,1,0,0,0,0,0,0,0,0,0,0,0,0,0,0,0,0,0,0,0,0,0,1,1,0,1,0,1,1,0,0,30,6,1,3.0,6,7.49660441426146,3,4,3,2,2,2,4,2,5,0,1,1,0,0,0,0,1,0,0,0,190200.0
a018111,2,0,0,0,0,0,0,0,0,0,0,0,0,0,0,0,0,0,0,0,0,0,1,0,0,0,0,0,0,0,0,0,0,0,0,0,0,0,0,0,0,0,0,0,0,0,0,0,0,0,1,0,0,0,0,0,0,1,30,7,2,3.0,4,5.0,3,2,2,2,2,5,6,5,6,1,1,1,1,0,0,0,0,0,0,0,88000.0
a009717,4,0,0,0,0,0,0,0,1,0,0,0,0,0,0,0,0,0,0,0,0,0,1,0,0,0,1,0,0,0,0,0,0,0,0,0,1,0,0,0,0,0,0,0,0,0,0,0,0,0,1,0,0,0,1,0,0,1,40,5,4,3.0,5,8.0,2,2,1,4,4,4,2,5,6,2,0,1,1,0,0,1,0,0,0,0,270000.0
a006303,2,0,0,0,1,0,1,0,0,0,0,0,0,0,0,0,0,0,0,0,0,1,1,0,0,0,0,0,0,0,0,0,1,0,1,0,0,0,0,0,0,0,0,0,0,0,0,0,0,1,1,0,0,0,0,0,0,1,20,6,1,2.0,4,7.49660441426146,3,3,2,2,5,3,6,5,5,1,1,1,1,0,0,0,0,0,0,0,93700.0
a002077,2,0,0,1,0,0,0,0,0,0,0,0,0,0,0,0,0,0,0,0,0,0,0,0,0,0,0,0,0,0,0,1,0,0,0,0,0,0,0,0,0,0,0,0,0,0,0,0,0,0,0,0,0,0,0,0,0,1,20,6,4,4.0,2,2.0,3,4,4,4,4,4,4,4,4,1,0,1,1,0,0,1,0,0,0,0,426520.0
a002795,2,1,1,1,1,0,0,0,0,0,0,0,1,0,0,0,0,0,0,0,0,0,0,0,0,0,0,0,0,1,1,1,1,0,0,0,0,0,0,0,1,0,0,0,0,0,0,0,0,0,0,0,0,0,0,0,0,0,30,6,4,13.0,2,6.0,3,4,2,2,3,4,4,6,4,0,1,1,0,0,0,1,0,0,0,0,156000.0
a011185,3,1,1,0,0,0,0,0,0,0,0,0,0,0,0,0,0,0,0,0,0,0,1,0,1,0,0,1,0,1,1,0,0,0,0,0,0,0,0,0,0,0,0,0,0,0,0,0,0,0,1,0,1,0,0,1,0,1,30,6,2,3.0,3,3.0,3,3,1,3,6,6,5,2,6,0,1,0,0,0,1,0,1,0,0,0,164600.0
a002176,3,1,1,0,0,0,1,1,0,0,0,0,0,0,0,0,0,0,0,0,0,0,0,0,1,0,0,0,0,1,1,0,0,0,1,1,0,0,0,0,0,0,0,0,0,0,0,0,0,0,0,0,1,0,0,0,0,0,40,6,2,13.0,4,4.0,2,3,6,1,4,7,2,1,6,1,1,1,0,0,0,0,1,0,0,0,307600.0
a017512,2,0,0,0,1,0,0,0,0,0,0,0,0,0,0,0,0,0,0,0,0,0,0,1,0,0,1,0,0,0,0,0,1,0,0,0,0,0,0,0,0,0,0,0,0,0,0,0,0,0,0,1,0,0,1,0,0,1,30,6,1,3.0,3,7.49660441426146,3,1,1,1,7,7,1,1,7,0,0,1,0,0,1,0,1,0,0,0,3000.0
a010155,3,0,1,0,0,0,0,0,1,0,0,0,0,0,0,0,0,0,0,0,0,0,1,0,0,0,0,0,0,0,1,0,0,0,0,0,1,0,0,0,0,0,0,0,0,0,0,0,0,0,1,0,0,0,0,0,0,1,30,6,1,3.0,3,7.49660441426146,1,3,3,3,3,4,4,4,7,1,1,1,1,0,0,0,0,0,0,0,317100.0
a005368,2,0,0,1,0,0,1,0,0,0,0,0,0,0,0,0,0,0,0,0,0,1,0,0,0,0,0,0,0,0,0,1,0,0,1,0,0,0,0,0,0,0,0,0,0,0,0,0,0,1,0,0,0,0,0,0,0,0,50,6,4,2.0,6,6.0,3,1,1,2,3,7,2,2,7,2,1,0,1,0,0,0,1,0,0,0,146600.0
a006540,2,0,0,1,0,0,0,0,0,0,0,0,0,0,0,0,0,0,0,0,0,1,0,0,0,0,0,1,0,0,0,1,0,0,0,0,0,0,0,0,0,0,0,0,0,0,0,0,0,1,0,0,0,0,0,1,0,1,60,6,3,3.0,4,10.0,2,2,3,1,3,4,1,2,2,0,1,0,0,0,0,0,1,1,0,0,111600.0
a001206,3,0,0,0,0,0,1,0,1,1,0,0,0,0,0,0,0,0,0,0,0,0,0,0,0,0,0,0,0,0,0,0,0,0,1,0,1,1,0,0,0,0,0,0,0,0,0,0,0,0,0,0,0,0,0,0,0,0,30,6,1,2.0,5,7.49660441426146,2,1,2,2,2,1,2,6,6,1,1,1,1,0,0,0,0,0,0,0,142000.0
a008638,3,1,0,0,0,0,0,0,0,0,0,0,0,0,0,0,0,0,0,0,0,1,0,0,0,0,0,0,0,1,0,0,0,0,0,0,0,0,0,0,0,0,0,0,0,0,0,0,0,1,0,0,0,0,0,0,0,1,40,4,3,3.0,3,5.0,3,2,3,5,3,2,2,1,2,2,1,1,1,0,0,0,0,0,0,0,74500.0
a006178,2,0,1,0,0,0,0,1,0,0,0,0,0,0,0,0,0,0,0,0,0,0,1,0,0,0,1,0,0,0,1,0,0,0,0,1,0,0,0,0,0,0,0,0,0,0,0,0,0,0,1,0,0,0,1,0,0,0,40,6,4,2.0,8,12.0,2,4,7,4,4,6,4,4,6,2,0,0,1,0,1,1,0,0,0,0,197800.0
a006549,2,0,0,0,0,0,1,0,0,0,0,0,0,0,0,0,0,0,0,0,0,1,1,0,1,0,0,0,0,0,0,0,0,0,1,0,0,0,0,0,0,0,0,0,0,0,0,0,0,1,1,0,1,0,0,0,0,1,20,6,2,2.0,4,8.0,2,1,1,1,1,1,1,1,4,0,0,1,0,1,0,0,1,0,0,0,188900.0
a000149,3,0,0,0,0,0,0,0,0,0,0,0,0,0,0,0,0,0,0,0,0,0,0,0,0,0,1,0,0,0,1,0,0,0,0,0,0,0,0,0,0,0,0,0,0,0,0,0,0,0,0,0,0,0,0,0,0,1,30,6,2,2.0,7,8.0,3,2,2,4,4,4,4,2,1,1,1,0,1,0,0,0,0,0,0,1,1595000.0
a003713,2,0,0,0,0,0,0,0,0,0,0,0,0,0,0,0,0,0,0,0,0,0,1,0,1,1,0,1,1,0,0,0,0,0,0,0,0,0,0,0,0,0,0,0,0,0,0,0,0,0,1,0,1,1,0,1,1,1,30,6,2,3.0,5,6.0,2,2,6,1,2,4,4,6,7,0,1,1,0,0,1,0,0,0,0,0,395580.0
a005594,2,0,0,0,0,0,0,0,0,0,0,0,0,0,0,0,0,0,0,0,0,1,1,1,1,0,1,0,0,0,0,0,0,0,0,0,0,0,0,0,0,0,0,0,0,0,0,0,0,1,1,1,1,0,1,0,0,0,30,6,4,3.0,7,7.0,2,2,7,2,6,6,6,6,2,3,1,1,1,0,0,0,0,0,0,0,210480.0
a010563,2,1,1,1,0,0,1,0,0,1,0,0,0,0,0,0,0,0,0,0,0,0,0,0,0,0,0,0,0,1,1,1,0,0,1,0,0,1,0,0,0,0,0,0,0,0,0,0,0,0,0,0,0,0,0,0,0,0,20,4,8,13.0,4,8.0,2,5,3,4,5,6,5,2,6,3,1,0,0,0,1,0,0,1,0,0,286100.0
a017928,2,0,0,1,1,0,0,0,0,0,0,0,0,0,0,0,0,0,0,0,0,0,0,0,0,0,0,0,0,0,0,1,1,0,0,0,0,0,0,0,0,0,0,0,0,0,0,0,0,0,0,0,0,0,0,0,0,0,40,6,1,4.0,5,7.49660441426146,3,3,5,5,4,2,5,4,4,0,1,0,0,0,0,1,0,1,0,0,46050.0
a006510,2,0,1,0,0,1,0,0,0,0,0,0,0,0,0,0,0,0,0,0,0,0,1,0,0,1,0,1,0,0,1,0,0,1,0,0,0,0,0,0,0,0,0,0,0,0,0,0,0,0,1,0,0,1,0,1,0,1,30,6,1,2.0,4,7.49660441426146,2,1,1,4,4,5,1,4,2,0,1,0,0,0,0,1,1,0,0,0,81500.0
a003089,2,0,0,0,1,0,1,0,0,0,0,0,0,0,0,0,0,0,0,0,0,1,1,0,1,0,0,0,0,0,0,0,1,0,1,0,0,0,0,0,0,0,0,0,0,0,0,0,0,1,1,0,1,0,0,0,0,1,20,6,5,2.0,4,12.0,2,6,2,1,1,6,2,6,2,1,1,0,1,0,0,0,1,0,0,0,103000.0
a002886,3,1,1,1,1,1,0,0,0,0,0,0,0,0,0,0,0,0,0,0,0,0,0,0,0,0,0,0,0,1,1,1,1,1,0,0,0,0,0,0,0,0,0,0,0,0,0,0,0,0,0,0,0,0,0,0,0,1,40,6,3,2.0,4,11.0,3,5,1,1,5,6,6,1,5,3,1,1,1,0,0,0,0,0,0,0,1758000.0
a002817,2,0,1,0,0,0,0,0,0,0,1,0,0,0,0,0,0,0,0,0,0,0,1,0,0,0,0,1,0,0,1,0,0,0,0,0,0,0,1,0,0,0,0,0,0,0,0,0,0,0,1,0,0,0,0,1,0,1,50,6,3,2.0,3,5.0,3,2,2,1,4,2,5,2,7,2,0,1,1,0,0,1,0,0,0,0,564000.0
a010132,3,0,0,0,0,0,0,0,0,0,0,0,0,0,0,0,0,0,0,0,0,0,1,0,0,0,0,0,0,0,0,0,0,0,0,0,0,0,0,0,0,0,0,0,0,0,0,0,0,0,1,0,0,0,0,0,0,1,20,4,1,13.0,4,7.49660441426146,2,7,1,1,7,4,4,4,4,1,1,1,0,0,0,0,1,0,0,0,1538600.0
a009626,2,1,0,0,0,0,1,0,0,0,0,1,0,0,0,0,0,0,0,0,0,0,1,0,0,0,0,0,0,1,0,0,0,0,1,0,0,0,0,1,0,0,0,0,0,0,0,0,0,0,1,0,0,0,0,0,0,1,20,4,5,12.0,2,9.0,3,5,5,2,6,4,5,6,3,0,1,0,0,1,0,0,1,0,0,0,155600.0
a002613,3,0,0,0,0,0,1,1,0,0,0,0,0,0,0,0,0,0,0,0,0,0,1,1,0,0,1,0,0,0,0,0,0,0,1,1,0,0,0,0,0,0,0,0,0,0,0,0,0,0,1,1,0,0,1,0,0,1,30,7,1,13.0,5,7.49660441426146,2,4,3,1,3,4,4,1,7,1,1,1,1,0,0,0,0,0,0,0,997465.0
a002940,4,1,0,1,0,0,1,0,0,1,0,1,0,0,0,0,0,0,0,0,0,0,0,0,0,0,0,0,0,1,0,1,0,0,1,0,0,1,0,1,0,0,0,0,0,0,0,0,0,0,0,0,0,0,0,0,0,1,20,5,3,2.0,4,6.0,1,3,7,1,6,1,4,7,5,0,1,0,0,0,1,0,0,1,0,0,1064500.0
a001377,3,0,0,0,1,0,1,0,1,0,0,1,0,0,0,0,0,0,0,0,0,0,0,0,0,0,0,0,0,0,0,0,1,0,1,0,1,0,0,1,0,0,0,0,0,0,0,0,0,0,0,0,0,0,0,0,0,1,40,6,3,3.0,5,10.0,3,2,1,1,1,1,1,2,3,5,1,1,1,0,0,0,0,0,0,0,1111000.0
a007600,2,0,0,0,0,0,0,0,0,0,0,0,0,0,0,0,0,0,0,0,0,0,0,0,0,0,1,0,0,0,0,0,0,0,0,0,0,0,0,0,0,0,0,0,0,0,0,0,0,0,0,0,0,0,1,0,0,1,50,5,4,11.0,3,12.0,3,3,4,3,2,1,4,2,6,1,1,1,1,0,0,0,0,0,0,0,25760.0
a003586,3,0,0,0,0,0,0,0,1,0,0,0,0,0,0,0,0,0,0,0,0,0,0,0,0,0,0,0,0,0,0,0,0,0,0,0,1,0,0,0,0,0,0,0,0,0,0,0,0,0,0,0,0,0,0,0,0,1,30,6,1,3.0,4,7.49660441426146,3,2,1,2,1,1,2,2,6,1,0,1,0,0,0,0,0,0,0,0,224070.0
a004819,2,0,0,1,0,0,1,0,0,0,0,0,0,0,0,0,0,0,0,0,0,0,0,0,0,0,0,0,0,0,0,1,0,0,1,0,0,0,0,0,0,0,0,0,0,0,0,0,0,0,0,0,0,0,0,0,0,1,30,5,5,2.0,4,11.0,3,2,7,2,6,1,1,7,1,0,1,1,0,0,0,0,1,0,0,0,221800.0
a012356,3,1,0,0,0,0,0,0,0,0,0,0,0,0,0,0,0,0,0,0,0,0,1,0,0,0,1,0,0,1,0,0,0,0,0,0,0,0,0,0,0,0,0,0,0,0,0,0,0,0,1,0,0,0,1,0,0,1,20,6,2,12.0,1,4.0,4,4,3,3,2,2,3,6,4,0,1,0,0,1,0,0,1,0,0,0,490460.0
a006030,2,1,1,0,0,0,0,0,0,0,0,0,0,0,0,0,0,0,0,0,0,0,1,0,0,0,0,0,0,1,1,0,0,0,0,0,0,0,0,0,0,0,0,0,0,0,0,0,0,0,1,0,0,0,0,0,0,0,40,6,1,2.0,12,7.49660441426146,2,5,6,3,2,5,5,2,6,1,1,1,0,0,1,0,0,0,0,0,566174.0
a017723,2,1,0,0,1,0,0,0,0,0,0,0,0,0,0,0,0,0,0,0,0,1,1,0,0,0,1,0,0,1,0,0,1,0,0,0,0,0,0,0,0,0,0,0,0,0,0,0,0,1,1,0,0,0,1,0,0,0,20,6,3,12.0,1,5.0,3,5,3,4,2,3,4,3,5,1,1,1,0,0,1,0,0,0,0,0,117700.0
a003810,4,0,0,0,1,0,0,0,0,1,0,0,0,0,0,0,0,0,0,0,0,0,1,0,0,0,0,1,0,0,0,0,1,0,0,0,0,1,0,0,0,0,0,0,0,0,0,0,0,0,1,0,0,0,0,1,0,1,30,5,1,13.0,3,7.49660441426146,2,4,3,3,4,2,3,5,7,1,1,0,0,1,1,0,0,0,0,0,160000.0
a002061,2,1,0,0,1,0,1,0,0,0,0,0,0,0,0,0,0,0,0,0,0,0,1,0,0,0,1,0,0,1,0,0,1,0,1,0,0,0,0,0,0,0,0,0,0,0,0,0,0,0,1,0,0,0,1,0,0,1,20,6,1,2.0,4,7.49660441426146,2,4,2,1,3,5,2,4,4,1,1,0,1,0,0,0,0,0,1,0,885450.0
a005118,2,1,0,1,0,0,0,0,0,0,0,0,0,0,0,0,0,0,0,0,0,0,1,0,0,0,0,0,0,1,0,1,0,0,0,0,0,0,0,0,0,0,0,0,0,0,0,0,0,0,1,0,0,0,0,0,0,1,20,5,2,4.0,5,10.0,3,6,4,5,4,6,7,1,5,0,1,0,0,1,1,0,0,0,0,0,335650.0
a002408,2,1,1,0,0,0,0,0,0,0,0,0,0,0,0,0,0,0,0,0,0,0,0,0,1,0,1,1,0,1,1,0,0,0,0,0,0,0,0,0,0,0,0,0,0,0,0,0,0,0,0,0,1,0,1,1,0,1,40,6,4,11.0,1,9.0,2,3,4,3,3,4,3,3,4,3,1,0,1,0,0,0,0,1,0,0,20400.0
a001548,4,1,0,0,0,0,0,0,0,0,0,0,0,0,0,0,0,0,0,0,0,0,0,0,0,0,0,0,0,1,0,0,0,0,0,0,0,0,0,0,0,0,0,0,0,0,0,0,0,0,0,0,0,0,0,0,0,0,30,6,1,3.0,4,7.49660441426146,2,2,2,3,4,3,4,2,1,1,1,1,0,0,0,1,0,0,0,0,217310.0
a013660,3,1,1,1,0,0,0,0,0,0,0,0,0,0,0,0,0,0,0,0,0,0,1,0,0,0,0,0,0,1,1,1,0,0,0,0,0,0,0,0,0,0,0,0,0,0,0,0,0,0,1,0,0,0,0,0,0,0,20,6,1,2.0,5,7.49660441426146,3,3,6,2,5,4,4,5,6,0,1,0,0,0,0,0,1,1,0,0,36000.0
a006015,2,0,0,0,1,0,1,0,0,1,0,0,0,0,0,0,0,0,0,0,0,1,1,0,0,0,0,0,0,0,0,0,1,0,1,0,0,1,0,0,0,0,0,0,0,0,0,0,0,1,1,0,0,0,0,0,0,1,50,7,2,2.0,5,10.0,2,4,2,2,1,2,3,2,5,1,0,0,1,0,1,0,1,0,0,0,65018.0
a003048,2,1,1,0,0,0,0,0,0,1,0,0,0,0,0,0,0,0,0,0,0,0,0,0,0,0,0,0,0,1,1,0,0,0,0,0,0,1,0,0,0,0,0,0,0,0,0,0,0,0,0,0,0,0,0,0,0,1,20,6,4,4.0,3,7.0,1,7,4,1,2,4,6,5,6,1,1,1,1,0,0,0,0,0,0,0,175060.0
a017885,2,1,0,0,0,0,0,0,0,0,1,0,0,0,0,0,0,0,0,0,0,1,0,0,0,0,0,0,0,1,0,0,0,0,0,0,0,0,1,0,0,0,0,0,0,0,0,0,0,1,0,0,0,0,0,0,0,1,20,5,4,4.0,3,5.0,2,4,2,2,3,6,2,6,5,1,1,1,1,0,0,0,0,0,0,0,104780.0
a017754,2,1,1,0,1,0,0,1,0,0,0,0,0,0,0,0,0,0,0,0,0,0,0,0,1,0,0,0,0,1,1,0,1,0,0,1,0,0,0,0,0,0,0,0,0,0,0,0,0,0,0,0,1,0,0,0,0,0,20,4,3,2.0,2,5.0,2,5,3,2,2,2,5,3,3,0,0,1,0,0,0,1,1,0,0,0,49200.0
a000213,3,0,0,0,0,1,0,0,0,0,0,0,0,0,0,0,0,0,0,0,0,0,0,0,0,0,0,0,0,0,0,0,0,1,0,0,0,0,0,0,0,0,0,0,0,0,0,0,0,0,0,0,0,0,0,0,0,0,30,6,1,3.0,4,7.49660441426146,1,2,2,1,1,3,3,6,5,4,1,0,1,0,0,0,1,0,0,0,1501840.0
a007787,2,1,0,0,0,0,0,0,0,0,0,0,0,0,0,0,0,0,0,0,0,0,1,0,0,0,0,0,0,1,0,0,0,0,0,0,0,0,0,0,0,0,0,0,0,0,0,0,0,0,1,0,0,0,0,0,0,1,50,6,1,3.0,4,7.49660441426146,2,1,4,4,2,2,2,5,4,0,1,0,0,0,1,0,0,0,0,0,75200.0
a012171,2,1,1,0,0,0,0,0,0,0,0,1,0,0,0,0,0,0,0,0,0,0,1,0,0,0,0,0,0,1,1,0,0,0,0,0,0,0,0,1,0,0,0,0,0,0,0,0,0,0,1,0,0,0,0,0,0,1,20,5,1,2.0,3,7.49660441426146,3,4,1,1,1,7,7,1,7,1,1,1,1,0,0,0,0,0,0,0,33800.0
a000021,3,0,0,0,0,0,0,0,0,0,0,0,0,0,0,0,0,0,0,0,0,0,1,1,0,0,1,1,1,0,1,0,0,0,0,0,0,0,0,0,0,0,0,0,0,0,0,0,0,0,0,0,0,0,0,0,0,0,20,6,3,2.0,5,5.0,2,4,1,3,3,2,2,2,2,1,1,1,1,0,0,0,0,0,0,0,193600.0
a007007,2,0,1,0,0,1,0,0,0,1,0,0,0,0,0,0,0,0,0,0,0,0,1,0,0,0,0,0,0,0,1,0,0,1,0,0,0,1,0,0,0,0,0,0,0,0,0,0,0,0,1,0,0,0,0,0,0,1,20,6,5,12.0,1,7.0,2,2,1,1,1,1,1,3,6,1,1,1,0,0,1,0,0,0,0,0,187500.0
a008413,2,0,0,0,0,1,0,0,0,0,0,0,0,0,0,0,0,0,0,0,0,1,0,0,1,0,0,0,0,0,0,0,0,1,0,0,0,0,0,0,0,0,0,0,0,0,0,0,0,1,0,0,1,0,0,0,0,0,30,6,2,3.0,6,6.0,2,5,1,4,1,1,3,6,1,1,1,1,1,0,0,0,0,0,0,0,114800.0
a007385,2,1,0,0,1,0,0,0,0,0,0,0,0,0,0,0,0,0,0,0,0,0,1,0,0,0,0,0,0,1,0,0,1,0,0,0,0,0,0,0,0,0,0,0,0,0,0,0,0,0,1,0,0,0,0,0,0,1,20,6,3,12.0,1,5.0,2,7,6,3,2,6,2,6,6,1,1,0,0,0,1,0,1,0,0,0,234800.0
a006046,2,0,1,0,0,0,0,0,0,0,0,0,0,0,0,0,0,0,0,0,0,0,0,0,0,0,0,0,0,0,1,0,0,0,0,0,0,0,0,0,0,0,0,0,0,0,0,0,0,0,0,0,0,0,0,0,0,1,50,5,1,5.0,2,7.49660441426146,2,3,3,4,3,3,4,5,4,0,0,1,0,0,0,1,1,0,0,0,54200.0
a000715,3,0,1,0,1,0,0,1,0,0,0,0,0,0,0,0,0,0,0,0,0,0,1,0,0,0,1,0,0,0,1,0,1,0,0,1,0,0,0,0,0,0,0,0,0,0,0,0,0,0,1,0,0,0,1,0,0,1,20,4,3,3.0,4,8.0,3,3,2,3,2,4,3,6,5,1,1,0,1,0,0,0,0,0,1,0,1614600.0
a006987,2,0,1,1,0,0,0,0,0,0,0,0,0,0,0,0,0,0,0,0,0,0,0,0,0,0,0,0,0,0,1,1,0,0,0,0,0,0,0,0,0,0,0,0,0,0,0,0,0,0,0,0,0,0,0,0,0,0,20,5,4,12.0,1,3.0,4,5,3,1,6,5,4,1,5,0,0,1,0,1,0,0,1,0,0,0,103900.0
a004811,2,0,0,0,1,0,1,1,0,0,0,0,0,0,0,0,0,0,0,0,0,0,0,0,0,0,0,0,0,0,0,0,1,0,1,1,0,0,0,0,0,0,0,0,0,0,0,0,0,0,0,0,0,0,0,0,0,1,30,6,4,13.0,4,5.0,2,1,3,1,4,3,4,5,1,6,1,1,1,0,0,0,0,0,0,0,773000.0
a003074,2,0,0,0,1,0,0,0,0,0,0,0,0,0,0,0,0,0,0,0,0,0,1,0,1,0,0,0,0,0,0,0,1,0,0,0,0,0,0,0,0,0,0,0,0,0,0,0,0,0,1,0,1,0,0,0,0,1,30,7,3,3.0,4,6.0,2,1,1,1,4,5,3,2,7,2,1,0,1,0,0,0,1,0,0,0,600.0
a001839,3,0,0,0,0,0,1,0,1,1,0,0,0,0,0,0,0,0,0,0,0,0,0,0,0,0,0,0,0,0,0,0,0,0,1,0,1,1,0,0,0,0,0,0,0,0,0,0,0,0,0,0,0,0,0,0,0,1,30,7,2,3.0,8,10.0,2,1,2,4,7,7,4,6,5,3,0,1,1,0,0,0,1,0,0,0,1080000.0
a017952,2,0,1,0,1,0,0,0,0,0,0,0,0,0,0,0,0,0,0,0,0,0,0,0,0,0,0,0,0,0,1,0,1,0,0,0,0,0,0,0,0,0,0,0,0,0,0,0,0,0,0,0,0,0,0,0,0,1,40,4,5,11.0,3,9.0,3,2,1,7,2,1,7,2,6,0,1,0,0,1,0,0,1,0,0,0,45000.0
a005766,2,0,1,0,0,0,0,0,0,0,0,0,0,0,0,0,0,0,0,0,0,1,1,0,0,0,1,0,0,0,1,0,0,0,0,0,0,0,0,0,0,0,0,0,0,0,0,0,0,1,1,0,0,0,1,0,0,1,30,5,2,2.0,4,4.0,3,3,1,1,2,4,3,3,4,3,1,0,0,0,0,0,0,0,0,0,434000.0
a006316,2,0,0,1,0,0,1,0,0,0,0,0,0,0,0,0,0,0,0,0,0,0,1,0,0,0,1,1,0,0,0,1,0,0,1,0,0,0,0,0,0,0,0,0,0,0,0,0,0,0,1,0,0,0,1,1,0,1,20,5,4,12.0,2,7.0,2,1,1,1,3,6,2,7,6,0,1,1,0,1,0,0,0,0,0,0,54500.0
a010254,2,0,0,0,0,0,0,0,0,0,0,0,0,0,0,0,0,0,0,0,0,0,1,0,0,0,1,0,0,0,0,0,0,0,0,0,0,0,0,0,0,0,0,0,0,0,0,0,0,0,1,0,0,0,1,0,0,0,30,7,3,2.0,6,6.0,3,4,2,2,4,2,6,2,6,2,1,0,1,0,1,0,0,0,0,0,46500.0
a017820,2,1,0,0,0,0,0,0,0,0,0,0,0,0,0,0,0,0,0,0,0,0,1,0,0,0,0,0,0,1,0,0,0,0,0,0,0,0,0,0,0,0,0,0,0,0,0,0,0,0,1,0,0,0,0,0,0,1,50,4,4,11.0,1,6.0,3,3,4,3,3,3,4,4,5,1,1,1,1,0,0,0,0,0,0,0,10000.0
a007940,2,0,0,1,0,0,0,0,0,0,0,0,0,0,0,0,0,0,0,0,0,1,1,0,0,0,0,0,0,0,0,1,0,0,0,0,0,0,0,0,0,0,0,0,0,0,0,0,0,1,1,0,0,0,0,0,0,1,20,6,1,3.0,5,7.49660441426146,2,2,2,2,3,4,3,3,3,1,1,0,1,0,0,0,0,0,0,0,127000.0
a008227,3,0,0,0,0,0,0,0,0,0,0,0,0,0,0,0,0,0,0,0,0,0,0,0,0,1,0,0,0,0,0,0,0,0,0,0,0,0,0,0,0,0,0,0,0,0,0,0,0,0,0,0,0,1,0,0,0,1,20,6,1,3.0,4,7.49660441426146,3,3,3,5,4,3,5,6,5,1,1,1,0,0,0,0,0,0,0,1,669360.0
a018146,2,1,1,0,0,1,0,0,0,0,0,0,0,1,0,0,0,0,0,0,0,0,1,0,0,0,0,0,0,1,1,0,0,1,0,0,0,0,0,0,0,1,0,0,0,0,0,0,0,0,1,0,0,0,0,0,0,0,30,6,2,3.0,7,12.0,2,5,3,6,4,6,6,6,5,1,0,1,1,0,1,0,0,0,0,0,88500.0
a004528,3,0,0,0,0,0,0,0,0,0,0,0,0,0,0,0,0,0,0,0,0,0,0,1,0,0,0,0,0,0,0,0,0,0,0,0,0,0,0,0,0,0,0,0,0,0,0,0,0,0,0,1,0,0,0,0,0,1,50,7,4,11.0,1,7.0,2,4,4,2,2,4,4,2,4,3,1,0,1,0,0,0,1,0,0,0,657850.0
a002714,2,1,0,0,1,0,1,0,0,0,0,0,0,0,0,0,0,0,0,0,0,0,0,0,0,0,0,0,0,1,0,0,1,0,1,0,0,0,0,0,0,0,0,0,0,0,0,0,0,0,0,0,0,0,0,0,0,1,20,6,1,3.0,5,7.49660441426146,2,6,2,2,3,6,2,2,6,0,1,1,0,0,1,0,0,0,0,0,47300.0
a002273,3,0,0,0,0,0,0,0,0,1,0,0,0,0,0,0,0,0,0,0,0,1,1,0,0,0,1,1,0,0,0,0,0,0,0,0,0,1,0,0,0,0,0,0,0,0,0,0,0,1,1,0,0,0,1,1,0,0,30,7,3,3.0,6,7.0,2,2,2,3,1,3,6,6,2,0,1,1,0,0,1,0,0,0,0,0,492740.0
a009658,3,0,0,0,0,0,0,0,0,0,0,0,0,1,0,0,0,0,0,0,0,1,1,0,0,0,0,0,0,0,0,0,0,0,0,0,0,0,0,0,0,1,0,0,0,0,0,0,0,1,1,0,0,0,0,0,0,1,40,6,4,2.0,5,11.0,2,1,1,1,1,1,1,7,1,11,1,1,1,0,0,0,0,0,0,0,297400.0
a005651,2,0,0,0,0,0,0,0,0,0,0,0,0,0,0,0,0,0,0,0,0,0,1,0,0,0,0,0,0,0,0,0,0,0,0,0,0,0,0,0,0,0,0,0,0,0,0,0,0,0,1,0,0,0,0,0,0,1,30,6,5,3.0,7,12.0,1,2,2,2,2,6,5,2,6,2,1,0,1,0,0,0,1,0,0,0,92500.0
a018051,2,1,0,0,1,0,0,0,0,0,0,0,0,0,0,0,0,0,0,0,0,1,1,0,0,0,0,0,0,1,0,0,1,0,0,0,0,0,0,0,0,0,0,0,0,0,0,0,0,1,1,0,0,0,0,0,0,1,30,6,4,3.0,4,7.0,3,3,2,3,4,3,2,6,5,0,1,1,0,1,0,0,0,0,0,0,48900.0
a005390,2,0,0,0,0,0,0,0,1,1,0,0,0,0,0,0,0,0,0,0,0,0,0,0,0,0,0,0,0,0,0,0,0,0,0,0,1,1,0,0,0,0,0,0,0,0,0,0,0,0,0,0,0,0,0,0,0,1,30,6,1,3.0,4,7.49660441426146,2,1,1,1,6,5,3,2,6,0,0,1,0,1,0,0,1,0,0,0,274270.0
a004570,2,1,1,0,0,0,0,0,0,0,0,1,0,0,0,0,0,0,0,0,0,0,1,0,0,0,1,0,0,1,1,0,0,0,0,0,0,0,0,1,0,0,0,0,0,0,0,0,0,0,1,0,0,0,1,0,0,1,40,6,4,3.0,5,9.0,1,2,5,3,4,5,5,5,6,3,1,0,0,0,0,0,1,1,0,0,27000.0
a006662,2,0,1,0,0,0,0,0,0,0,0,0,0,0,0,0,0,0,0,0,0,0,0,0,0,0,0,1,0,0,1,0,0,0,0,0,0,0,0,0,0,0,0,0,0,0,0,0,0,0,0,0,0,0,0,1,0,1,30,6,1,13.0,4,7.49660441426146,3,6,2,1,1,6,6,2,6,1,0,0,1,0,0,0,0,0,0,0,110500.0
a005375,3,0,0,1,1,0,0,0,0,0,0,0,0,1,0,0,0,0,0,0,0,0,0,1,0,0,1,0,0,0,0,1,1,0,0,0,0,0,0,0,0,1,0,0,0,0,0,0,0,0,0,1,0,0,1,0,0,0,20,6,1,12.0,2,7.49660441426146,1,6,2,1,7,6,3,3,3,1,1,0,1,0,0,0,0,0,1,0,842300.0
a005714,2,0,1,1,0,0,0,0,0,0,1,0,0,0,0,0,0,0,0,0,0,0,0,1,0,0,0,0,0,0,1,1,0,0,0,0,0,0,1,0,0,0,0,0,0,0,0,0,0,0,0,1,0,0,0,0,0,1,20,6,1,5.0,5,7.49660441426146,3,4,5,4,4,4,4,7,4,1,0,1,1,1,0,0,0,0,0,0,201200.0
a005322,2,0,0,1,0,0,0,0,0,0,0,0,0,0,0,0,0,0,0,0,0,0,1,0,0,0,0,0,0,0,0,1,0,0,0,0,0,0,0,0,0,0,0,0,0,0,0,0,0,0,1,0,0,0,0,0,0,1,20,6,5,2.0,4,12.0,3,3,1,4,2,3,2,7,7,1,1,1,1,0,0,0,0,0,0,0,782100.0
a010519,3,1,0,0,0,0,1,0,0,0,0,0,0,0,0,0,0,0,0,0,0,0,1,0,0,0,0,0,0,1,0,0,0,0,1,0,0,0,0,0,0,0,0,0,0,0,0,0,0,0,1,0,0,0,0,0,0,1,20,5,3,13.0,4,6.0,2,2,2,2,6,2,6,7,6,0,1,1,0,0,0,0,1,0,0,0,1167200.0
a015356,2,0,0,0,0,0,1,0,0,1,0,0,0,0,0,0,0,0,0,0,0,0,1,0,0,0,0,0,0,0,0,0,0,0,1,0,0,1,0,0,0,0,0,0,0,0,0,0,0,0,1,0,0,0,0,0,0,1,40,5,4,4.0,1,5.0,3,4,1,3,4,4,4,1,7,3,0,0,0,0,0,0,1,1,0,0,99800.0
a017910,2,0,0,0,0,0,0,0,0,0,0,0,0,0,0,0,0,0,0,0,0,0,0,0,0,1,0,0,0,0,0,0,0,0,0,0,0,0,0,0,0,0,0,0,0,0,0,0,0,0,0,0,0,1,0,0,0,1,40,4,4,11.0,1,10.0,2,1,1,1,4,1,1,7,4,2,0,0,0,0,0,0,0,0,0,1,2200.0
a018093,2,0,0,0,0,0,1,0,0,0,0,0,0,0,0,0,0,0,0,0,0,0,0,0,0,0,0,0,0,0,0,0,0,0,1,0,0,0,0,0,0,0,0,0,0,0,0,0,0,0,0,0,0,0,0,0,0,1,30,6,1,3.0,4,7.49660441426146,3,6,2,2,3,2,3,3,6,1,1,0,1,0,0,0,1,0,0,0,31600.0
a001418,3,0,0,0,0,0,0,0,0,0,0,0,0,0,0,0,0,0,0,0,0,0,0,1,0,0,0,0,0,0,0,0,0,0,0,0,0,0,0,0,0,0,0,0,0,0,0,0,0,0,0,1,0,0,0,0,0,1,40,6,3,3.0,5,5.0,3,2,2,4,4,2,4,4,4,1,1,1,0,1,0,0,0,0,0,0,246889.0
a008460,2,0,0,0,0,0,1,0,0,0,0,0,0,0,0,0,0,0,0,0,0,0,1,0,0,0,0,0,0,0,0,0,0,0,1,0,0,0,0,0,0,0,0,0,0,0,0,0,0,0,1,0,0,0,0,0,0,1,30,6,1,3.0,4,7.49660441426146,3,3,5,2,4,5,6,4,3,0,1,0,0,0,0,0,1,0,0,0,227410.0
a001896,3,0,0,0,1,0,0,1,0,0,0,0,1,0,0,0,0,0,0,0,0,0,1,0,0,0,0,0,0,0,0,0,1,0,0,1,0,0,0,0,1,0,0,0,0,0,0,0,0,0,1,0,0,0,0,0,0,0,30,6,3,3.0,5,7.0,1,3,1,2,2,6,6,2,6,1,1,1,1,0,0,0,0,0,0,0,547820.0
a010966,3,0,0,0,0,0,1,0,0,0,0,0,0,0,0,0,0,0,0,0,0,1,0,0,0,0,1,0,0,0,0,0,0,0,1,0,0,0,0,0,0,0,0,0,0,0,0,0,0,1,0,0,0,0,1,0,0,1,40,6,4,3.0,4,7.0,3,4,1,5,2,6,6,1,7,3,0,1,1,0,0,0,1,0,0,0,700800.0
a001856,3,0,0,0,0,1,0,0,0,0,0,1,0,0,0,0,0,0,0,0,0,0,1,0,1,0,1,0,0,0,0,0,0,1,0,0,0,0,0,1,0,0,0,0,0,0,0,0,0,0,1,0,1,0,1,0,0,1,30,6,2,3.0,5,7.0,4,3,2,4,2,2,4,2,6,1,1,1,0,0,1,0,0,0,0,0,60000.0
a007757,2,1,0,1,1,0,0,0,0,0,0,0,0,0,0,0,0,0,0,0,0,0,1,0,0,0,0,0,0,1,0,1,1,0,0,0,0,0,0,0,0,0,0,0,0,0,0,0,0,0,1,0,0,0,0,0,0,1,40,6,3,11.0,2,10.0,3,2,5,7,1,1,4,4,7,1,1,1,0,1,0,0,0,0,0,0,6300.0
a004974,3,0,1,0,0,0,1,0,0,0,0,0,0,0,0,0,0,0,0,0,0,0,1,0,1,0,1,0,0,0,1,0,0,0,1,0,0,0,0,0,0,0,0,0,0,0,0,0,0,0,1,0,1,0,1,0,0,1,20,7,1,12.0,3,7.49660441426146,4,2,2,2,5,3,2,6,6,1,1,1,1,0,0,0,0,0,0,0,547500.0
a008059,2,1,0,0,0,0,0,0,0,0,0,0,0,0,0,0,0,0,0,0,0,0,0,0,0,0,0,0,0,1,0,0,0,0,0,0,0,0,0,0,0,0,0,0,0,0,0,0,0,0,0,0,0,0,0,0,0,0,40,8,4,4.0,5,7.0,2,2,3,2,3,4,3,4,7,3,1,1,1,0,0,0,0,0,0,0,177000.0
a005354,2,1,0,1,0,0,0,0,0,0,0,0,0,0,0,0,0,0,0,0,0,0,0,0,0,0,0,0,0,1,0,1,0,0,0,0,0,0,0,0,0,0,0,0,0,0,0,0,0,0,0,0,0,0,0,0,0,1,50,7,2,2.0,6,6.0,3,3,6,3,6,2,5,1,1,0,1,1,0,0,0,0,0,1,0,0,23800.0
a015091,2,1,1,0,0,1,0,0,0,0,0,0,1,0,0,0,0,0,0,0,0,0,1,0,0,0,0,0,0,1,1,0,0,1,0,0,0,0,0,0,1,0,0,0,0,0,0,0,0,0,1,0,0,0,0,0,0,1,20,6,4,10.0,4,8.0,3,3,3,2,4,3,3,4,5,1,1,1,1,0,0,0,0,0,0,0,214000.0
a010948,2,1,0,1,0,0,1,0,0,1,0,0,0,0,0,0,0,0,0,0,0,0,1,0,0,0,0,0,0,1,0,1,0,0,1,0,0,1,0,0,0,0,0,0,0,0,0,0,0,0,1,0,0,0,0,0,0,0,50,6,4,1.0,9,10.0,2,1,1,1,4,7,7,1,7,1,1,1,0,0,1,0,0,0,0,0,160620.0
a002942,3,0,0,0,0,1,0,0,0,0,0,0,0,0,0,0,0,0,0,0,0,0,0,1,0,0,0,0,0,0,0,0,0,1,0,0,0,0,0,0,0,0,0,0,0,0,0,0,0,0,0,1,0,0,0,0,0,1,30,6,3,3.0,4,9.0,2,6,2,5,2,2,5,1,5,1,1,0,0,0,0,0,1,1,0,0,697382.0
a003189,2,1,0,0,1,0,1,0,0,0,1,0,0,0,0,0,0,0,0,0,0,0,0,0,1,0,0,0,0,1,0,0,1,0,1,0,0,0,1,0,0,0,0,0,0,0,0,0,0,0,0,0,1,0,0,0,0,0,50,6,4,3.0,6,6.0,3,2,4,2,3,2,3,3,5,1,1,1,0,0,0,0,0,0,1,0,310400.0
a018083,2,1,0,0,0,0,1,0,0,0,0,0,0,0,0,0,0,0,0,0,0,0,1,0,0,0,0,0,0,1,0,0,0,0,1,0,0,0,0,0,0,0,0,0,0,0,0,0,0,0,1,0,0,0,0,0,0,1,30,6,2,3.0,4,7.0,3,5,5,3,3,5,5,5,6,1,0,1,1,0,1,0,0,0,0,0,167600.0
a002753,2,0,0,1,1,0,0,0,0,0,0,0,1,0,0,0,0,0,0,0,0,0,0,0,0,0,1,0,0,0,0,1,1,0,0,0,0,0,0,0,1,0,0,0,0,0,0,0,0,0,0,0,0,0,1,0,0,1,40,5,4,2.0,3,5.0,3,1,4,2,2,1,6,3,5,1,1,1,0,0,0,0,1,0,0,0,25000.0
a011495,2,0,0,0,0,0,0,1,0,0,0,0,0,0,0,0,0,0,0,0,0,0,1,0,0,0,0,0,0,0,0,0,0,0,0,1,0,0,0,0,0,0,0,0,0,0,0,0,0,0,1,0,0,0,0,0,0,1,20,6,1,2.0,4,7.49660441426146,3,2,2,1,2,2,4,7,2,0,1,1,0,0,1,0,0,0,0,0,29300.0
d009226,2,0,1,0,0,0,0,0,0,0,0,0,0,0,0,0,0,0,0,0,0,0,0,0,0,0,0,0,0,0,1,0,0,0,0,0,0,0,0,0,0,0,0,0,0,0,0,0,0,0,0,0,0,0,0,0,0,1,30,4,3,3.0,1,6.0,3,5,4,3,1,4,4,3,6,3,0,1,1,0,0,0,1,0,0,0,31000.0
a005100,2,0,1,1,0,0,1,0,0,1,0,0,0,0,0,0,0,0,0,0,0,0,0,0,0,0,0,0,0,0,1,1,0,0,1,0,0,1,0,0,0,0,0,0,0,0,0,0,0,0,0,0,0,0,0,0,0,0,40,5,2,2.0,6,7.0,3,1,1,3,2,2,6,6,2,1,1,1,1,0,0,0,0,0,0,0,32600.0
a009608,2,1,1,0,1,0,1,0,0,0,0,0,0,0,0,0,0,0,0,0,0,1,1,1,1,0,1,1,0,1,1,0,1,0,1,0,0,0,0,0,0,0,0,0,0,0,0,0,0,1,1,1,1,0,1,1,0,0,30,6,2,7.0,5,5.0,3,1,2,2,4,3,2,2,4,0,1,1,0,1,0,0,0,0,0,0,507300.0
a006264,2,1,1,0,0,0,0,0,0,0,0,0,0,0,0,0,0,0,0,0,0,0,1,0,0,0,0,0,0,1,1,0,0,0,0,0,0,0,0,0,0,0,0,0,0,0,0,0,0,0,1,0,0,0,0,0,0,1,40,6,3,3.0,4,6.0,3,2,6,2,5,2,6,6,6,2,1,0,1,0,0,0,1,0,0,0,147500.0
a005676,2,1,0,0,0,1,0,0,0,0,0,0,0,0,0,0,0,0,0,0,0,0,0,0,0,1,0,0,0,1,0,0,0,1,0,0,0,0,0,0,0,0,0,0,0,0,0,0,0,0,0,0,0,1,0,0,0,0,40,5,3,3.0,4,4.0,2,1,1,2,2,6,3,5,6,5,1,1,1,0,0,0,0,0,0,0,462300.0
a010052,2,1,0,0,0,0,1,0,0,0,0,0,0,0,0,0,0,0,0,0,0,0,0,0,1,1,0,0,0,1,0,0,0,0,1,0,0,0,0,0,0,0,0,0,0,0,0,0,0,0,0,0,1,1,0,0,0,0,30,6,1,3.0,4,7.49660441426146,3,4,4,1,3,2,1,6,7,1,1,0,0,1,0,0,1,0,0,0,45100.0
a005537,2,1,1,0,1,1,0,0,0,0,0,1,0,0,0,0,0,0,0,0,0,0,0,0,0,0,0,0,0,1,1,0,1,1,0,0,0,0,0,1,0,0,0,0,0,0,0,0,0,0,0,0,0,0,0,0,0,0,30,7,4,2.0,4,6.0,3,6,2,2,2,4,4,6,2,3,1,0,1,0,0,0,1,0,0,0,162500.0
a004680,2,0,0,0,0,0,1,0,0,0,0,0,0,0,0,0,0,0,0,0,0,0,0,0,0,0,0,0,0,0,0,0,0,0,1,0,0,0,0,0,0,0,0,0,0,0,0,0,0,0,0,0,0,0,0,0,0,0,30,6,1,4.0,4,7.49660441426146,3,5,2,2,3,7,2,1,6,0,1,1,0,0,1,0,0,0,0,0,10000.0
a002831,2,1,0,0,1,0,0,0,0,1,0,0,0,0,0,0,0,0,0,0,0,0,1,0,0,0,0,0,0,1,0,0,1,0,0,0,0,1,0,0,0,0,0,0,0,0,0,0,0,0,1,0,0,0,0,0,0,1,20,6,1,2.0,4,7.49660441426146,2,3,2,4,2,2,4,5,4,0,1,0,0,0,1,0,0,0,0,1,284200.0
a005261,2,0,0,1,0,0,0,0,0,0,0,0,0,0,0,0,0,0,0,0,0,0,0,0,0,0,0,0,0,0,0,1,0,0,0,0,0,0,0,0,0,0,0,0,0,0,0,0,0,0,0,0,0,0,0,0,0,0,30,6,1,3.0,4,7.49660441426146,3,1,2,4,6,6,3,2,6,0,1,1,0,0,0,0,0,1,0,0,140500.0
a005084,2,0,0,0,0,1,0,0,0,1,0,0,0,0,0,0,0,0,0,0,0,0,0,0,0,0,1,0,0,0,0,0,0,1,0,0,0,1,0,0,0,0,0,0,0,0,0,0,0,0,0,0,0,0,1,0,0,1,30,5,3,3.0,4,6.0,3,2,4,1,6,5,6,2,6,1,1,0,1,0,1,0,0,0,0,0,277400.0
a018055,2,0,0,0,0,0,1,0,0,0,0,0,0,0,0,0,0,0,0,0,0,0,0,0,0,0,0,0,0,0,0,0,0,0,1,0,0,0,0,0,0,0,0,0,0,0,0,0,0,0,0,0,0,0,0,0,0,0,40,5,3,4.0,5,6.0,2,2,4,2,6,6,5,2,3,2,1,1,1,0,0,0,0,0,0,0,207600.0
a010197,2,0,1,0,0,0,0,0,0,0,0,0,1,0,0,0,0,0,0,0,0,0,1,0,0,0,1,0,0,0,1,0,0,0,0,0,0,0,0,0,1,0,0,0,0,0,0,0,0,0,1,0,0,0,1,0,0,1,30,5,5,3.0,4,12.0,2,2,4,2,3,6,6,2,6,3,1,0,1,0,0,0,1,0,0,0,532500.0
a004172,4,1,0,0,1,0,0,1,0,0,0,0,1,0,0,0,0,0,0,0,0,0,0,1,0,0,0,0,0,1,0,0,1,0,0,1,0,0,0,0,1,0,0,0,0,0,0,0,0,0,0,1,0,0,0,0,0,0,20,6,3,10.0,4,6.0,2,4,1,2,2,4,4,2,6,0,1,1,0,0,0,1,0,0,0,0,1701200.0
a001638,3,0,1,1,0,0,0,0,0,1,0,0,0,0,0,0,0,0,0,0,0,0,0,0,0,0,0,0,0,0,1,1,0,0,0,0,0,1,0,0,0,0,0,0,0,0,0,0,0,0,0,0,0,0,0,0,0,1,20,5,3,3.0,3,4.0,2,4,1,1,4,4,7,1,7,1,0,0,1,0,1,0,1,0,0,0,1421600.0
a012300,3,1,0,0,1,0,0,1,0,0,0,0,0,0,0,0,0,0,0,0,0,0,0,0,0,0,0,0,0,1,0,0,1,0,0,1,0,0,0,0,0,0,0,0,0,0,0,0,0,0,0,0,0,0,0,0,0,1,20,6,3,2.0,4,5.0,4,2,4,1,3,5,1,7,6,3,0,1,1,0,0,0,0,0,0,1,549740.0
a014876,2,1,0,0,1,0,0,0,0,1,0,0,0,0,0,0,0,0,0,0,0,0,1,0,1,0,0,0,0,1,0,0,1,0,0,0,0,1,0,0,0,0,0,0,0,0,0,0,0,0,1,0,1,0,0,0,0,1,20,7,4,12.0,1,6.0,3,5,2,3,3,4,4,3,7,0,1,1,0,1,0,0,0,0,0,0,106900.0
a007381,2,0,0,1,1,0,0,0,0,0,0,0,0,0,0,0,0,0,0,0,0,0,0,0,0,0,0,0,0,0,0,1,1,0,0,0,0,0,0,0,0,0,0,0,0,0,0,0,0,0,0,0,0,0,0,0,0,0,60,6,2,1.0,10,12.0,3,2,1,1,2,3,1,1,6,1,1,0,1,0,0,0,0,0,1,0,166000.0
a004779,2,1,1,0,0,0,0,0,0,1,0,0,0,0,0,0,0,0,0,0,0,0,1,0,0,0,1,0,0,1,1,0,0,0,0,0,0,1,0,0,0,0,0,0,0,0,0,0,0,0,1,0,0,0,1,0,0,0,40,6,4,3.0,6,7.0,2,1,1,4,2,2,4,4,6,1,1,0,1,0,1,0,0,0,0,0,61600.0
a010000,2,1,0,0,0,0,0,0,0,0,0,0,0,0,0,0,0,0,0,0,0,0,1,1,0,0,0,0,0,1,0,0,0,0,0,0,0,0,0,0,0,0,0,0,0,0,0,0,0,0,1,1,0,0,0,0,0,0,40,6,1,2.0,5,7.49660441426146,1,2,2,6,5,5,5,4,5,0,1,1,0,0,1,0,0,0,0,0,341290.0
a005221,3,0,1,0,0,0,0,0,0,0,0,1,0,0,0,0,0,0,0,0,0,0,0,0,1,0,0,1,0,0,1,0,0,0,0,0,0,0,0,1,0,0,0,0,0,0,0,0,0,0,0,0,1,0,0,1,0,0,20,6,1,12.0,2,7.49660441426146,2,2,2,2,4,3,2,2,2,0,1,1,0,1,0,0,0,0,0,0,70300.0
a006409,2,1,1,0,0,0,0,0,0,0,0,0,1,0,0,0,0,0,0,0,0,0,1,0,0,0,1,0,0,1,1,0,0,0,0,0,0,0,0,0,1,0,0,0,0,0,0,0,0,0,1,0,0,0,1,0,0,1,30,6,3,3.0,2,4.0,3,2,2,3,2,4,5,2,5,0,1,1,0,0,0,0,1,0,0,0,217000.0
a000989,3,1,0,1,1,0,0,0,0,0,0,0,0,0,0,0,0,0,0,0,0,0,1,1,0,0,0,0,0,1,0,1,1,0,0,0,0,0,0,0,0,0,0,0,0,0,0,0,0,0,1,1,0,0,0,0,0,1,20,6,4,2.0,2,4.0,3,2,2,4,4,2,2,6,6,1,0,1,0,1,0,1,0,0,0,0,126600.0
c011907,2,0,0,0,1,0,0,0,0,0,0,0,0,0,0,0,0,0,0,0,0,0,0,0,0,0,0,0,0,0,0,0,1,0,0,0,0,0,0,0,0,0,0,0,0,0,0,0,0,0,0,0,0,0,0,0,0,0,30,7,3,3.0,5,5.0,3,2,2,4,3,2,4,6,4,0,1,0,0,0,0,0,1,1,0,0,71200.0
a004490,2,0,0,0,1,0,0,1,0,0,0,0,0,0,0,0,0,0,0,0,0,1,1,0,0,0,0,0,1,0,0,0,1,0,0,1,0,0,0,0,0,0,0,0,0,0,0,0,0,1,1,0,0,0,0,0,1,1,20,6,5,3.0,3,7.0,2,3,6,2,2,2,2,7,2,0,1,0,0,1,0,1,0,0,0,0,88700.0
a007920,2,0,1,0,0,0,0,0,0,0,0,0,0,0,0,0,0,0,0,0,0,0,0,0,0,0,1,0,0,0,1,0,0,0,0,0,0,0,0,0,0,0,0,0,0,0,0,0,0,0,0,0,0,0,1,0,0,1,40,5,4,3.0,2,6.0,2,2,4,1,1,1,1,6,6,2,0,0,1,0,0,0,1,0,1,0,49400.0
a003793,2,1,0,0,0,1,0,0,0,0,0,0,0,0,0,0,0,0,0,0,0,1,0,0,0,0,0,0,0,1,0,0,0,1,0,0,0,0,0,0,0,0,0,0,0,0,0,0,0,1,0,0,0,0,0,0,0,0,60,4,5,4.0,7,9.0,3,2,3,6,4,2,6,2,4,1,1,1,1,0,0,0,0,0,0,0,45000.0
a005153,2,1,0,0,0,0,0,0,0,0,0,0,0,0,0,0,0,0,0,0,0,0,1,0,0,0,0,0,0,1,0,0,0,0,0,0,0,0,0,0,0,0,0,0,0,0,0,0,0,0,1,0,0,0,0,0,0,1,50,6,4,4.0,4,5.0,4,2,2,2,2,2,2,3,7,1,0,1,1,0,0,0,1,0,0,0,38500.0
a002536,2,0,0,0,0,0,0,0,0,0,0,0,0,0,0,0,0,0,0,0,0,0,1,0,0,1,0,0,0,0,0,0,0,0,0,0,0,0,0,0,0,0,0,0,0,0,0,0,0,0,1,0,0,1,0,0,0,1,40,5,2,13.0,3,6.0,2,4,4,2,4,4,3,3,6,1,1,1,1,0,0,0,0,0,0,0,22200.0
a007837,2,0,0,0,0,0,1,0,0,0,0,0,0,0,0,0,0,0,0,0,0,0,1,0,0,0,0,0,0,0,0,0,0,0,1,0,0,0,0,0,0,0,0,0,0,0,0,0,0,0,1,0,0,0,0,0,0,1,20,6,5,3.0,3,12.0,2,6,2,2,1,5,3,1,6,0,1,1,0,0,0,0,1,0,0,0,697200.0
a002759,3,1,0,0,0,0,1,1,0,0,0,0,0,0,0,0,0,0,0,0,0,1,1,0,0,0,0,0,0,1,0,0,0,0,1,1,0,0,0,0,0,0,0,0,0,0,0,0,0,1,1,0,0,0,0,0,0,1,20,6,1,2.0,5,7.49660441426146,3,4,2,1,4,4,2,6,3,1,1,1,1,0,0,0,0,0,0,0,1356400.0
a002379,2,0,1,0,1,0,0,0,0,0,0,0,0,0,0,0,0,0,0,0,0,0,0,1,0,0,0,0,0,0,1,0,1,0,0,0,0,0,0,0,0,0,0,0,0,0,0,0,0,0,0,1,0,0,0,0,0,0,40,6,3,3.0,7,7.0,2,6,2,1,4,7,6,1,6,2,1,0,1,0,0,0,0,0,1,0,332700.0
a007456,2,1,0,1,1,0,1,1,0,1,0,1,0,0,0,0,0,0,0,0,0,0,1,0,1,0,1,0,0,1,0,1,1,0,1,1,0,1,0,1,0,0,0,0,0,0,0,0,0,0,1,0,1,0,1,0,0,0,20,5,3,3.0,4,6.0,2,7,1,2,1,5,4,1,4,1,1,1,0,0,0,0,1,0,0,0,16300.0
a002118,3,1,0,1,0,0,1,0,0,0,0,0,0,0,0,0,0,0,0,0,0,0,1,0,0,0,1,0,0,1,0,1,0,0,1,0,0,0,0,0,0,0,0,0,0,0,0,0,0,0,1,0,0,0,1,0,0,1,20,6,4,12.0,2,6.0,2,6,1,1,4,5,7,5,6,1,0,0,1,0,0,0,1,1,0,0,873384.0
a003829,4,0,0,1,0,0,1,0,0,0,0,0,0,0,0,0,0,0,0,0,0,1,1,0,0,0,0,0,1,0,0,1,0,0,1,0,0,0,0,0,0,0,0,0,0,0,0,0,0,1,1,0,0,0,0,0,1,1,30,6,2,3.0,4,7.0,2,1,1,1,3,3,2,6,6,0,1,0,0,1,0,0,0,1,0,0,439160.0
a004859,2,1,1,1,1,0,1,0,0,0,0,1,0,0,0,0,0,0,0,0,0,0,1,0,0,0,0,1,0,1,1,1,1,0,1,0,0,0,0,1,0,0,0,0,0,0,0,0,0,0,1,0,0,0,0,1,0,1,30,6,2,2.0,1,6.0,3,4,4,4,4,4,4,4,4,1,1,0,0,0,0,1,1,0,0,0,98100.0
a014793,2,1,0,0,1,0,0,0,0,0,0,0,0,0,0,0,0,0,0,0,0,1,0,0,0,0,1,0,0,1,0,0,1,0,0,0,0,0,0,0,0,0,0,0,0,0,0,0,0,1,0,0,0,0,1,0,0,1,40,6,3,11.0,1,6.0,2,6,6,6,6,6,6,6,6,0,1,1,0,0,0,0,1,0,0,0,178800.0
a017817,2,0,0,0,0,0,1,0,0,0,0,0,0,0,0,0,0,0,0,0,0,0,1,0,0,0,0,0,0,0,0,0,0,0,1,0,0,0,0,0,0,0,0,0,0,0,0,0,0,0,1,0,0,0,0,0,0,0,20,6,1,12.0,6,7.49660441426146,2,6,2,2,2,6,3,2,6,1,0,1,1,0,1,0,0,0,0,0,52400.0
a002923,4,1,0,0,1,0,0,0,0,0,0,0,0,0,0,0,0,0,0,0,0,0,1,0,0,0,0,0,0,1,0,0,1,0,0,0,0,0,0,0,0,0,0,0,0,0,0,0,0,0,1,0,0,0,0,0,0,0,20,6,3,12.0,1,8.0,3,5,5,5,3,1,5,4,5,1,0,1,1,1,0,0,0,0,0,0,40520.0
a007643,2,1,0,0,0,0,0,0,0,0,0,0,1,0,0,0,0,0,0,0,0,0,0,0,0,0,0,0,0,1,0,0,0,0,0,0,0,0,0,0,1,0,0,0,0,0,0,0,0,0,0,0,0,0,0,0,0,0,30,6,2,2.0,4,5.0,3,2,2,3,3,1,4,2,3,1,1,1,0,0,0,0,1,0,0,0,131110.0
a004319,2,1,0,0,0,1,0,0,0,0,0,0,0,0,0,0,0,0,0,0,0,0,1,0,1,0,0,0,0,1,0,0,0,1,0,0,0,0,0,0,0,0,0,0,0,0,0,0,0,0,1,0,1,0,0,0,0,1,60,6,7,2.0,3,6.0,3,3,3,6,6,2,4,6,2,1,1,1,1,0,0,0,0,0,0,0,36200.0
a008320,3,0,0,0,0,0,1,0,1,0,0,0,0,0,0,0,0,0,0,0,0,0,0,0,1,0,0,0,0,0,0,0,0,0,1,0,1,0,0,0,0,0,0,0,0,0,0,0,0,0,0,0,1,0,0,0,0,1,40,5,4,3.0,3,6.0,3,4,1,1,4,1,1,7,1,3,0,1,1,1,0,0,0,0,0,0,787110.0
a009605,3,0,0,0,1,0,0,0,0,0,0,0,0,0,0,0,0,0,0,0,0,0,1,1,0,0,0,0,0,0,0,0,1,0,0,0,0,0,0,0,0,0,0,0,0,0,0,0,0,0,1,1,0,0,0,0,0,1,40,5,3,2.0,4,9.0,3,2,3,2,3,3,5,6,5,1,1,1,1,0,0,0,0,0,0,0,1093960.0
a006128,2,1,0,0,0,0,0,0,0,0,0,0,0,0,0,0,0,0,0,0,0,0,1,0,0,0,0,0,0,1,0,0,0,0,0,0,0,0,0,0,0,0,0,0,0,0,0,0,0,0,1,0,0,0,0,0,0,1,40,5,4,2.0,5,9.0,2,3,2,5,4,3,5,2,5,3,1,1,1,0,0,0,0,0,0,0,117300.0
a004387,2,0,1,0,0,0,0,0,0,0,0,0,0,0,0,0,0,0,0,0,0,1,1,0,0,0,0,0,0,0,1,0,0,0,0,0,0,0,0,0,0,0,0,0,0,0,0,0,0,1,1,0,0,0,0,0,0,1,30,5,1,3.0,4,7.49660441426146,2,2,3,1,6,5,1,7,4,1,1,1,1,0,0,0,0,0,0,0,384800.0
a009555,3,0,0,1,1,0,1,0,0,0,0,0,0,0,0,0,0,0,0,0,0,1,1,0,0,0,0,0,0,0,0,1,1,0,1,0,0,0,0,0,0,0,0,0,0,0,0,0,0,1,1,0,0,0,0,0,0,0,30,5,1,5.0,5,7.49660441426146,3,2,1,2,2,1,1,2,4,0,1,1,0,0,0,1,0,0,0,0,444857.0
a007411,2,0,0,1,0,0,0,0,0,0,0,0,1,0,0,0,0,0,0,0,0,0,1,0,0,0,0,0,0,0,0,1,0,0,0,0,0,0,0,0,1,0,0,0,0,0,0,0,0,0,1,0,0,0,0,0,0,1,40,6,4,3.0,1,8.0,2,1,4,4,1,4,1,1,7,3,1,0,1,0,0,0,0,1,0,0,380000.0
a005659,2,0,0,1,0,0,0,0,0,0,0,0,0,0,0,0,0,0,0,0,0,0,0,0,0,0,0,0,0,0,0,1,0,0,0,0,0,0,0,0,0,0,0,0,0,0,0,0,0,0,0,0,0,0,0,0,0,1,60,6,2,3.0,4,4.0,2,2,2,2,3,2,2,6,4,1,0,1,1,0,0,0,0,0,0,0,73600.0
a009870,3,0,0,0,1,0,1,0,0,0,0,0,0,0,0,0,0,0,0,0,0,1,1,0,0,1,0,0,0,0,0,0,1,0,1,0,0,0,0,0,0,0,0,0,0,0,0,0,0,1,1,0,0,1,0,0,0,0,30,6,1,3.0,4,7.49660441426146,2,3,3,2,2,1,3,3,2,2,1,1,1,0,0,0,0,0,0,0,227800.0
a000468,3,1,0,0,0,0,0,0,0,0,0,0,0,0,0,0,0,0,0,0,0,0,0,0,0,0,0,0,0,1,0,0,0,0,0,0,0,0,0,0,0,0,0,0,0,0,0,0,0,0,0,0,0,0,0,0,0,0,30,6,3,3.0,4,7.0,3,2,2,6,1,1,4,2,3,2,0,1,1,0,0,0,0,0,1,0,1003240.0
a012496,3,1,0,0,1,0,0,0,0,0,0,0,0,0,0,0,0,0,0,0,0,0,1,1,0,0,0,0,0,1,0,0,1,0,0,0,0,0,0,0,0,0,0,0,0,0,0,0,0,0,1,1,0,0,0,0,0,1,20,6,2,3.0,4,7.0,3,3,2,3,2,2,2,5,4,0,1,1,0,1,0,0,0,0,0,0,896300.0
a001034,2,0,0,0,0,0,1,0,0,1,0,0,0,0,0,0,0,0,0,0,0,1,0,0,0,0,0,0,0,0,0,0,0,0,1,0,0,1,0,0,0,0,0,0,0,0,0,0,0,1,0,0,0,0,0,0,0,1,20,6,1,3.0,4,7.49660441426146,3,4,3,2,2,4,3,3,5,1,1,0,1,0,0,0,1,0,0,0,539100.0
b009428,3,0,0,0,0,0,1,0,0,1,0,0,0,0,0,0,0,0,0,0,0,0,1,1,0,0,1,0,0,0,0,0,0,0,1,0,0,1,0,0,0,0,0,0,0,0,0,0,0,0,1,1,0,0,1,0,0,1,20,4,4,12.0,1,6.0,2,3,1,1,2,1,1,2,7,3,0,1,1,0,0,0,0,0,1,0,799600.0
a005781,2,1,0,0,0,0,1,0,0,0,0,0,0,0,0,0,0,0,0,0,0,0,0,0,0,0,0,0,0,1,0,0,0,0,1,0,0,0,0,0,0,0,0,0,0,0,0,0,0,0,0,0,0,0,0,0,0,1,20,6,7,2.0,3,6.0,2,3,2,3,2,2,6,6,6,0,1,1,0,0,0,0,0,0,0,0,260400.0
a000237,3,1,0,0,0,0,0,0,0,0,0,0,0,0,0,0,0,0,0,0,0,0,0,0,0,0,0,0,0,1,0,0,0,0,0,0,0,0,0,0,0,0,0,0,0,0,0,0,0,0,0,0,0,0,0,0,0,0,40,7,2,3.0,8,9.0,3,6,5,6,4,5,6,5,6,0,0,1,0,0,0,0,0,1,0,0,177200.0
a004627,2,0,0,0,0,1,0,0,0,0,0,0,0,0,0,0,0,0,0,0,0,1,1,0,0,0,0,0,0,0,0,0,0,1,0,0,0,0,0,0,0,0,0,0,0,0,0,0,0,1,1,0,0,0,0,0,0,1,30,7,3,3.0,6,12.0,4,5,3,4,1,5,5,5,3,0,1,1,0,0,0,1,0,0,0,0,21300.0
a012456,3,0,0,0,0,0,0,1,0,1,0,0,0,0,0,0,0,0,0,0,0,0,0,0,0,0,0,0,0,0,0,0,0,0,0,1,0,1,0,0,0,0,0,0,0,0,0,0,0,0,0,0,0,0,0,0,0,1,20,6,1,3.0,4,7.49660441426146,2,6,2,1,6,5,2,6,6,3,1,0,1,0,0,0,1,0,0,0,1231200.0
a008114,3,1,1,1,1,1,0,0,0,0,0,0,0,0,0,0,0,0,0,0,0,0,0,0,0,0,0,0,0,1,1,1,1,1,0,0,0,0,0,0,0,0,0,0,0,0,0,0,0,0,0,0,0,0,0,0,0,1,20,6,4,3.0,4,8.0,3,4,1,1,5,4,4,2,7,1,1,0,1,0,0,0,1,0,0,0,1746808.0
a003853,5,1,0,1,1,0,0,0,0,0,0,0,0,0,0,0,0,0,0,0,0,0,1,0,0,0,1,0,0,1,0,1,1,0,0,0,0,0,0,0,0,0,0,0,0,0,0,0,0,0,1,0,0,0,1,0,0,1,20,7,2,12.0,3,9.0,3,4,3,3,3,4,3,5,4,0,0,1,0,0,0,0,1,1,0,0,401500.0
a004360,2,1,0,0,0,0,1,0,0,0,0,0,1,0,0,0,0,0,0,0,0,0,0,1,1,0,0,0,0,1,0,0,0,0,1,0,0,0,0,0,1,0,0,0,0,0,0,0,0,0,0,1,1,0,0,0,0,0,30,6,1,2.0,6,7.49660441426146,2,2,2,3,3,3,3,2,5,1,1,0,1,0,0,1,0,0,0,0,16500.0
c006042,2,0,0,0,0,0,0,0,0,1,0,0,0,0,0,0,0,0,0,0,0,0,1,0,0,0,0,1,0,0,0,0,0,0,0,0,0,1,0,0,0,0,0,0,0,0,0,0,0,0,1,0,0,0,0,1,0,1,50,6,3,2.0,4,5.0,3,4,1,3,2,4,4,5,6,0,1,1,0,0,1,0,0,0,0,0,344200.0
a001940,3,0,0,1,0,0,1,0,0,0,0,0,0,0,0,0,0,0,0,0,0,0,0,0,0,0,0,0,1,0,0,1,0,0,1,0,0,0,0,0,0,0,0,0,0,0,0,0,0,0,0,0,0,0,0,0,1,1,20,6,2,3.0,4,4.0,3,2,1,1,1,1,2,4,7,3,0,1,0,0,0,0,1,0,1,0,1362036.0
a017903,2,1,0,0,0,0,0,0,0,0,0,0,0,0,0,0,0,0,0,0,0,0,0,0,1,0,1,0,0,1,0,0,0,0,0,0,0,0,0,0,0,0,0,0,0,0,0,0,0,0,0,0,1,0,1,0,0,0,20,5,1,2.0,3,7.49660441426146,3,5,2,6,3,3,2,6,6,1,0,1,1,0,0,0,1,0,0,0,115800.0
a003098,3,1,1,0,0,0,1,0,0,0,0,0,0,0,0,0,0,0,0,0,0,0,1,0,0,0,0,0,0,1,1,0,0,0,1,0,0,0,0,0,0,0,0,0,0,0,0,0,0,0,1,0,0,0,0,0,0,1,30,6,3,2.0,7,12.0,2,6,3,4,1,2,5,3,6,2,1,1,1,0,0,0,0,0,0,0,921400.0
a003071,3,0,0,0,0,1,0,0,0,1,0,0,0,0,0,0,0,0,0,0,0,1,1,0,0,0,0,0,0,0,0,0,0,1,0,0,0,1,0,0,0,0,0,0,0,0,0,0,0,1,1,0,0,0,0,0,0,1,30,6,2,2.0,5,9.0,2,2,2,2,2,6,6,2,2,1,0,0,1,0,0,0,1,0,1,0,181500.0
a006726,2,0,0,1,1,0,1,0,0,1,0,0,0,0,0,0,0,0,0,0,0,0,1,0,0,0,0,0,0,0,0,1,1,0,1,0,0,1,0,0,0,0,0,0,0,0,0,0,0,0,1,0,0,0,0,0,0,1,20,6,3,2.0,5,11.0,2,4,4,2,6,7,1,5,3,0,0,0,0,1,0,0,1,1,0,0,46500.0
a017884,2,0,0,0,1,0,0,0,0,0,0,0,0,0,0,0,0,0,0,0,0,0,1,0,0,0,1,0,0,0,0,0,1,0,0,0,0,0,0,0,0,0,0,0,0,0,0,0,0,0,1,0,0,0,1,0,0,1,20,6,3,2.0,3,9.0,2,4,6,2,4,4,1,3,3,1,1,1,1,0,0,0,0,0,0,0,459800.0
a017741,2,1,1,1,1,1,0,0,0,0,0,0,0,0,0,0,0,0,0,0,0,0,0,0,0,0,0,0,0,1,1,1,1,1,0,0,0,0,0,0,0,0,0,0,0,0,0,0,0,0,0,0,0,0,0,0,0,0,30,5,3,2.0,5,6.0,3,4,4,2,4,5,4,4,4,2,1,0,0,0,1,0,1,0,0,0,80000.0
a018027,2,1,0,0,1,0,0,0,0,0,0,0,0,0,0,0,0,0,0,0,0,0,1,0,0,1,0,0,0,1,0,0,1,0,0,0,0,0,0,0,0,0,0,0,0,0,0,0,0,0,1,0,0,1,0,0,0,1,30,6,2,12.0,2,5.0,1,4,1,1,3,2,4,6,1,1,1,0,1,0,0,0,0,0,0,1,10500.0
a006620,2,0,0,0,0,0,0,0,0,0,0,0,0,0,0,0,0,0,0,0,0,0,0,0,0,0,0,1,0,0,0,0,0,0,0,0,0,0,0,0,0,0,0,0,0,0,0,0,0,0,0,0,0,0,0,1,0,1,40,7,5,2.0,5,9.0,2,4,4,3,5,5,3,5,3,2,0,1,0,0,0,0,0,0,0,0,546900.0
a007624,2,0,0,0,0,0,0,0,0,1,0,0,0,0,0,0,0,0,0,0,0,0,0,0,0,0,0,0,0,0,0,0,0,0,0,0,0,1,0,0,0,0,0,0,0,0,0,0,0,0,0,0,0,0,0,0,0,0,40,5,1,9.0,2,7.49660441426146,3,4,4,4,6,4,4,3,4,0,0,1,0,0,0,0,1,0,0,1,20000.0
a017914,2,1,0,0,1,0,1,0,0,0,0,0,0,0,0,0,0,0,0,0,0,0,0,0,0,0,0,0,0,1,0,0,1,0,1,0,0,0,0,0,0,0,0,0,0,0,0,0,0,0,0,0,0,0,0,0,0,0,20,5,4,2.0,4,11.0,2,2,1,1,3,6,4,1,4,1,1,1,1,0,0,0,0,0,0,0,166600.0
a004641,2,1,0,0,1,0,0,0,0,1,0,0,0,0,0,0,0,0,0,0,0,0,0,0,1,0,1,0,0,1,0,0,1,0,0,0,0,1,0,0,0,0,0,0,0,0,0,0,0,0,0,0,1,0,1,0,0,1,30,5,2,2.0,4,4.0,2,4,6,4,4,3,5,3,6,0,1,1,0,0,0,0,1,0,0,0,389400.0
a006017,2,0,1,1,0,0,0,0,0,0,0,0,1,0,0,0,0,0,0,0,0,0,0,0,0,0,0,0,0,0,1,1,0,0,0,0,0,0,0,0,1,0,0,0,0,0,0,0,0,0,0,0,0,0,0,0,0,0,50,6,3,5.0,4,11.0,2,2,3,2,3,3,2,6,5,1,0,1,1,0,0,1,0,0,0,0,170600.0
a006353,2,0,0,0,1,0,1,0,0,1,0,1,0,0,0,0,0,0,0,0,0,0,1,0,0,0,1,0,0,0,0,0,1,0,1,0,0,1,0,1,0,0,0,0,0,0,0,0,0,0,1,0,0,0,1,0,0,1,30,7,2,2.0,6,6.0,2,5,3,2,5,5,5,5,3,1,0,1,1,0,0,0,0,1,0,0,63747.0
a007824,2,0,0,1,0,0,0,0,0,1,1,0,0,0,0,0,0,0,0,0,0,0,0,0,0,0,0,0,0,0,0,1,0,0,0,0,0,1,1,0,0,0,0,0,0,0,0,0,0,0,0,0,0,0,0,0,0,0,50,7,4,1.0,6,8.0,3,5,3,4,3,3,5,3,3,3,0,1,1,0,0,0,0,0,1,0,57000.0
a005130,2,0,0,1,0,0,0,0,0,0,0,0,0,0,0,0,0,0,0,0,0,0,0,0,0,0,0,0,0,0,0,1,0,0,0,0,0,0,0,0,0,0,0,0,0,0,0,0,0,0,0,0,0,0,0,0,0,0,50,8,4,2.0,12,12.0,3,4,2,2,4,4,3,4,2,1,0,1,0,0,0,0,0,0,0,0,363300.0
a006522,2,0,1,0,0,0,0,1,0,0,0,0,0,0,0,0,0,0,0,0,0,0,1,0,0,0,1,0,0,0,1,0,0,0,0,1,0,0,0,0,0,0,0,0,0,0,0,0,0,0,1,0,0,0,1,0,0,1,30,5,3,4.0,4,7.0,2,4,4,1,5,7,5,1,6,1,1,0,1,0,1,0,0,0,0,0,800.0
a003672,2,0,1,0,0,0,0,0,0,0,0,0,0,0,0,0,0,0,0,0,0,0,0,0,0,0,0,0,0,0,1,0,0,0,0,0,0,0,0,0,0,0,0,0,0,0,0,0,0,0,0,0,0,0,0,0,0,1,30,6,5,3.0,6,11.0,3,2,4,3,1,3,6,6,4,4,1,1,0,0,0,0,0,0,0,0,196300.0
a003000,3,1,1,0,1,0,1,1,0,0,0,0,0,0,0,0,0,0,0,0,0,0,0,0,0,0,0,0,0,1,1,0,1,0,1,1,0,0,0,0,0,0,0,0,0,0,0,0,0,0,0,0,0,0,0,0,0,1,20,6,2,3.0,5,8.0,2,4,1,4,2,4,4,5,6,1,1,0,1,0,0,0,0,0,0,1,679610.0
a011215,3,0,0,0,0,0,0,0,0,0,0,0,0,0,0,0,0,0,0,0,0,1,1,0,1,0,0,0,0,0,0,0,0,0,0,0,0,0,0,0,0,0,0,0,0,0,0,0,0,1,1,0,1,0,0,0,0,1,20,6,4,2.0,6,12.0,3,4,1,1,2,3,5,3,6,1,1,1,1,0,0,0,0,0,0,0,139300.0
c005714,2,0,1,1,1,0,1,1,1,1,1,1,1,0,0,0,0,0,0,0,0,0,1,0,0,0,1,0,0,0,1,1,1,0,1,1,1,1,1,1,1,0,0,0,0,0,0,0,0,0,1,0,0,0,1,0,0,0,30,6,3,3.0,5,6.0,2,2,1,3,2,3,5,5,6,4,1,1,1,0,0,0,0,0,0,0,113900.0
a011241,2,0,1,1,0,0,1,0,0,0,0,1,0,0,0,0,0,0,0,0,0,1,1,0,1,0,0,1,0,0,1,1,0,0,1,0,0,0,0,1,0,0,0,0,0,0,0,0,0,1,1,0,1,0,0,1,0,1,40,6,3,3.0,4,9.0,1,2,2,2,4,6,2,1,2,3,0,1,1,0,0,0,0,1,0,0,26100.0
a005423,3,1,0,0,1,0,0,0,0,0,0,0,0,0,0,0,0,0,0,0,0,1,1,1,1,0,1,1,1,1,0,0,1,0,0,0,0,0,0,0,0,0,0,0,0,0,0,0,0,1,1,1,1,0,1,1,1,0,20,6,3,2.0,5,10.0,2,5,2,4,4,4,4,4,4,0,0,1,0,0,0,0,0,0,0,0,349000.0
a005164,2,0,1,0,0,0,0,0,0,0,0,0,0,0,0,0,0,0,0,0,0,0,0,0,0,0,0,0,0,0,1,0,0,0,0,0,0,0,0,0,0,0,0,0,0,0,0,0,0,0,0,0,0,0,0,0,0,0,30,6,3,3.0,5,7.0,2,2,6,3,4,4,4,3,4,2,1,0,1,0,0,0,1,0,0,0,392872.0
a010568,2,1,0,0,0,0,1,0,0,1,0,0,0,0,0,0,0,0,0,0,0,0,0,0,0,0,0,0,0,1,0,0,0,0,1,0,0,1,0,0,0,0,0,0,0,0,0,0,0,0,0,0,0,0,0,0,0,1,20,4,4,2.0,4,7.0,3,1,7,1,1,1,1,7,4,0,1,1,0,0,0,0,1,0,0,0,36750.0
a004019,3,0,0,0,0,0,0,0,0,1,0,0,0,0,0,0,0,0,0,0,0,0,1,0,0,0,0,0,0,0,0,0,0,0,0,0,0,1,0,0,0,0,0,0,0,0,0,0,0,0,1,0,0,0,0,0,0,1,20,6,4,2.0,3,12.0,2,5,2,2,2,6,4,6,6,1,1,0,1,0,0,0,0,0,0,1,1142600.0
a010337,2,0,1,0,0,0,1,0,0,1,0,0,0,0,0,0,0,0,0,0,0,1,1,0,0,0,1,1,0,0,1,0,0,0,1,0,0,1,0,0,0,0,0,0,0,0,0,0,0,1,1,0,0,0,1,1,0,1,60,4,2,11.0,1,4.0,3,1,7,6,4,2,5,4,1,0,1,1,0,0,0,0,0,0,0,1,19100.0
a010028,2,0,0,0,0,0,0,0,0,1,0,1,0,0,0,0,0,0,0,0,0,1,1,0,0,0,1,0,0,0,0,0,0,0,0,0,0,1,0,1,0,0,0,0,0,0,0,0,0,1,1,0,0,0,1,0,0,0,40,6,3,3.0,5,5.0,2,6,2,2,4,6,6,2,2,2,1,0,1,0,0,0,0,1,0,0,192890.0
a002099,2,1,0,0,1,0,1,0,0,0,0,0,0,0,0,0,0,0,0,0,0,0,1,0,0,0,0,0,0,1,0,0,1,0,1,0,0,0,0,0,0,0,0,0,0,0,0,0,0,0,1,0,0,0,0,0,0,1,30,6,4,3.0,5,11.0,3,4,6,6,2,6,6,6,1,0,1,0,0,1,0,0,1,0,0,0,101500.0
a018237,2,0,0,0,0,0,0,0,0,0,0,0,0,0,0,0,0,0,0,0,0,1,1,0,0,0,1,0,1,0,0,0,0,0,0,0,0,0,0,0,0,0,0,0,0,0,0,0,0,1,1,0,0,0,1,0,1,0,40,6,4,2.0,5,7.0,2,1,2,1,6,7,1,1,7,0,0,0,0,1,1,1,0,0,0,0,177500.0
a018021,2,1,0,0,1,0,1,0,0,0,0,0,0,0,0,0,0,0,0,0,0,1,1,0,0,0,0,0,0,1,0,0,1,0,1,0,0,0,0,0,0,0,0,0,0,0,0,0,0,1,1,0,0,0,0,0,0,0,30,4,2,4.0,1,1.0,3,2,2,2,4,5,2,4,4,1,1,0,0,0,0,0,1,1,0,0,225100.0
a010150,2,0,0,0,0,0,1,0,0,0,0,0,0,0,0,0,0,0,0,0,0,0,0,0,0,0,0,0,0,0,0,0,0,0,1,0,0,0,0,0,0,0,0,0,0,0,0,0,0,0,0,0,0,0,0,0,0,0,30,4,1,4.0,3,7.49660441426146,2,4,4,4,4,4,4,4,4,0,0,1,0,0,1,0,0,0,0,0,183700.0
a007699,2,1,1,1,1,0,0,0,0,0,0,0,0,0,0,0,0,0,0,0,0,0,1,0,0,0,0,0,0,1,1,1,1,0,0,0,0,0,0,0,0,0,0,0,0,0,0,0,0,0,1,0,0,0,0,0,0,0,20,6,5,12.0,2,9.0,3,6,2,4,1,2,3,7,1,0,1,1,0,0,0,0,1,0,0,0,105300.0
a001248,4,1,0,0,0,0,0,0,1,0,0,0,0,0,0,0,0,0,0,0,0,0,0,0,0,1,0,0,0,1,0,0,0,0,0,0,1,0,0,0,0,0,0,0,0,0,0,0,0,0,0,0,0,1,0,0,0,1,30,5,1,3.0,5,7.49660441426146,3,2,2,4,2,1,3,1,4,0,1,1,0,0,0,0,0,0,0,1,818000.0
a007299,2,1,0,0,0,0,1,0,0,0,0,0,0,0,0,0,0,0,0,0,0,0,1,0,0,0,0,0,0,1,0,0,0,0,1,0,0,0,0,0,0,0,0,0,0,0,0,0,0,0,1,0,0,0,0,0,0,1,50,6,4,3.0,4,10.0,3,4,2,2,3,2,6,6,6,1,1,1,0,1,0,0,0,0,0,0,44700.0
a002396,2,1,0,0,0,0,1,0,0,0,0,0,0,0,0,0,0,0,0,0,0,1,1,0,0,0,0,1,0,1,0,0,0,0,1,0,0,0,0,0,0,0,0,0,0,0,0,0,0,1,1,0,0,0,0,1,0,1,20,6,3,13.0,4,7.0,2,2,4,1,4,3,7,2,7,0,1,1,0,0,1,0,0,0,0,0,62800.0
a007033,2,1,0,0,1,0,0,1,0,0,0,0,0,0,0,0,0,0,0,0,0,1,1,0,1,0,1,1,0,1,0,0,1,0,0,1,0,0,0,0,0,0,0,0,0,0,0,0,0,1,1,0,1,0,1,1,0,0,20,4,3,12.0,2,8.0,1,7,7,1,1,3,1,7,7,0,1,1,0,0,0,0,1,0,0,0,2500.0
b006624,2,1,0,0,1,0,0,0,0,0,0,0,0,0,0,0,0,0,0,0,0,1,1,0,1,0,0,0,0,1,0,0,1,0,0,0,0,0,0,0,0,0,0,0,0,0,0,0,0,1,1,0,1,0,0,0,0,0,30,8,1,2.0,3,7.49660441426146,2,6,2,2,6,3,6,6,2,0,1,1,0,1,0,0,0,0,0,0,10300.0
a004224,4,1,1,0,1,0,1,1,0,0,0,0,0,0,0,0,0,0,0,0,0,0,0,0,0,0,0,0,0,1,1,0,1,0,1,1,0,0,0,0,0,0,0,0,0,0,0,0,0,0,0,0,0,0,0,0,0,0,20,5,1,4.0,4,7.49660441426146,2,4,2,1,3,6,3,3,6,0,0,1,0,0,0,0,1,1,0,0,1779900.0
a004678,2,0,0,0,1,0,0,0,0,0,0,0,0,0,0,0,0,0,0,0,0,1,0,0,0,0,0,0,0,0,0,0,1,0,0,0,0,0,0,0,0,0,0,0,0,0,0,0,0,1,0,0,0,0,0,0,0,1,20,5,3,2.0,4,8.0,3,2,1,1,6,6,6,6,5,1,1,1,1,0,0,0,0,0,0,0,112000.0
a004293,2,0,0,0,0,0,0,0,0,0,0,0,0,0,0,0,0,0,0,0,0,1,0,0,0,0,0,0,1,0,0,0,0,0,0,0,0,0,0,0,0,0,0,0,0,0,0,0,0,1,0,0,0,0,0,0,1,1,40,6,3,2.0,8,12.0,3,4,3,6,3,2,2,7,2,0,1,1,0,0,0,1,0,0,0,0,28000.0
a006043,2,1,0,0,0,0,0,0,0,0,0,0,0,0,0,0,0,0,0,0,0,0,1,0,0,0,1,0,0,1,0,0,0,0,0,0,0,0,0,0,0,0,0,0,0,0,0,0,0,0,1,0,0,0,1,0,0,0,30,6,2,3.0,4,10.0,2,4,2,2,1,3,1,6,6,1,0,0,1,0,1,0,0,0,0,1,65900.0
a018108,2,1,0,0,0,0,0,0,0,0,0,0,0,0,0,0,0,0,0,0,0,0,1,0,1,0,0,0,0,1,0,0,0,0,0,0,0,0,0,0,0,0,0,0,0,0,0,0,0,0,1,0,1,0,0,0,0,1,50,4,4,11.0,1,9.0,3,3,3,3,4,3,3,3,3,3,1,1,1,0,0,0,0,0,0,0,183700.0
a007654,2,0,1,0,1,0,0,0,0,0,0,0,0,0,0,0,0,0,0,0,0,0,0,0,0,0,0,1,0,0,1,0,1,0,0,0,0,0,0,0,0,0,0,0,0,0,0,0,0,0,0,0,0,0,0,1,0,1,20,5,1,3.0,7,7.49660441426146,2,7,1,1,1,1,1,1,7,1,1,0,1,1,0,0,0,0,0,0,104300.0
a017815,2,0,1,0,0,0,0,0,0,0,0,0,0,0,0,0,0,0,0,0,0,0,0,0,0,0,0,0,0,0,1,0,0,0,0,0,0,0,0,0,0,0,0,0,0,0,0,0,0,0,0,0,0,0,0,0,0,0,30,6,5,3.0,4,8.0,2,1,5,6,5,2,5,3,5,1,0,0,1,0,0,0,1,1,0,0,21500.0
a007184,2,0,0,1,0,0,1,0,0,0,0,0,0,0,0,0,0,0,0,0,0,0,1,0,0,0,0,0,0,0,0,1,0,0,1,0,0,0,0,0,0,0,0,0,0,0,0,0,0,0,1,0,0,0,0,0,0,1,30,6,3,3.0,5,8.0,3,1,2,4,4,4,2,5,5,0,0,1,0,0,0,0,0,0,0,0,93500.0
a007568,2,1,0,1,0,0,0,0,0,0,0,1,1,0,0,0,0,0,0,0,0,1,0,0,0,0,0,0,0,1,0,1,0,0,0,0,0,0,0,1,1,0,0,0,0,0,0,0,0,1,0,0,0,0,0,0,0,1,30,5,2,3.0,4,4.0,4,6,6,2,7,7,7,1,3,1,0,0,1,0,1,0,0,1,0,0,1041900.0
a005006,3,0,0,0,0,0,1,0,0,0,0,0,0,0,0,0,0,0,0,0,0,1,0,0,1,0,0,1,0,0,0,0,0,0,1,0,0,0,0,0,0,0,0,0,0,0,0,0,0,1,0,0,1,0,0,1,0,0,30,6,2,7.0,7,12.0,2,3,2,5,3,2,2,6,3,5,0,1,1,0,0,0,0,0,1,0,1280700.0
a007200,2,0,0,0,0,1,1,0,0,0,0,0,0,0,0,0,0,0,0,0,0,1,0,0,0,0,0,0,0,0,0,0,0,1,1,0,0,0,0,0,0,0,0,0,0,0,0,0,0,1,0,0,0,0,0,0,0,0,30,6,4,3.0,8,9.0,2,4,2,5,3,4,6,2,6,3,1,0,1,0,0,0,1,0,0,0,135400.0
a012515,3,0,1,0,0,1,0,0,1,0,0,0,0,0,0,0,0,0,0,0,0,0,1,0,0,0,1,0,0,0,1,0,0,1,0,0,1,0,0,0,0,0,0,0,0,0,0,0,0,0,1,0,0,0,1,0,0,0,30,5,3,5.0,3,5.0,3,3,3,4,5,3,3,3,3,1,0,1,1,0,0,0,1,0,0,0,624000.0
a006646,2,1,0,0,0,0,0,0,0,0,0,0,0,0,0,0,0,0,0,0,0,0,1,0,1,0,1,0,1,1,0,0,0,0,0,0,0,0,0,0,0,0,0,0,0,0,0,0,0,0,1,0,1,0,1,0,1,1,20,6,1,12.0,2,7.49660441426146,2,6,3,2,2,2,2,2,6,1,1,1,0,0,0,0,1,0,0,0,111100.0
a008330,3,0,0,0,0,0,0,1,1,0,0,0,0,0,0,0,0,0,0,0,0,1,1,1,1,0,1,0,0,0,0,0,0,0,0,1,1,0,0,0,0,0,0,0,0,0,0,0,0,1,1,1,1,0,1,0,0,1,30,6,3,4.0,5,10.0,2,4,2,2,5,5,4,7,7,2,1,1,1,0,0,0,0,0,0,0,117800.0
a006285,2,0,1,0,0,0,0,0,0,1,0,0,0,0,0,0,0,0,0,0,0,0,1,0,0,0,0,0,0,0,1,0,0,0,0,0,0,1,0,0,0,0,0,0,0,0,0,0,0,0,1,0,0,0,0,0,0,0,30,4,1,2.0,3,7.49660441426146,3,6,2,4,1,2,4,6,1,1,0,1,1,0,0,0,1,0,0,0,191500.0
a002086,3,1,1,0,0,1,1,1,0,0,0,0,0,0,0,0,0,0,0,0,0,0,0,0,0,0,0,0,0,1,1,0,0,1,1,1,0,0,0,0,0,0,0,0,0,0,0,0,0,0,0,0,0,0,0,0,0,1,20,5,2,9.0,1,6.0,3,4,3,4,4,7,1,7,7,0,1,1,0,0,0,0,1,0,0,0,1350600.0
a007014,2,1,0,0,1,0,1,0,0,1,0,0,0,0,0,0,0,0,0,0,0,1,1,0,0,0,0,0,0,1,0,0,1,0,1,0,0,1,0,0,0,0,0,0,0,0,0,0,0,1,1,0,0,0,0,0,0,1,30,5,4,3.0,4,11.0,3,5,2,6,3,5,5,6,2,0,1,1,0,0,0,0,1,0,0,0,33000.0
a007425,2,1,0,1,0,0,1,0,0,1,0,0,0,0,0,0,0,0,0,0,0,0,0,0,1,0,0,0,0,1,0,1,0,0,1,0,0,1,0,0,0,0,0,0,0,0,0,0,0,0,0,0,1,0,0,0,0,1,50,5,4,3.0,3,6.0,2,2,2,1,2,1,2,1,2,1,1,1,0,0,0,0,1,0,0,0,45800.0
d004175,3,1,0,0,0,0,0,0,0,1,0,1,0,0,0,0,0,0,0,0,0,0,1,0,0,0,0,0,0,1,0,0,0,0,0,0,0,1,0,1,0,0,0,0,0,0,0,0,0,0,1,0,0,0,0,0,0,1,20,7,3,3.0,4,9.0,4,4,1,1,6,4,5,2,7,1,1,0,0,0,1,0,1,0,0,0,1277400.0
a017859,2,0,0,0,0,0,0,0,0,0,1,0,0,0,0,0,0,0,0,0,0,0,0,1,0,0,0,0,0,0,0,0,0,0,0,0,0,0,1,0,0,0,0,0,0,0,0,0,0,0,0,1,0,0,0,0,0,1,50,5,4,3.0,3,6.0,2,1,2,1,2,6,2,6,7,1,1,1,0,0,0,1,0,0,0,0,160800.0
a006431,2,0,0,0,1,1,1,1,0,1,0,0,0,0,0,0,0,0,0,0,0,0,0,0,0,0,0,0,0,0,0,0,1,1,1,1,0,1,0,0,0,0,0,0,0,0,0,0,0,0,0,0,0,0,0,0,0,1,30,7,3,3.0,4,8.0,2,5,1,1,6,7,3,3,7,0,1,0,0,0,1,0,1,0,0,0,23200.0
a002063,3,0,0,0,0,0,0,0,0,0,0,0,0,0,0,0,0,0,0,0,0,1,1,1,1,0,1,0,0,0,0,0,0,0,0,0,0,0,0,0,0,0,0,0,0,0,0,0,0,1,1,1,1,0,1,0,0,0,30,5,1,3.0,5,7.49660441426146,3,1,2,3,4,1,4,7,5,0,1,1,0,0,0,0,1,0,0,0,227000.0
c007425,3,1,0,1,0,0,0,1,0,0,1,0,0,0,0,0,0,0,0,0,0,1,1,0,0,0,0,0,0,1,0,1,0,0,0,1,0,0,1,0,0,0,0,0,0,0,0,0,0,1,1,0,0,0,0,0,0,1,20,7,1,12.0,2,7.49660441426146,3,4,2,3,5,5,6,3,6,1,1,1,0,0,0,0,1,0,0,0,87800.0
a000065,3,0,0,0,0,0,0,0,0,0,0,0,1,0,0,0,0,0,0,0,0,1,1,1,1,0,0,0,0,0,1,0,0,0,0,0,0,0,0,0,0,0,0,0,0,0,0,0,0,0,0,0,0,0,0,0,0,1,40,7,3,2.0,3,11.0,1,3,3,3,3,3,3,3,4,3,1,1,0,1,0,0,0,0,0,0,988000.0
a007523,2,0,0,0,0,0,0,0,0,0,0,0,0,0,0,0,0,0,0,0,0,1,1,0,0,0,0,0,0,0,0,0,0,0,0,0,0,0,0,0,0,0,0,0,0,0,0,0,0,1,1,0,0,0,0,0,0,0,30,6,1,3.0,5,7.49660441426146,2,2,2,1,6,2,2,5,7,0,1,1,0,0,0,0,1,0,0,0,10800.0
a007298,2,1,0,1,1,0,0,0,0,0,0,0,0,0,0,0,0,0,0,0,0,0,1,0,0,0,1,0,0,1,0,1,1,0,0,0,0,0,0,0,0,0,0,0,0,0,0,0,0,0,1,0,0,0,1,0,0,1,20,6,1,12.0,2,7.49660441426146,3,6,7,2,4,2,5,1,6,0,1,1,0,1,0,0,0,0,0,0,40400.0
a008047,2,1,0,0,0,0,0,0,0,0,1,0,0,0,0,0,0,0,0,0,0,0,0,0,0,0,0,0,0,1,0,0,0,0,0,0,0,0,1,0,0,0,0,0,0,0,0,0,0,0,0,0,0,0,0,0,0,0,30,6,1,2.0,5,7.49660441426146,3,2,4,3,5,6,2,6,1,1,1,0,1,0,0,0,1,0,0,0,596200.0
a008702,3,0,0,0,1,0,1,0,0,0,0,0,0,0,0,0,0,0,0,0,0,0,0,0,0,0,0,0,0,0,0,0,1,0,1,0,0,0,0,0,0,0,0,0,0,0,0,0,0,0,0,0,0,0,0,0,0,0,30,6,1,2.0,8,7.49660441426146,2,2,1,1,5,6,2,2,6,1,0,0,1,0,1,0,1,0,0,0,63000.0
a005652,2,0,1,0,0,0,0,0,0,0,0,0,0,0,0,0,0,0,0,0,0,0,0,0,0,0,0,0,0,0,1,0,0,0,0,0,0,0,0,0,0,0,0,0,0,0,0,0,0,0,0,0,0,0,0,0,0,1,30,6,3,3.0,4,11.0,2,4,4,3,3,4,5,4,4,2,1,0,0,0,0,0,1,0,0,0,38000.0
a005536,2,1,0,1,1,0,1,0,0,1,0,1,1,0,0,0,0,0,0,0,0,1,1,1,0,0,1,1,1,1,0,1,1,0,1,0,0,1,0,1,1,0,0,0,0,0,0,0,0,1,1,1,0,0,1,1,1,1,20,7,2,3.0,4,7.0,3,2,1,3,2,4,1,3,6,2,1,1,1,0,0,0,0,0,0,0,171200.0
a009988,3,1,1,0,1,1,1,1,0,0,0,0,0,0,0,0,0,0,0,0,0,1,1,1,1,0,1,0,0,1,1,0,1,1,1,1,0,0,0,0,0,0,0,0,0,0,0,0,0,1,1,1,1,0,1,0,0,0,20,6,3,13.0,1,12.0,1,4,2,2,1,1,2,2,4,1,0,1,0,1,0,0,1,0,0,0,1756000.0
a018169,2,1,0,0,0,0,0,0,0,0,0,0,0,0,0,0,0,0,0,0,0,1,1,0,0,0,1,0,0,1,0,0,0,0,0,0,0,0,0,0,0,0,0,0,0,0,0,0,0,1,1,0,0,0,1,0,0,1,30,5,1,2.0,4,7.49660441426146,2,1,7,1,3,4,2,7,6,1,1,1,0,0,1,0,0,0,0,0,29800.0
c011906,2,1,0,0,0,0,0,0,0,0,0,0,0,0,0,0,0,0,0,0,0,0,0,0,0,0,0,0,0,1,0,0,0,0,0,0,0,0,0,0,0,0,0,0,0,0,0,0,0,0,0,0,0,0,0,0,0,1,30,6,3,3.0,4,9.0,3,3,3,4,3,3,4,5,4,0,1,1,0,1,0,0,0,0,0,0,76400.0
a009668,4,1,1,0,0,0,1,0,0,0,0,0,0,0,0,0,0,0,0,0,0,0,1,0,0,0,1,0,0,1,1,0,0,0,1,0,0,0,0,0,0,0,0,0,0,0,0,0,0,0,1,0,0,0,1,0,0,1,20,6,3,12.0,2,10.0,3,2,3,2,6,4,6,5,5,1,1,0,1,0,0,0,1,0,0,0,1248200.0
a000425,2,1,0,0,1,0,1,0,0,1,0,0,0,0,0,0,0,0,0,0,0,0,1,0,0,0,0,0,0,1,0,0,1,0,1,0,0,1,0,0,0,0,0,0,0,0,0,0,0,0,1,0,0,0,0,0,0,1,20,6,4,8.0,6,10.0,2,3,3,2,4,6,5,6,5,1,0,0,0,0,0,0,1,1,1,0,1146000.0
a002878,3,1,0,0,0,0,0,1,0,0,0,0,0,0,0,0,0,0,0,0,0,0,1,1,0,0,0,1,0,1,0,0,0,0,0,1,0,0,0,0,0,0,0,0,0,0,0,0,0,0,1,1,0,0,0,1,0,0,20,6,1,4.0,4,7.49660441426146,2,5,2,6,2,1,5,6,4,0,1,1,0,1,0,0,0,0,0,0,739320.0
a005389,2,0,0,0,0,0,0,0,0,0,0,0,0,0,0,0,0,0,0,0,0,1,1,0,0,0,1,1,1,0,0,0,0,0,0,0,0,0,0,0,0,0,0,0,0,0,0,0,0,1,1,0,0,0,1,1,1,0,30,7,2,3.0,5,9.0,2,2,4,1,3,4,2,1,6,1,1,1,0,0,0,1,0,0,0,0,91400.0
a010425,2,0,0,0,0,0,0,0,0,0,0,0,0,0,0,0,0,0,0,0,0,0,0,0,0,0,0,0,1,0,0,0,0,0,0,0,0,0,0,0,0,0,0,0,0,0,0,0,0,0,0,0,0,0,0,0,1,0,30,6,5,2.0,7,7.0,2,2,6,2,4,7,4,2,5,3,1,0,1,0,0,1,0,0,0,0,94800.0
a001261,7,0,1,1,0,0,1,0,0,1,0,0,0,0,0,0,0,0,0,0,0,0,0,0,0,0,0,1,0,0,1,1,0,0,1,0,0,1,0,0,0,0,0,0,0,0,0,0,0,0,0,0,0,0,0,1,0,0,40,7,4,3.0,7,7.0,2,2,2,2,4,6,4,2,3,2,1,0,0,0,0,1,1,0,0,0,1768700.0
a010533,2,0,0,1,0,0,1,0,0,0,0,0,0,0,0,0,0,0,0,0,0,1,0,0,0,0,0,0,1,0,0,1,0,0,1,0,0,0,0,0,0,0,0,0,0,0,0,0,0,1,0,0,0,0,0,0,1,1,50,4,2,11.0,4,4.0,3,3,6,4,4,5,5,3,2,0,1,1,0,0,0,1,0,0,0,0,9000.0
a007403,2,1,1,1,0,0,0,0,0,0,0,0,1,0,0,0,0,0,0,0,0,0,0,0,0,0,0,0,0,1,1,1,0,0,0,0,0,0,0,0,1,0,0,0,0,0,0,0,0,0,0,0,0,0,0,0,0,0,50,6,3,3.0,6,6.0,2,2,2,4,4,2,4,2,4,2,1,1,1,0,0,0,0,0,0,0,72000.0
a002096,3,1,1,1,0,0,1,0,0,0,0,0,1,0,0,0,0,0,0,0,0,0,0,0,0,0,0,0,0,1,1,1,0,0,1,0,0,0,0,0,1,0,0,0,0,0,0,0,0,0,0,0,0,0,0,0,0,0,30,6,4,3.0,4,8.0,3,2,2,2,4,5,4,3,3,1,1,1,1,0,0,0,0,0,0,0,352120.0
a003082,3,0,0,0,0,1,0,0,0,1,1,0,0,0,0,0,0,0,0,0,0,0,0,0,0,1,0,1,0,0,0,0,0,1,0,0,0,1,1,0,0,0,0,0,0,0,0,0,0,0,0,0,0,1,0,1,0,0,20,6,2,2.0,6,6.0,1,1,1,2,1,1,1,4,3,0,1,0,0,0,0,0,0,0,0,0,607660.0
a007078,2,1,1,0,1,0,1,0,0,0,0,0,1,0,0,0,0,0,0,0,0,0,0,0,0,0,0,0,0,1,1,0,1,0,1,0,0,0,0,0,1,0,0,0,0,0,0,0,0,0,0,0,0,0,0,0,0,1,20,6,4,12.0,1,1.0,3,6,3,2,5,6,2,3,6,1,1,0,1,0,0,0,1,0,0,0,187000.0
a003044,2,1,0,1,1,0,0,0,0,0,0,0,0,0,0,0,0,0,0,0,0,0,1,0,1,0,0,0,0,1,0,1,1,0,0,0,0,0,0,0,0,0,0,0,0,0,0,0,0,0,1,0,1,0,0,0,0,1,30,4,5,13.0,4,9.0,2,2,2,2,4,1,1,2,6,1,1,0,1,0,0,0,1,0,0,0,102600.0
a017911,2,1,0,0,0,0,0,0,0,0,0,0,0,0,0,0,0,0,0,0,0,1,1,0,1,0,0,0,0,1,0,0,0,0,0,0,0,0,0,0,0,0,0,0,0,0,0,0,0,1,1,0,1,0,0,0,0,0,40,6,1,2.0,3,7.49660441426146,3,2,4,4,4,4,4,4,3,0,0,1,0,1,0,0,0,0,0,1,30000.0
a007597,2,1,1,0,0,0,0,0,0,0,0,0,0,0,0,0,0,0,0,0,0,0,1,0,0,0,0,0,0,1,1,0,0,0,0,0,0,0,0,0,0,0,0,0,0,0,0,0,0,0,1,0,0,0,0,0,0,0,20,7,3,12.0,3,7.0,3,3,2,2,1,2,2,1,1,1,1,0,1,0,0,0,1,0,0,0,401000.0
a002906,2,1,0,0,0,0,0,0,0,0,0,0,0,0,0,0,0,0,0,0,0,0,1,0,0,0,0,0,0,1,0,0,0,0,0,0,0,0,0,0,0,0,0,0,0,0,0,0,0,0,1,0,0,0,0,0,0,0,50,7,2,2.0,8,9.0,3,4,2,5,2,2,4,5,3,0,1,1,0,0,0,0,1,0,0,0,267400.0
a007171,2,1,0,0,1,0,0,0,0,0,0,0,0,0,0,0,0,0,0,0,0,0,1,0,0,0,0,0,0,1,0,0,1,0,0,0,0,0,0,0,0,0,0,0,0,0,0,0,0,0,1,0,0,0,0,0,0,0,20,6,2,3.0,4,4.0,2,4,6,1,5,6,3,5,6,3,1,1,1,0,0,0,0,0,0,0,59640.0
d004784,2,1,0,0,1,0,0,0,0,0,0,0,0,0,0,0,0,0,0,0,0,1,1,1,1,0,1,0,0,1,0,0,1,0,0,0,0,0,0,0,0,0,0,0,0,0,0,0,0,1,1,1,1,0,1,0,0,1,20,6,4,12.0,1,9.0,3,3,2,2,5,5,5,6,6,0,0,1,0,0,0,0,0,0,0,0,22500.0
a018183,2,1,0,0,1,0,0,0,0,0,0,0,0,0,0,0,0,0,0,0,0,0,1,0,0,0,1,0,0,1,0,0,1,0,0,0,0,0,0,0,0,0,0,0,0,0,0,0,0,0,1,0,0,0,1,0,0,0,20,6,1,3.0,5,7.49660441426146,3,2,2,1,5,6,2,6,7,1,1,0,1,0,1,0,0,0,0,0,259800.0
a000678,2,1,1,0,0,1,0,0,0,0,0,0,0,0,0,0,0,0,0,0,0,0,0,0,0,0,0,0,0,1,1,0,0,1,0,0,0,0,0,0,0,0,0,0,0,0,0,0,0,0,0,0,0,0,0,0,0,0,40,6,3,3.0,6,6.0,3,2,6,4,2,2,4,3,2,2,1,0,1,0,0,0,0,1,0,0,42500.0
a005136,2,0,0,0,0,0,1,0,0,0,0,0,0,0,0,0,0,0,0,0,0,0,0,0,0,0,0,0,0,0,0,0,0,0,1,0,0,0,0,0,0,0,0,0,0,0,0,0,0,0,0,0,0,0,0,0,0,1,40,6,4,3.0,4,12.0,2,2,2,1,1,1,2,1,6,1,1,0,1,0,0,0,0,1,0,0,30000.0
a007606,2,1,0,0,0,0,1,0,0,0,0,0,1,0,0,0,0,0,0,0,0,0,0,0,0,0,0,0,1,1,0,0,0,0,1,0,0,0,0,0,1,0,0,0,0,0,0,0,0,0,0,0,0,0,0,0,1,1,40,5,2,3.0,2,5.0,2,3,5,5,2,2,6,2,3,1,1,1,1,0,0,0,0,0,0,0,56600.0
a006071,2,0,0,0,0,1,0,0,0,1,0,0,0,0,0,0,0,0,0,0,0,1,1,0,0,0,0,0,0,0,0,0,0,1,0,0,0,1,0,0,0,0,0,0,0,0,0,0,0,1,1,0,0,0,0,0,0,1,20,6,1,2.0,6,7.49660441426146,2,2,2,2,3,6,5,2,5,2,0,0,1,0,0,1,1,0,0,0,833100.0
a002476,3,0,1,0,0,0,1,0,0,0,0,0,1,0,0,0,0,0,0,0,0,1,1,0,0,0,0,0,0,0,1,0,0,0,1,0,0,0,0,0,1,0,0,0,0,0,0,0,0,1,1,0,0,0,0,0,0,1,30,6,3,3.0,4,5.0,3,3,5,2,4,3,5,3,6,1,1,0,1,1,0,0,0,0,0,0,81800.0
a003046,2,1,0,0,0,0,0,0,0,0,0,0,0,0,0,0,0,0,0,0,0,0,1,0,1,0,1,0,0,1,0,0,0,0,0,0,0,0,0,0,0,0,0,0,0,0,0,0,0,0,1,0,1,0,1,0,0,0,40,6,2,2.0,9,12.0,1,4,5,4,1,1,5,6,6,1,1,0,1,0,0,0,0,0,1,0,342000.0
a005474,2,1,0,0,1,0,0,0,0,0,0,0,0,0,0,0,0,0,0,0,0,0,0,0,0,0,0,0,0,1,0,0,1,0,0,0,0,0,0,0,0,0,0,0,0,0,0,0,0,0,0,0,0,0,0,0,0,0,40,6,2,11.0,1,7.0,2,6,6,2,4,4,2,4,2,0,1,1,0,0,0,1,0,0,0,0,60100.0
a014102,2,0,0,1,0,0,0,0,0,0,0,0,0,0,0,0,0,0,0,0,0,0,1,0,0,0,0,0,1,0,0,1,0,0,0,0,0,0,0,0,0,0,0,0,0,0,0,0,0,0,1,0,0,0,0,0,1,1,50,3,3,9.0,1,6.0,3,6,6,1,3,3,1,7,3,2,1,0,1,0,0,1,0,0,0,0,119400.0
a007365,2,0,0,1,0,1,0,0,0,0,0,0,0,0,0,0,0,0,0,0,0,0,0,0,0,0,0,0,0,0,0,1,0,1,0,0,0,0,0,0,0,0,0,0,0,0,0,0,0,0,0,0,0,0,0,0,0,1,40,6,5,2.0,6,10.0,3,1,1,1,1,1,7,7,1,2,1,0,1,0,0,0,0,1,0,0,84100.0
a003712,3,0,1,1,0,1,1,0,1,0,0,0,0,0,0,0,0,0,0,0,0,0,0,0,0,0,0,0,0,0,1,1,0,1,1,0,1,0,0,0,0,0,0,0,0,0,0,0,0,0,0,0,0,0,0,0,0,0,40,7,5,2.0,5,8.0,2,1,1,1,4,4,1,2,4,4,1,1,1,0,0,0,0,0,0,0,346380.0
a007328,2,1,0,0,1,0,1,0,0,1,0,0,0,0,0,0,0,0,0,0,0,1,0,0,0,0,0,0,0,1,0,0,1,0,1,0,0,1,0,0,0,0,0,0,0,0,0,0,0,1,0,0,0,0,0,0,0,1,20,6,3,2.0,4,7.0,2,6,6,6,6,6,6,6,6,0,1,0,0,0,1,0,1,0,0,0,441300.0
a001132,5,1,0,0,1,0,1,0,0,0,0,0,0,0,0,0,0,0,0,0,0,0,1,0,0,0,0,1,0,1,0,0,1,0,1,0,0,0,0,0,0,0,0,0,0,0,0,0,0,0,1,0,0,0,0,1,0,1,20,6,1,2.0,4,7.49660441426146,2,4,3,3,6,5,5,3,3,0,1,0,0,0,0,0,1,1,0,0,310420.0
a002504,3,0,0,0,0,0,0,0,1,0,0,0,0,0,0,0,0,0,0,0,0,0,1,0,0,0,0,0,0,0,0,0,0,0,0,0,1,0,0,0,0,0,0,0,0,0,0,0,0,0,1,0,0,0,0,0,0,1,30,6,1,4.0,4,7.49660441426146,2,1,1,1,4,6,4,3,2,1,1,0,1,0,0,0,1,0,0,0,1256140.0
a002810,3,1,0,0,1,0,1,1,0,0,1,0,0,0,0,0,0,0,0,0,0,0,0,0,0,0,0,0,0,1,0,0,1,0,1,1,0,0,1,0,0,0,0,0,0,0,0,0,0,0,0,0,0,0,0,0,0,1,30,6,2,13.0,5,6.0,2,1,6,1,2,2,6,1,7,0,1,1,0,0,1,0,0,0,0,0,785200.0
a005681,2,0,0,0,0,0,0,0,0,0,0,0,0,0,0,0,0,0,0,0,0,1,1,0,0,0,0,0,0,0,0,0,0,0,0,0,0,0,0,0,0,0,0,0,0,0,0,0,0,1,1,0,0,0,0,0,0,1,60,6,4,3.0,5,10.0,3,2,2,2,3,4,5,3,7,1,1,1,1,0,0,0,0,0,0,0,180200.0
a002027,3,0,1,0,0,1,0,0,1,0,0,0,0,0,0,0,0,0,0,0,0,1,1,0,0,0,0,0,0,0,1,0,0,1,0,0,1,0,0,0,0,0,0,0,0,0,0,0,0,1,1,0,0,0,0,0,0,1,30,5,2,2.0,2,6.0,2,1,1,4,2,5,3,2,7,2,1,0,1,0,1,0,0,0,0,0,963400.0
a014789,2,1,0,1,0,0,1,0,0,0,0,0,0,0,0,0,0,0,0,0,0,0,1,0,0,0,0,1,0,1,0,1,0,0,1,0,0,0,0,0,0,0,0,0,0,0,0,0,0,0,1,0,0,0,0,1,0,1,20,6,5,12.0,1,9.0,2,2,2,2,2,1,3,6,6,0,1,1,0,0,1,0,0,0,0,0,87600.0
a010242,3,1,0,0,1,0,0,0,0,0,0,0,0,0,0,0,0,0,0,0,0,0,1,0,0,0,1,1,0,1,0,0,1,0,0,0,0,0,0,0,0,0,0,0,0,0,0,0,0,0,1,0,0,0,1,1,0,0,20,6,3,4.0,3,8.0,2,1,1,1,4,4,1,1,7,0,1,1,0,1,0,0,0,0,0,0,140550.0
a003353,2,0,0,0,0,1,0,0,0,0,0,0,0,0,0,0,0,0,0,0,0,0,1,0,0,0,0,0,0,0,0,0,0,1,0,0,0,0,0,0,0,0,0,0,0,0,0,0,0,0,1,0,0,0,0,0,0,1,30,6,4,5.0,2,7.0,3,1,4,1,2,1,2,2,7,19,1,0,0,0,0,1,1,0,0,0,9400.0
a007429,2,0,0,0,1,0,0,0,0,0,0,0,0,0,0,0,0,0,0,0,0,0,1,0,0,0,1,0,0,0,0,0,1,0,0,0,0,0,0,0,0,0,0,0,0,0,0,0,0,0,1,0,0,0,1,0,0,1,30,6,3,4.0,5,9.0,3,4,4,4,1,1,7,5,5,2,1,0,0,1,0,0,0,0,0,1,221600.0
a010466,3,1,0,0,0,0,0,1,0,0,0,0,0,0,0,0,0,0,0,0,0,0,1,0,1,0,1,0,0,1,0,0,0,0,0,1,0,0,0,0,0,0,0,0,0,0,0,0,0,0,1,0,1,0,1,0,0,1,30,6,3,3.0,5,6.0,2,1,1,1,1,1,1,4,7,0,0,1,0,1,0,0,1,0,0,0,102700.0
a001648,3,0,1,0,0,0,1,0,0,0,0,0,0,0,0,0,0,0,0,0,0,0,1,0,1,0,1,0,0,0,1,0,0,0,1,0,0,0,0,0,0,0,0,0,0,0,0,0,0,0,1,0,1,0,1,0,0,0,40,6,3,3.0,6,10.0,2,3,2,2,2,3,5,6,5,1,1,1,1,0,0,0,0,0,0,0,1426550.0
a006933,2,0,1,0,0,0,0,0,0,0,0,0,0,0,0,0,0,0,0,0,0,0,1,0,0,0,0,1,0,0,1,0,0,0,0,0,0,0,0,0,0,0,0,0,0,0,0,0,0,0,1,0,0,0,0,1,0,1,30,7,1,3.0,6,7.49660441426146,3,3,2,1,2,4,1,1,6,0,1,0,0,0,1,0,1,0,0,0,57300.0
a006011,2,0,0,0,1,0,0,0,0,0,0,0,0,0,0,0,0,0,0,0,0,0,1,0,0,0,1,0,0,0,0,0,1,0,0,0,0,0,0,0,0,0,0,0,0,0,0,0,0,0,1,0,0,0,1,0,0,1,30,6,3,3.0,7,9.0,2,1,1,3,4,7,4,6,6,3,1,1,1,0,0,0,0,0,0,0,212400.0
a001392,3,0,0,0,1,0,0,0,1,0,0,0,0,1,0,0,0,0,0,0,0,0,1,0,0,0,0,0,0,0,0,0,1,0,0,0,1,0,0,0,0,1,0,0,0,0,0,0,0,0,1,0,0,0,0,0,0,0,20,5,3,5.0,4,7.0,2,6,7,2,5,2,1,5,6,0,1,1,0,0,0,0,1,0,0,0,383450.0
a006197,2,0,0,1,0,0,0,0,0,0,0,0,1,1,0,0,0,0,0,0,0,0,1,0,0,0,0,0,0,0,0,1,0,0,0,0,0,0,0,0,1,1,0,0,0,0,0,0,0,0,1,0,0,0,0,0,0,1,30,6,2,2.0,1,12.0,3,2,6,2,2,2,6,2,5,2,1,0,0,0,0,1,0,1,0,0,25000.0
a003924,3,0,0,0,0,0,0,0,1,0,0,0,0,0,0,0,0,0,0,0,0,0,0,0,0,0,0,1,1,0,0,0,0,0,0,0,1,0,0,0,0,0,0,0,0,0,0,0,0,0,0,0,0,0,0,1,1,1,20,6,4,12.0,4,8.0,2,2,2,2,6,6,2,7,7,0,0,1,0,0,0,1,1,0,0,0,249750.0
a008178,3,1,0,0,0,0,1,0,0,0,0,0,0,0,0,0,0,0,0,0,0,0,0,0,0,0,0,0,0,1,0,0,0,0,1,0,0,0,0,0,0,0,0,0,0,0,0,0,0,0,0,0,0,0,0,0,0,1,60,6,2,2.0,5,7.0,2,7,7,1,1,7,1,4,7,1,0,0,0,0,0,1,0,0,0,0,1385000.0
a011647,2,0,1,1,1,0,0,0,0,0,0,0,1,0,0,0,0,0,0,0,0,1,0,0,0,0,0,0,0,0,1,1,1,0,0,0,0,0,0,0,1,0,0,0,0,0,0,0,0,1,0,0,0,0,0,0,0,1,50,5,2,11.0,1,5.0,3,3,6,4,2,1,6,2,7,0,1,1,0,1,0,0,0,0,0,0,9700.0
a007943,2,0,0,1,1,0,0,0,0,0,0,0,0,0,0,0,0,0,0,0,0,0,0,0,0,0,0,0,0,0,0,1,1,0,0,0,0,0,0,0,0,0,0,0,0,0,0,0,0,0,0,0,0,0,0,0,0,0,30,6,2,3.0,4,5.0,3,2,2,2,6,2,2,2,6,1,1,0,0,0,0,0,1,1,0,0,258000.0
a007220,2,1,0,0,1,0,0,0,0,0,0,0,0,0,0,0,0,0,0,0,0,0,0,0,0,0,0,0,0,1,0,0,1,0,0,0,0,0,0,0,0,0,0,0,0,0,0,0,0,0,0,0,0,0,0,0,0,0,30,6,2,3.0,6,9.0,3,5,6,5,4,5,5,6,4,1,1,0,1,0,0,0,0,1,0,0,78600.0
a003568,2,1,0,0,0,0,0,0,0,0,0,0,0,0,0,0,0,0,0,0,0,0,1,0,1,0,0,0,0,1,0,0,0,0,0,0,0,0,0,0,0,0,0,0,0,0,0,0,0,0,1,0,1,0,0,0,0,1,30,6,2,2.0,4,8.0,2,2,4,3,4,2,3,3,6,1,1,1,1,0,0,0,0,0,0,0,1002700.0
a016174,2,1,0,0,1,0,0,0,0,0,0,0,0,0,0,0,0,0,0,0,0,1,1,0,0,0,1,1,0,1,0,0,1,0,0,0,0,0,0,0,0,0,0,0,0,0,0,0,0,1,1,0,0,0,1,1,0,1,40,4,1,2.0,5,7.49660441426146,3,1,4,4,4,1,4,1,3,0,1,1,0,0,0,1,0,0,0,0,48400.0
a000145,2,0,1,0,0,0,1,0,0,0,0,0,0,0,0,0,0,0,0,0,0,1,1,0,1,0,0,0,0,0,1,0,0,0,0,0,0,0,0,0,0,0,0,0,0,0,0,0,0,0,0,0,0,0,0,0,0,1,30,6,2,3.0,5,8.0,2,5,5,2,2,3,4,3,6,1,1,1,0,0,0,0,1,0,0,0,150000.0
a004504,3,0,1,1,1,0,1,0,0,0,0,0,0,1,0,0,0,0,0,0,0,0,0,0,0,0,0,0,0,0,1,1,1,0,1,0,0,0,0,0,0,1,0,0,0,0,0,0,0,0,0,0,0,0,0,0,0,0,30,6,1,2.0,4,7.49660441426146,2,4,3,4,1,1,5,7,3,1,0,1,1,0,0,0,1,0,0,0,410000.0
a012165,3,1,0,0,1,0,0,0,0,0,0,0,0,0,0,0,0,0,0,0,0,0,1,1,0,0,0,0,1,1,0,0,1,0,0,0,0,0,0,0,0,0,0,0,0,0,0,0,0,0,1,1,0,0,0,0,1,0,20,6,3,13.0,3,6.0,3,7,2,2,3,4,6,2,4,1,1,0,1,0,0,0,0,1,0,0,240220.0
a014937,2,1,1,0,0,0,1,0,0,0,0,0,0,0,0,0,0,0,0,0,0,0,0,0,0,0,0,0,0,1,1,0,0,0,1,0,0,0,0,0,0,0,0,0,0,0,0,0,0,0,0,0,0,0,0,0,0,1,20,6,1,3.0,4,7.49660441426146,2,2,1,2,7,6,4,6,3,0,1,1,0,0,0,0,1,0,0,0,152150.0
a006565,2,0,0,0,0,0,0,0,0,0,0,0,0,0,0,0,0,0,0,0,0,1,1,0,0,0,0,0,0,0,0,0,0,0,0,0,0,0,0,0,0,0,0,0,0,0,0,0,0,1,1,0,0,0,0,0,0,0,30,6,3,3.0,5,9.0,3,1,1,4,1,2,2,2,3,2,0,1,1,0,0,0,0,0,0,1,6000.0
a006141,2,0,1,0,0,0,0,0,0,0,0,0,0,0,0,0,0,0,0,0,0,0,0,0,0,0,0,0,0,0,1,0,0,0,0,0,0,0,0,0,0,0,0,0,0,0,0,0,0,0,0,0,0,0,0,0,0,1,50,5,3,4.0,4,6.0,4,5,6,6,2,6,7,2,6,2,1,0,1,0,0,0,0,0,1,0,97100.0
a008175,2,0,0,0,0,0,0,0,1,0,0,0,0,0,0,0,0,0,0,0,0,0,1,0,0,0,1,0,0,0,0,0,0,0,0,0,1,0,0,0,0,0,0,0,0,0,0,0,0,0,1,0,0,0,1,0,0,0,50,5,4,7.0,6,6.0,1,1,1,6,1,1,6,3,4,1,1,1,1,0,0,0,0,0,0,0,219200.0
a012023,3,1,0,0,0,0,0,0,1,0,0,0,0,0,0,0,0,0,0,0,0,1,1,0,0,1,0,0,0,1,0,0,0,0,0,0,1,0,0,0,0,0,0,0,0,0,0,0,0,1,1,0,0,1,0,0,0,1,30,6,2,12.0,1,5.0,1,2,1,1,2,1,4,4,1,0,0,1,0,1,0,0,1,0,0,0,12600.0
a001543,3,1,1,0,0,0,0,0,0,0,0,0,0,0,0,0,0,0,0,0,0,0,0,1,1,0,0,0,0,1,1,0,0,0,0,0,0,0,0,0,0,0,0,0,0,0,0,0,0,0,0,1,1,0,0,0,0,1,20,7,5,3.0,4,10.0,2,2,2,1,3,4,2,4,1,0,1,1,0,0,0,0,1,0,0,0,451000.0
a006740,2,0,0,0,1,0,1,0,0,0,0,0,0,0,0,0,0,0,0,0,0,1,1,0,1,0,0,0,0,0,0,0,1,0,1,0,0,0,0,0,0,0,0,0,0,0,0,0,0,1,1,0,1,0,0,0,0,1,20,6,1,12.0,2,7.49660441426146,2,6,6,1,5,6,4,2,7,0,1,1,0,0,1,0,0,0,0,0,11500.0
a013710,4,0,0,1,1,0,1,0,0,0,0,0,1,0,0,0,0,0,0,0,0,0,0,0,0,0,0,0,0,0,0,1,1,0,1,0,0,0,0,0,1,0,0,0,0,0,0,0,0,0,0,0,0,0,0,0,0,0,60,7,2,2.0,4,4.0,2,1,4,2,3,3,3,3,5,0,1,0,0,0,0,0,1,1,0,0,15000.0
a007347,2,1,0,0,1,0,0,0,0,0,0,0,0,0,0,0,0,0,0,0,0,0,0,0,0,0,1,0,0,1,0,0,1,0,0,0,0,0,0,0,0,0,0,0,0,0,0,0,0,0,0,0,0,0,1,0,0,1,50,7,1,2.0,4,7.49660441426146,1,5,4,6,2,5,3,4,5,0,0,1,0,1,0,0,0,0,0,0,344000.0
a004793,2,0,1,1,1,0,1,0,0,1,0,0,0,0,0,0,0,0,0,0,0,0,0,0,0,0,0,0,0,0,1,1,1,0,1,0,0,1,0,0,0,0,0,0,0,0,0,0,0,0,0,0,0,0,0,0,0,0,20,6,4,12.0,1,3.0,3,2,7,6,4,2,5,3,2,0,1,0,0,0,0,1,0,1,0,0,15900.0
a004036,3,1,1,0,0,1,0,1,0,0,1,0,0,0,0,0,0,0,0,0,0,0,0,0,0,0,0,0,0,1,1,0,0,1,0,1,0,0,1,0,0,0,0,0,0,0,0,0,0,0,0,0,0,0,0,0,0,0,30,6,3,9.0,4,4.0,3,3,1,2,5,1,2,5,4,4,1,1,1,0,0,0,0,0,0,0,1738590.0
a013866,2,0,1,0,0,1,1,0,0,0,0,0,0,0,0,0,0,0,0,0,0,1,1,0,0,0,1,0,0,0,1,0,0,1,1,0,0,0,0,0,0,0,0,0,0,0,0,0,0,1,1,0,0,0,1,0,0,1,30,6,4,5.0,4,12.0,3,4,3,3,1,3,6,2,4,1,0,1,1,0,0,0,1,0,0,0,94700.0
a002891,2,0,1,0,0,0,1,0,0,1,0,1,0,0,0,0,0,0,0,0,0,0,1,0,0,0,0,0,0,0,1,0,0,0,1,0,0,1,0,1,0,0,0,0,0,0,0,0,0,0,1,0,0,0,0,0,0,0,30,6,2,2.0,4,6.0,2,2,2,2,3,1,6,2,7,1,1,1,0,0,0,0,1,0,0,0,102600.0
a007759,2,1,1,0,0,0,0,0,0,1,0,0,0,0,0,0,0,0,0,0,0,0,0,0,0,0,0,0,0,1,1,0,0,0,0,0,0,1,0,0,0,0,0,0,0,0,0,0,0,0,0,0,0,0,0,0,0,1,40,5,4,3.0,4,5.0,2,2,4,1,4,6,4,5,7,2,1,0,1,0,0,0,0,1,0,0,155400.0
c005843,2,0,0,0,0,1,0,0,0,0,0,0,0,0,0,0,0,0,0,0,0,0,0,0,0,0,0,0,0,0,0,0,0,1,0,0,0,0,0,0,0,0,0,0,0,0,0,0,0,0,0,0,0,0,0,0,0,1,40,6,2,3.0,5,10.0,2,5,3,5,2,5,4,5,3,1,1,0,1,0,0,1,0,0,0,0,50000.0
a018205,2,1,0,1,0,0,0,0,0,0,0,0,0,0,0,0,0,0,0,0,0,0,0,0,0,0,0,0,0,1,0,1,0,0,0,0,0,0,0,0,0,0,0,0,0,0,0,0,0,0,0,0,0,0,0,0,0,0,20,4,1,3.0,4,7.49660441426146,3,4,1,5,2,4,5,1,4,0,1,1,0,0,0,0,0,1,0,0,574900.0
a002936,3,0,0,1,0,0,0,0,1,0,0,0,0,0,0,0,0,0,0,0,0,0,0,0,0,0,0,0,0,0,0,1,0,0,0,0,1,0,0,0,0,0,0,0,0,0,0,0,0,0,0,0,0,0,0,0,0,1,20,6,2,4.0,3,6.0,2,1,2,2,2,2,5,5,5,1,1,1,1,0,0,0,0,0,0,0,229000.0
a015112,2,0,1,0,0,0,0,0,0,0,0,0,0,0,0,0,0,0,0,0,0,0,1,0,0,0,0,0,0,0,1,0,0,0,0,0,0,0,0,0,0,0,0,0,0,0,0,0,0,0,1,0,0,0,0,0,0,1,30,5,1,3.0,4,7.49660441426146,3,4,2,6,2,2,2,5,2,1,1,0,1,0,1,0,0,0,0,0,4600.0
a004029,3,1,0,0,1,0,1,0,0,0,0,0,0,0,0,0,0,0,0,0,0,0,0,0,0,0,0,0,0,1,0,0,1,0,1,0,0,0,0,0,0,0,0,0,0,0,0,0,0,0,0,0,0,0,0,0,0,1,20,4,4,5.0,1,2.0,4,4,2,3,5,5,5,5,4,0,1,0,0,0,0,0,0,0,0,0,873180.0
a001926,3,0,0,0,1,0,1,1,0,0,0,0,0,0,0,0,0,0,0,0,0,1,0,0,0,0,1,0,0,0,0,0,1,0,1,1,0,0,0,0,0,0,0,0,0,0,0,0,0,1,0,0,0,0,1,0,0,1,30,6,1,4.0,4,7.49660441426146,2,1,1,3,4,4,4,2,4,0,1,1,0,0,0,0,1,0,0,0,1458400.0
a007288,2,0,0,0,1,0,0,0,0,0,0,0,0,0,0,0,0,0,0,0,0,0,1,0,0,0,0,0,0,0,0,0,1,0,0,0,0,0,0,0,0,0,0,0,0,0,0,0,0,0,1,0,0,0,0,0,0,1,50,6,3,12.0,1,5.0,2,2,1,1,6,1,6,1,7,2,1,0,0,0,1,0,1,0,0,0,37200.0
a006312,2,0,0,1,0,0,0,0,0,0,0,0,0,0,0,0,0,0,0,0,0,0,0,0,0,0,0,0,1,0,0,1,0,0,0,0,0,0,0,0,0,0,0,0,0,0,0,0,0,0,0,0,0,0,0,0,1,0,20,5,1,9.0,4,7.49660441426146,3,7,2,1,6,6,2,1,5,0,1,1,0,0,0,0,1,0,0,0,33000.0
a001453,2,0,0,1,0,0,1,0,0,0,0,0,1,0,0,0,0,0,0,0,0,0,0,0,0,0,0,0,0,0,0,1,0,0,1,0,0,0,0,0,1,0,0,0,0,0,0,0,0,0,0,0,0,0,0,0,0,0,40,6,1,3.0,6,7.49660441426146,1,2,2,3,4,3,3,5,6,0,0,1,0,0,0,0,0,1,0,0,22800.0
a004537,4,1,0,1,0,0,0,0,0,0,0,0,0,0,0,0,0,0,0,0,0,1,0,1,0,0,0,1,0,1,0,1,0,0,0,0,0,0,0,0,0,0,0,0,0,0,0,0,0,1,0,1,0,0,0,1,0,0,30,6,1,1.0,4,7.49660441426146,3,3,2,2,3,2,2,6,6,0,0,1,0,0,0,1,1,0,0,0,1161160.0
a005105,2,1,1,0,0,0,1,0,0,0,0,0,0,0,0,0,0,0,0,0,0,0,1,0,0,0,0,0,0,1,1,0,0,0,1,0,0,0,0,0,0,0,0,0,0,0,0,0,0,0,1,0,0,0,0,0,0,1,20,6,1,4.0,4,7.49660441426146,2,3,3,4,4,3,3,5,4,2,1,1,1,0,0,0,0,0,0,0,380800.0
a003162,3,0,1,0,0,0,0,0,0,0,0,0,0,0,0,0,0,0,0,0,0,0,0,0,1,0,0,0,0,0,1,0,0,0,0,0,0,0,0,0,0,0,0,0,0,0,0,0,0,0,0,0,1,0,0,0,0,1,30,6,3,2.0,2,5.0,2,1,2,1,1,1,1,1,1,1,0,0,1,0,0,0,1,0,0,0,172694.0
a003698,2,0,1,0,0,0,0,0,0,0,0,0,0,0,0,0,0,0,0,0,0,0,1,0,0,0,0,0,0,0,1,0,0,0,0,0,0,0,0,0,0,0,0,0,0,0,0,0,0,0,1,0,0,0,0,0,0,1,30,6,3,3.0,5,11.0,2,3,2,1,2,6,4,2,7,1,1,0,0,0,1,0,1,0,0,0,157000.0
a010406,3,0,0,1,0,0,1,0,0,1,1,0,0,0,0,0,0,0,0,0,0,0,1,0,0,0,0,0,0,0,0,1,0,0,1,0,0,1,1,0,0,0,0,0,0,0,0,0,0,0,1,0,0,0,0,0,0,0,60,7,2,13.0,5,7.0,2,2,2,2,2,2,2,6,2,0,1,1,0,0,0,1,0,0,0,0,752800.0
a018125,2,1,0,0,0,0,0,0,0,0,0,0,0,0,0,0,0,0,0,0,0,1,0,0,0,0,0,0,0,1,0,0,0,0,0,0,0,0,0,0,0,0,0,0,0,0,0,0,0,1,0,0,0,0,0,0,0,1,50,6,4,13.0,3,9.0,3,2,3,2,2,3,4,3,4,1,1,1,0,0,1,0,0,0,0,0,94900.0
a009473,4,0,0,1,0,0,1,0,0,1,0,0,0,0,0,0,0,0,0,0,0,0,1,0,0,0,0,0,0,0,0,1,0,0,1,0,0,1,0,0,0,0,0,0,0,0,0,0,0,0,1,0,0,0,0,0,0,0,20,6,3,12.0,6,6.0,2,5,2,2,3,4,4,3,5,1,1,1,1,0,0,0,0,0,0,0,931500.0
a002254,2,0,0,0,0,0,0,0,0,0,0,0,0,0,0,0,0,0,0,0,0,0,0,0,0,0,0,0,1,0,0,0,0,0,0,0,0,0,0,0,0,0,0,0,0,0,0,0,0,0,0,0,0,0,0,0,1,0,30,6,3,2.0,6,6.0,2,6,2,3,2,4,4,6,3,0,0,0,0,0,0,1,0,0,0,0,5000.0
a017839,2,0,0,0,0,0,0,0,0,0,0,0,0,0,0,0,0,0,0,0,0,1,0,0,0,0,0,1,1,0,0,0,0,0,0,0,0,0,0,0,0,0,0,0,0,0,0,0,0,1,0,0,0,0,0,1,1,1,30,6,3,5.0,5,7.0,1,4,4,4,3,4,4,3,7,2,0,1,1,0,0,1,0,0,0,0,9300.0
a004957,3,1,0,0,1,0,0,0,0,0,0,0,0,0,0,0,0,0,0,0,0,0,0,0,1,0,0,1,0,1,0,0,1,0,0,0,0,0,0,0,0,0,0,0,0,0,0,0,0,0,0,0,1,0,0,1,0,0,20,6,2,2.0,4,6.0,3,4,2,2,4,4,6,4,4,1,0,1,1,0,0,0,1,0,0,0,289100.0
a002117,2,1,0,0,0,0,1,0,0,0,0,0,1,0,0,0,0,0,0,0,0,0,1,0,0,0,0,0,0,1,0,0,0,0,1,0,0,0,0,0,1,0,0,0,0,0,0,0,0,0,1,0,0,0,0,0,0,0,20,6,1,3.0,4,7.49660441426146,3,6,1,3,2,1,6,2,7,1,1,1,1,0,0,0,0,0,0,0,110800.0
a002719,3,0,0,0,0,0,0,0,0,0,1,0,0,0,0,0,0,0,0,0,0,0,1,1,0,0,0,0,0,0,0,0,0,0,0,0,0,0,1,0,0,0,0,0,0,0,0,0,0,0,1,1,0,0,0,0,0,1,30,6,2,3.0,4,6.0,2,2,2,2,2,4,5,2,6,1,0,1,0,0,0,0,0,0,1,1,993150.0
a003363,2,1,0,0,1,0,1,0,0,1,0,0,0,0,0,0,0,0,0,0,0,0,1,0,0,0,0,0,0,1,0,0,1,0,1,0,0,1,0,0,0,0,0,0,0,0,0,0,0,0,1,0,0,0,0,0,0,1,20,4,1,4.0,1,7.49660441426146,3,1,4,4,7,4,2,2,6,1,1,0,1,0,0,0,0,0,1,0,137300.0
a004682,2,1,0,0,1,0,0,0,0,0,0,0,0,0,0,0,0,0,0,0,0,0,1,0,0,0,0,0,0,1,0,0,1,0,0,0,0,0,0,0,0,0,0,0,0,0,0,0,0,0,1,0,0,0,0,0,0,0,50,6,4,3.0,2,8.0,2,4,2,2,5,4,4,3,6,1,1,1,1,0,0,0,0,0,0,0,43150.0
a000682,3,1,0,0,1,0,0,1,0,1,1,0,0,0,0,0,0,0,0,0,0,0,0,0,0,0,0,0,0,1,0,0,1,0,0,1,0,1,1,0,0,0,0,0,0,0,0,0,0,0,0,0,0,0,0,0,0,1,20,6,2,2.0,4,4.0,2,4,2,2,2,4,6,3,7,1,1,0,1,0,0,0,1,0,0,0,1854540.0
a003163,4,1,0,0,0,0,0,0,1,0,0,0,0,0,0,0,0,0,0,0,0,1,1,0,0,0,0,0,0,1,0,0,0,0,0,0,1,0,0,0,0,0,0,0,0,0,0,0,0,1,1,0,0,0,0,0,0,1,20,6,1,2.0,4,7.49660441426146,2,4,1,2,2,4,4,3,6,1,1,1,1,0,0,0,0,0,0,0,970184.0
a015318,2,1,0,0,0,0,1,0,0,0,0,0,0,0,0,0,0,0,0,0,0,1,0,0,0,0,0,0,0,1,0,0,0,0,1,0,0,0,0,0,0,0,0,0,0,0,0,0,0,1,0,0,0,0,0,0,0,1,20,6,4,3.0,4,8.0,3,2,2,4,2,2,5,3,3,0,1,1,0,0,0,1,0,0,0,0,14100.0
a003622,3,0,0,1,0,0,1,0,0,0,0,0,0,0,0,0,0,0,0,0,0,0,0,0,1,0,0,0,1,0,0,1,0,0,1,0,0,0,0,0,0,0,0,0,0,0,0,0,0,0,0,0,1,0,0,0,1,0,30,6,4,3.0,4,4.0,3,1,3,4,4,2,3,5,4,3,1,1,1,0,0,0,0,0,0,0,262000.0
a017999,2,1,0,0,0,0,0,0,0,0,0,0,0,0,0,0,0,0,0,0,0,0,0,0,1,0,0,1,0,1,0,0,0,0,0,0,0,0,0,0,0,0,0,0,0,0,0,0,0,0,0,0,1,0,0,1,0,0,30,6,1,13.0,4,7.49660441426146,2,3,3,3,4,3,3,6,4,0,1,1,0,0,0,0,1,0,0,0,5300.0
a008053,2,0,1,0,0,0,1,0,0,0,0,0,0,0,0,0,0,0,0,0,0,0,0,0,0,0,0,0,0,0,1,0,0,0,1,0,0,0,0,0,0,0,0,0,0,0,0,0,0,0,0,0,0,0,0,0,0,0,40,6,3,3.0,5,5.0,2,2,2,1,4,6,6,2,6,2,0,0,0,0,0,0,1,0,0,0,181500.0
a000142,3,0,1,1,0,0,0,0,0,1,0,1,0,0,0,0,0,0,0,0,0,0,0,0,0,0,1,0,0,0,1,0,0,0,0,0,0,0,0,0,0,0,0,0,0,0,0,0,0,0,0,0,0,0,0,0,0,1,30,6,3,2.0,8,12.0,2,4,3,4,3,4,5,4,7,2,0,0,1,0,1,0,1,0,0,0,318600.0
a008365,5,1,0,0,0,1,1,0,0,0,0,0,0,0,0,0,0,0,0,0,0,0,0,0,0,1,0,0,0,1,0,0,0,1,1,0,0,0,0,0,0,0,0,0,0,0,0,0,0,0,0,0,0,1,0,0,0,1,30,6,1,3.0,7,7.49660441426146,2,2,3,1,6,6,4,2,4,0,1,1,0,0,0,0,0,0,0,1,953584.0
a017995,2,0,0,0,1,0,0,0,0,0,0,0,0,0,0,0,0,0,0,0,0,1,1,0,1,0,0,0,1,0,0,0,1,0,0,0,0,0,0,0,0,0,0,0,0,0,0,0,0,1,1,0,1,0,0,0,1,1,40,6,1,2.0,3,7.49660441426146,2,4,2,1,1,1,1,7,7,0,0,0,0,0,1,1,0,0,0,1,55000.0
a006924,2,0,0,0,0,0,0,0,0,0,0,0,1,0,0,0,0,0,0,0,0,0,1,1,0,0,0,0,0,0,0,0,0,0,0,0,0,0,0,0,1,0,0,0,0,0,0,0,0,0,1,1,0,0,0,0,0,1,20,5,4,12.0,1,4.0,2,1,1,1,1,1,1,1,1,0,1,1,0,0,1,0,0,0,0,0,228800.0
a004483,2,0,1,0,0,0,0,0,0,0,0,0,0,0,0,0,0,0,0,0,0,1,1,0,0,0,0,0,0,0,1,0,0,0,0,0,0,0,0,0,0,0,0,0,0,0,0,0,0,1,1,0,0,0,0,0,0,0,30,6,1,3.0,4,7.49660441426146,3,4,1,3,3,2,3,6,3,0,1,1,0,0,0,0,1,0,0,0,22300.0
a015389,2,0,0,1,1,0,1,0,0,0,0,0,0,0,0,0,0,0,0,0,0,0,1,0,0,0,0,0,0,0,0,1,1,0,1,0,0,0,0,0,0,0,0,0,0,0,0,0,0,0,1,0,0,0,0,0,0,1,30,6,1,2.0,4,7.49660441426146,2,2,2,2,3,5,3,1,6,1,0,0,1,0,1,0,0,1,0,0,150500.0
a002033,3,1,1,1,1,0,0,1,0,0,0,0,0,0,0,0,0,0,0,0,0,0,0,0,0,0,0,0,0,1,1,1,1,0,0,1,0,0,0,0,0,0,0,0,0,0,0,0,0,0,0,0,0,0,0,0,0,1,30,8,1,2.0,3,7.49660441426146,2,4,4,2,3,3,2,2,7,1,1,1,0,0,0,0,0,0,0,1,153400.0
a006005,2,1,0,0,0,0,0,0,0,0,0,0,0,0,0,0,0,0,0,0,0,0,1,0,0,0,0,0,0,1,0,0,0,0,0,0,0,0,0,0,0,0,0,0,0,0,0,0,0,0,1,0,0,0,0,0,0,1,30,5,4,4.0,4,4.0,1,2,2,4,3,4,3,5,7,1,0,0,1,0,1,0,1,0,0,0,65900.0
a003281,3,1,1,0,0,0,0,1,0,0,0,0,0,0,0,0,0,0,0,0,0,0,0,1,0,0,0,0,0,1,1,0,0,0,0,1,0,0,0,0,0,0,0,0,0,0,0,0,0,0,0,1,0,0,0,0,0,0,30,6,4,2.0,5,7.0,2,1,1,4,2,2,6,1,6,1,0,1,1,1,0,0,0,0,0,0,1717000.0
d005429,4,1,0,1,0,0,0,0,0,1,0,1,0,0,0,0,0,0,0,0,0,0,0,0,1,0,1,1,0,1,0,1,0,0,0,0,0,1,0,1,0,0,0,0,0,0,0,0,0,0,0,0,1,0,1,1,0,0,20,6,3,12.0,2,5.0,3,4,3,2,3,2,2,2,4,0,0,1,0,1,0,0,0,1,0,0,137200.0
a017866,2,1,1,1,1,0,1,0,0,0,0,0,1,1,0,0,0,0,0,0,0,1,1,0,1,0,0,1,0,1,1,1,1,0,1,0,0,0,0,0,1,1,0,0,0,0,0,0,0,1,1,0,1,0,0,1,0,1,30,6,4,3.0,2,12.0,2,4,3,4,3,4,4,5,4,0,0,1,0,0,0,1,0,1,0,0,7000.0
a001749,2,1,1,0,1,0,0,0,0,0,0,0,0,0,0,0,0,0,0,0,0,1,1,0,0,0,0,0,0,1,1,0,1,0,0,0,0,0,0,0,0,0,0,0,0,0,0,0,0,1,1,0,0,0,0,0,0,1,30,7,3,3.0,5,11.0,3,4,2,2,3,3,4,7,4,1,1,1,1,0,0,0,0,0,0,0,773400.0
a002780,3,1,1,1,0,0,0,0,0,0,0,0,0,1,0,0,0,0,0,0,0,0,0,1,0,0,0,0,0,1,1,1,0,0,0,0,0,0,0,0,0,1,0,0,0,0,0,0,0,0,0,1,0,0,0,0,0,1,60,4,4,11.0,1,4.0,2,1,2,2,3,2,2,2,1,0,1,1,0,0,0,0,0,1,0,0,435300.0
a012437,3,1,1,0,0,0,0,0,0,0,0,0,0,0,0,0,0,0,0,0,0,0,0,0,0,0,0,0,0,1,1,0,0,0,0,0,0,0,0,0,0,0,0,0,0,0,0,0,0,0,0,0,0,0,0,0,0,0,20,6,5,12.0,1,5.0,3,5,1,3,3,6,5,3,5,1,1,1,1,0,0,0,0,0,0,0,509700.0
a004924,3,0,0,0,0,0,0,0,0,0,0,0,0,0,0,0,0,0,0,0,0,0,0,0,0,0,0,1,0,0,0,0,0,0,0,0,0,0,0,0,0,0,0,0,0,0,0,0,0,0,0,0,0,0,0,1,0,0,20,6,1,4.0,3,7.49660441426146,2,2,3,3,6,3,3,6,5,7,0,1,1,0,0,0,0,0,1,0,58820.0
a012344,2,0,0,0,0,0,0,0,0,0,1,0,0,0,0,0,0,0,0,0,0,0,0,0,0,0,0,0,0,0,0,0,0,0,0,0,0,0,1,0,0,0,0,0,0,0,0,0,0,0,0,0,0,0,0,0,0,1,30,6,2,13.0,5,8.0,2,1,2,1,2,2,1,2,5,1,0,1,0,0,0,0,0,0,0,0,69560.0
a017977,2,0,0,0,0,0,0,0,0,0,0,0,0,0,0,0,0,0,0,0,0,0,1,0,0,0,0,0,0,0,0,0,0,0,0,0,0,0,0,0,0,0,0,0,0,0,0,0,0,0,1,0,0,0,0,0,0,1,40,7,3,2.0,2,6.0,2,1,4,4,4,4,3,6,5,2,1,1,1,0,0,0,0,0,0,0,82900.0
a004237,3,1,0,0,1,1,0,1,1,0,0,0,0,0,0,0,0,0,0,0,0,0,0,0,0,0,0,0,0,1,0,0,1,1,0,1,1,0,0,0,0,0,0,0,0,0,0,0,0,0,0,0,0,0,0,0,0,0,30,7,2,2.0,6,9.0,3,4,2,1,3,6,4,6,4,1,1,1,1,0,0,0,0,0,0,0,416570.0
a005864,2,0,0,0,0,0,0,0,0,0,0,0,0,0,0,0,0,0,0,0,0,0,0,0,0,0,0,0,1,0,0,0,0,0,0,0,0,0,0,0,0,0,0,0,0,0,0,0,0,0,0,0,0,0,0,0,1,1,20,7,5,2.0,4,11.0,2,2,3,1,2,1,3,6,1,1,0,0,1,1,0,1,0,0,0,0,44400.0
b007029,2,1,0,0,0,0,0,0,0,0,0,0,0,0,0,0,0,0,0,0,0,1,0,0,0,0,0,0,0,1,0,0,0,0,0,0,0,0,0,0,0,0,0,0,0,0,0,0,0,1,0,0,0,0,0,0,0,1,20,6,1,3.0,3,7.49660441426146,2,3,2,4,5,3,3,2,5,1,1,1,1,0,0,0,0,0,0,0,53500.0
a004698,3,0,0,1,0,1,0,0,0,0,0,0,0,1,0,0,0,0,0,0,0,1,0,0,1,0,0,0,0,0,0,1,0,1,0,0,0,0,0,0,0,1,0,0,0,0,0,0,0,1,0,0,1,0,0,0,0,1,30,6,1,3.0,4,7.49660441426146,3,1,1,4,2,4,2,3,7,1,1,1,0,0,0,0,0,1,0,0,731370.0
a011096,3,1,0,1,1,1,0,0,0,0,0,0,0,0,0,0,0,0,0,0,0,0,0,0,0,0,0,0,0,1,0,1,1,1,0,0,0,0,0,0,0,0,0,0,0,0,0,0,0,0,0,0,0,0,0,0,0,0,30,6,3,7.0,4,5.0,2,4,4,4,4,4,4,7,1,0,1,1,0,0,0,0,1,0,0,0,486306.0
b007922,2,0,0,0,0,0,0,0,0,0,0,0,0,0,0,0,0,0,0,0,0,0,0,0,0,0,1,0,0,0,0,0,0,0,0,0,0,0,0,0,0,0,0,0,0,0,0,0,0,0,0,0,0,0,1,0,0,0,30,6,1,13.0,1,7.49660441426146,3,5,3,5,5,3,5,4,4,0,1,1,0,0,0,1,0,0,0,0,63600.0
a000853,3,1,0,0,0,0,0,0,0,0,0,0,0,0,0,0,0,0,0,0,0,1,1,0,0,1,1,0,0,1,0,0,0,0,0,0,0,0,0,0,0,0,0,0,0,0,0,0,0,1,1,0,0,1,1,0,0,1,20,5,3,3.0,12,12.0,2,1,1,1,4,1,1,1,7,1,0,1,1,0,0,0,0,0,0,0,1761000.0
a002002,3,0,0,1,0,1,0,1,0,0,0,0,0,0,0,0,0,0,0,0,0,0,1,1,0,0,0,0,0,0,0,1,0,1,0,1,0,0,0,0,0,0,0,0,0,0,0,0,0,0,1,1,0,0,0,0,0,1,20,6,1,3.0,4,7.49660441426146,2,6,2,4,3,3,4,1,6,0,1,1,0,0,0,1,0,0,0,0,1234068.0
a004540,3,0,1,1,1,0,1,0,1,0,0,0,0,0,0,0,0,0,0,0,0,0,0,0,0,0,0,0,0,0,1,1,1,0,1,0,1,0,0,0,0,0,0,0,0,0,0,0,0,0,0,0,0,0,0,0,0,1,20,6,4,3.0,4,6.0,2,4,4,4,4,4,4,4,4,1,0,0,0,1,1,0,0,0,1,0,49000.0
a006286,2,0,0,0,0,0,0,0,0,0,0,1,0,0,0,0,0,0,0,0,0,0,0,0,0,0,0,0,0,0,0,0,0,0,0,0,0,0,0,1,0,0,0,0,0,0,0,0,0,0,0,0,0,0,0,0,0,0,40,6,3,2.0,9,9.0,2,2,1,2,1,1,4,1,7,2,0,0,1,0,0,0,1,1,0,0,44770.0
a005577,3,1,0,0,0,0,0,1,0,0,1,0,0,0,0,0,0,0,0,0,0,1,0,1,0,0,0,0,0,1,0,0,0,0,0,1,0,0,1,0,0,0,0,0,0,0,0,0,0,1,0,1,0,0,0,0,0,0,20,6,1,2.0,9,7.49660441426146,2,2,2,2,1,2,1,7,1,0,1,0,0,1,0,0,1,0,0,0,389220.0
a007622,2,1,0,1,0,1,1,1,0,1,0,0,0,0,0,0,0,0,0,0,0,0,1,0,0,0,0,0,0,1,0,1,0,1,1,1,0,1,0,0,0,0,0,0,0,0,0,0,0,0,1,0,0,0,0,0,0,0,20,6,3,3.0,6,12.0,2,3,3,4,2,5,4,4,4,1,0,1,1,0,0,0,1,0,0,0,19400.0
a000016,3,0,0,0,0,0,0,0,0,0,0,0,0,0,0,0,0,0,0,0,0,1,1,0,1,0,1,1,0,0,1,0,0,0,0,0,0,0,0,0,0,0,0,0,0,0,0,0,0,0,0,0,0,0,0,0,0,0,30,6,1,7.0,2,7.49660441426146,3,2,3,3,5,3,5,2,5,0,1,1,0,0,0,0,1,0,0,0,498400.0
a004311,2,1,0,0,0,0,0,0,0,0,0,0,0,0,0,0,0,0,0,0,0,0,0,0,0,0,0,0,0,1,0,0,0,0,0,0,0,0,0,0,0,0,0,0,0,0,0,0,0,0,0,0,0,0,0,0,0,0,30,8,2,3.0,12,12.0,3,3,5,5,1,4,6,5,5,1,1,1,0,0,0,0,0,0,0,1,289000.0
a017950,2,1,0,0,0,0,0,0,0,0,0,0,0,0,0,0,0,0,0,0,0,1,0,0,0,0,0,1,0,1,0,0,0,0,0,0,0,0,0,0,0,0,0,0,0,0,0,0,0,1,0,0,0,0,0,1,0,0,30,7,4,2.0,9,9.0,2,4,4,6,4,3,4,4,3,0,1,1,0,0,0,0,0,0,0,1,33900.0
a010053,2,1,1,1,1,0,0,0,0,0,0,0,0,0,0,0,0,0,0,0,0,0,1,0,0,0,0,0,0,1,1,1,1,0,0,0,0,0,0,0,0,0,0,0,0,0,0,0,0,0,1,0,0,0,0,0,0,0,30,7,3,3.0,5,6.0,3,2,4,2,3,5,4,2,4,2,1,1,1,0,0,0,0,0,0,0,452800.0
a018233,2,0,0,0,0,0,1,0,0,1,0,0,1,0,0,0,0,0,0,0,0,0,1,0,0,0,1,0,0,0,0,0,0,0,1,0,0,1,0,0,1,0,0,0,0,0,0,0,0,0,1,0,0,0,1,0,0,1,40,4,3,2.0,5,7.0,3,2,3,6,3,2,4,1,6,1,1,1,0,0,0,1,0,0,0,0,96000.0
c004837,3,0,0,0,1,0,0,1,0,1,0,0,0,0,0,0,0,0,0,0,0,0,0,0,0,0,0,0,0,0,0,0,1,0,0,1,0,1,0,0,0,0,0,0,0,0,0,0,0,0,0,0,0,0,0,0,0,0,30,4,1,2.0,4,7.49660441426146,2,3,1,4,3,2,3,6,5,1,1,1,1,0,0,0,0,0,0,0,855000.0
a003907,2,1,0,1,0,0,0,0,0,0,0,0,0,0,0,0,0,0,0,0,0,0,1,0,0,0,0,1,1,1,0,1,0,0,0,0,0,0,0,0,0,0,0,0,0,0,0,0,0,0,1,0,0,0,0,1,1,0,60,4,3,9.0,3,6.0,3,1,4,4,5,5,6,5,5,2,0,1,1,0,0,1,0,0,0,0,26800.0
a003223,3,1,1,1,1,0,0,0,0,1,0,0,0,0,0,0,0,0,0,0,0,0,0,0,0,0,0,0,0,1,1,1,1,0,0,0,0,1,0,0,0,0,0,0,0,0,0,0,0,0,0,0,0,0,0,0,0,0,20,6,1,2.0,5,7.49660441426146,3,1,1,1,1,1,5,3,1,0,0,1,0,0,0,1,0,1,0,0,358250.0
a004271,2,1,0,0,0,0,0,0,0,0,0,0,0,0,0,0,0,0,0,0,0,0,1,0,0,0,0,0,0,1,0,0,0,0,0,0,0,0,0,0,0,0,0,0,0,0,0,0,0,0,1,0,0,0,0,0,0,1,20,6,4,12.0,1,6.0,2,5,4,4,3,3,5,6,4,1,0,1,1,0,0,0,0,0,1,0,117700.0
a000562,3,1,0,1,1,0,0,0,0,0,0,0,0,0,0,0,0,0,0,0,0,1,0,0,0,0,0,0,0,1,0,1,1,0,0,0,0,0,0,0,0,0,0,0,0,0,0,0,0,1,0,0,0,0,0,0,0,1,50,6,2,2.0,4,4.0,2,2,7,6,4,2,7,3,2,2,1,0,0,0,0,0,0,1,0,1,131008.0
a007270,2,0,0,0,1,0,0,0,0,0,0,0,1,0,0,0,0,0,0,0,0,0,1,0,0,0,0,0,0,0,0,0,1,0,0,0,0,0,0,0,1,0,0,0,0,0,0,0,0,0,1,0,0,0,0,0,0,0,30,6,3,2.0,4,8.0,2,2,2,2,4,5,4,6,5,0,0,0,0,0,0,1,1,1,0,0,23500.0
a005715,2,0,0,1,1,0,0,0,0,0,0,0,0,0,0,0,0,0,0,0,0,0,1,0,0,0,0,0,0,0,0,1,1,0,0,0,0,0,0,0,0,0,0,0,0,0,0,0,0,0,1,0,0,0,0,0,0,1,30,5,1,2.0,6,7.49660441426146,3,4,3,2,3,5,3,2,6,1,1,0,0,0,0,0,1,1,0,0,50000.0
a005243,2,0,1,1,1,0,0,0,0,0,0,0,0,0,0,0,0,0,0,0,0,0,0,0,1,0,0,0,1,0,1,1,1,0,0,0,0,0,0,0,0,0,0,0,0,0,0,0,0,0,0,0,1,0,0,0,1,1,30,6,1,2.0,4,7.49660441426146,2,4,4,4,4,4,4,4,4,1,1,1,0,0,0,0,1,0,0,0,76700.0
a017784,2,1,0,0,0,0,0,0,0,0,0,0,0,0,0,0,0,0,0,0,0,1,1,0,0,0,0,0,0,1,0,0,0,0,0,0,0,0,0,0,0,0,0,0,0,0,0,0,0,1,1,0,0,0,0,0,0,1,20,6,4,3.0,6,8.0,2,2,2,2,3,2,3,6,5,1,1,0,1,0,0,0,0,0,0,1,772300.0
a003397,4,0,0,1,0,0,0,0,0,0,0,0,0,0,0,0,0,0,0,0,0,1,0,0,0,0,0,1,0,0,0,1,0,0,0,0,0,0,0,0,0,0,0,0,0,0,0,0,0,1,0,0,0,0,0,1,0,0,30,6,3,2.0,4,4.0,2,2,2,3,2,2,2,3,4,1,1,1,1,0,0,0,0,0,0,0,993854.0
a006675,2,1,0,0,0,0,0,0,0,0,0,0,0,0,0,0,0,0,0,0,0,0,1,0,0,0,1,0,0,1,0,0,0,0,0,0,0,0,0,0,0,0,0,0,0,0,0,0,0,0,1,0,0,0,1,0,0,1,20,5,3,3.0,4,11.0,2,5,1,5,5,1,5,6,2,1,0,0,1,0,0,0,0,0,0,0,190400.0
a005212,2,0,0,1,0,0,0,0,0,1,0,0,0,0,0,0,0,0,0,0,0,0,0,0,1,0,1,0,0,0,0,1,0,0,0,0,0,1,0,0,0,0,0,0,0,0,0,0,0,0,0,0,1,0,1,0,0,0,40,6,3,3.0,4,5.0,2,2,3,1,4,5,3,1,5,2,1,1,1,0,0,0,0,0,0,0,234300.0
a006295,2,1,0,0,0,0,0,0,0,0,0,0,0,0,0,0,0,0,0,0,0,0,1,0,0,0,1,0,0,1,0,0,0,0,0,0,0,0,0,0,0,0,0,0,0,0,0,0,0,0,1,0,0,0,1,0,0,0,20,6,1,12.0,1,7.49660441426146,2,7,1,5,1,7,7,1,7,1,1,0,1,0,1,0,0,0,0,0,12000.0
a017971,2,0,0,1,0,0,0,0,0,0,0,0,0,0,0,0,0,0,0,0,0,0,0,0,0,0,0,0,0,0,0,1,0,0,0,0,0,0,0,0,0,0,0,0,0,0,0,0,0,0,0,0,0,0,0,0,0,0,40,5,3,2.0,3,6.0,2,4,6,4,3,2,6,6,6,2,0,1,1,0,0,0,0,1,0,0,100928.0
a007395,2,0,0,0,0,0,0,0,0,0,0,0,0,0,0,0,0,0,0,0,0,0,0,0,0,0,0,0,1,0,0,0,0,0,0,0,0,0,0,0,0,0,0,0,0,0,0,0,0,0,0,0,0,0,0,0,1,0,60,5,1,9.0,4,7.49660441426146,2,2,3,1,4,5,3,2,5,1,0,1,1,1,0,0,0,0,0,0,20000.0
b000086,3,0,0,0,0,0,0,0,1,0,0,0,0,0,0,0,0,0,0,0,0,0,0,0,0,0,0,0,0,0,0,0,0,0,0,0,1,0,0,0,0,0,0,0,0,0,0,0,0,0,0,0,0,0,0,0,0,0,40,5,3,2.0,5,8.0,2,4,1,1,1,1,5,5,6,4,0,1,1,0,0,0,1,0,0,0,574500.0
a005768,3,0,1,0,0,0,0,0,0,0,0,0,0,0,0,0,0,0,0,0,0,1,1,0,1,0,0,1,0,0,1,0,0,0,0,0,0,0,0,0,0,0,0,0,0,0,0,0,0,1,1,0,1,0,0,1,0,0,20,5,4,9.0,4,9.0,2,4,2,2,5,4,2,2,5,1,0,1,1,0,0,0,1,0,0,0,401900.0
a003556,2,1,0,0,0,0,1,0,0,0,0,0,0,0,0,0,0,0,0,0,0,0,0,0,0,0,0,0,0,1,0,0,0,0,1,0,0,0,0,0,0,0,0,0,0,0,0,0,0,0,0,0,0,0,0,0,0,1,30,6,4,2.0,5,10.0,1,6,3,6,6,6,2,6,7,0,1,0,0,0,0,0,1,1,0,0,1210550.0
a014965,3,1,1,1,1,0,1,0,0,0,0,0,0,0,0,0,0,0,0,0,0,0,0,0,0,0,0,0,0,1,1,1,1,0,1,0,0,0,0,0,0,0,0,0,0,0,0,0,0,0,0,0,0,0,0,0,0,1,30,6,4,12.0,2,9.0,2,5,5,5,6,6,6,5,2,1,0,0,1,0,1,0,1,0,0,0,159300.0
a006813,2,0,1,0,0,0,0,0,0,0,0,0,0,0,0,0,0,0,0,0,0,0,0,0,0,0,0,0,0,0,1,0,0,0,0,0,0,0,0,0,0,0,0,0,0,0,0,0,0,0,0,0,0,0,0,0,0,1,30,6,3,3.0,5,8.0,3,4,3,3,4,3,3,3,5,2,1,0,1,0,0,0,0,1,0,0,134600.0
a001390,3,0,0,1,0,0,1,0,0,0,0,0,0,0,0,0,0,0,0,0,0,0,1,1,0,0,0,0,0,0,0,1,0,0,1,0,0,0,0,0,0,0,0,0,0,0,0,0,0,0,1,1,0,0,0,0,0,1,20,6,1,3.0,4,7.49660441426146,3,2,1,4,1,1,5,6,6,1,1,0,1,0,0,0,0,1,0,0,461000.0
a017913,2,1,1,1,0,0,1,0,0,0,0,1,0,0,0,0,0,0,0,0,0,1,1,0,1,0,1,0,0,1,1,1,0,0,1,0,0,0,0,1,0,0,0,0,0,0,0,0,0,1,1,0,1,0,1,0,0,1,60,4,2,11.0,1,3.0,3,3,7,5,3,3,4,3,3,0,1,1,0,0,0,1,0,0,0,0,57520.0
a003028,2,1,1,0,0,1,0,0,0,0,0,1,0,0,0,0,0,0,0,0,0,0,0,0,1,0,0,0,0,1,1,0,0,1,0,0,0,0,0,1,0,0,0,0,0,0,0,0,0,0,0,0,1,0,0,0,0,1,30,6,2,3.0,4,4.0,2,4,3,3,4,3,4,4,4,1,1,0,0,0,1,0,1,0,0,0,239200.0
a007441,2,0,1,0,0,0,0,0,0,0,0,0,0,0,0,0,0,0,0,0,0,0,0,0,0,0,0,0,1,0,1,0,0,0,0,0,0,0,0,0,0,0,0,0,0,0,0,0,0,0,0,0,0,0,0,0,1,0,40,4,1,13.0,1,7.49660441426146,2,1,4,7,7,7,1,4,4,0,1,0,0,0,0,1,0,1,0,0,9000.0
a009550,4,0,0,0,0,0,0,0,0,0,0,0,0,0,0,0,0,0,0,0,0,1,0,0,1,0,0,0,0,0,0,0,0,0,0,0,0,0,0,0,0,0,0,0,0,0,0,0,0,1,0,0,1,0,0,0,0,0,50,6,1,4.0,3,7.49660441426146,3,6,2,2,4,5,3,3,3,0,1,0,0,1,0,0,1,0,0,0,202050.0
a001674,3,0,0,0,0,0,1,0,0,0,0,0,0,0,0,0,0,0,0,0,0,0,0,1,1,0,0,0,0,0,0,0,0,0,1,0,0,0,0,0,0,0,0,0,0,0,0,0,0,0,0,1,1,0,0,0,0,1,30,5,2,3.0,2,3.0,3,5,2,1,1,1,4,6,7,0,0,1,0,0,0,1,1,0,0,0,639600.0
a017968,2,0,0,1,0,0,1,0,0,0,0,0,0,0,0,0,0,0,0,0,0,1,0,0,0,0,0,0,0,0,0,1,0,0,1,0,0,0,0,0,0,0,0,0,0,0,0,0,0,1,0,0,0,0,0,0,0,0,40,7,3,3.0,6,6.0,3,3,2,1,2,4,3,3,6,1,1,1,0,0,0,0,0,1,0,0,122600.0
a002321,2,0,1,0,0,0,1,0,0,0,0,0,0,0,0,0,0,0,0,0,0,0,1,0,0,0,0,0,0,0,1,0,0,0,1,0,0,0,0,0,0,0,0,0,0,0,0,0,0,0,1,0,0,0,0,0,0,1,20,6,3,3.0,4,8.0,3,2,2,2,3,4,2,5,3,0,1,1,0,0,0,0,1,0,0,0,271500.0
a006023,2,0,1,0,0,0,0,0,0,0,0,0,0,0,0,0,0,0,0,0,0,1,0,0,0,0,0,0,0,0,1,0,0,0,0,0,0,0,0,0,0,0,0,0,0,0,0,0,0,1,0,0,0,0,0,0,0,0,40,7,3,3.0,6,9.0,2,1,1,2,2,1,5,5,2,2,0,1,1,0,0,0,0,0,0,1,157600.0
a001734,3,1,1,0,0,0,1,0,0,0,0,0,0,0,0,0,0,0,0,0,0,1,1,0,0,0,0,0,0,1,1,0,0,0,1,0,0,0,0,0,0,0,0,0,0,0,0,0,0,1,1,0,0,0,0,0,0,1,20,6,1,3.0,4,7.49660441426146,3,2,2,2,5,5,2,6,4,1,1,1,0,0,0,0,1,0,0,0,731289.0
a005207,2,0,0,1,1,0,0,0,0,1,0,1,0,0,0,0,0,0,0,0,0,1,0,0,0,0,0,0,0,0,0,1,1,0,0,0,0,1,0,1,0,0,0,0,0,0,0,0,0,1,0,0,0,0,0,0,0,1,60,6,3,2.0,3,5.0,2,2,1,2,2,2,2,2,2,1,0,0,0,0,0,1,1,1,0,0,46500.0
a014536,4,0,1,0,1,0,1,1,0,0,0,0,0,0,0,0,0,0,0,0,0,0,0,0,0,0,0,0,1,0,1,0,1,0,1,1,0,0,0,0,0,0,0,0,0,0,0,0,0,0,0,0,0,0,0,0,1,0,30,7,1,4.0,5,7.49660441426146,2,4,2,6,6,2,3,7,6,0,1,0,0,1,0,1,0,0,0,0,347816.0
a001549,2,1,1,0,0,0,1,0,0,0,0,0,1,0,0,0,0,0,0,0,0,0,1,0,0,0,0,0,0,1,1,0,0,0,1,0,0,0,0,0,1,0,0,0,0,0,0,0,0,0,1,0,0,0,0,0,0,1,20,6,4,5.0,2,6.0,2,3,1,1,3,4,1,6,5,1,1,0,1,0,0,0,0,0,1,0,642800.0
b006925,2,0,0,0,0,0,0,0,0,1,0,0,0,0,0,0,0,0,0,0,0,1,1,0,0,0,0,0,1,0,0,0,0,0,0,0,0,1,0,0,0,0,0,0,0,0,0,0,0,1,1,0,0,0,0,0,1,1,30,6,3,2.0,5,8.0,2,3,2,2,4,5,4,5,3,4,1,1,1,0,0,0,0,0,0,0,112000.0
d000562,3,0,1,0,0,0,0,0,0,0,0,0,0,0,0,0,0,0,0,0,0,0,1,1,1,0,0,1,0,0,1,0,0,0,0,0,0,0,0,0,0,0,0,0,0,0,0,0,0,0,1,1,1,0,0,1,0,1,20,6,1,3.0,4,7.49660441426146,3,1,1,1,1,2,6,7,7,0,1,1,0,1,0,0,0,0,0,0,299702.0
a003316,4,0,0,0,0,1,0,0,1,0,0,0,0,0,0,0,0,0,0,0,0,0,1,0,0,0,1,1,0,0,0,0,0,1,0,0,1,0,0,0,0,0,0,0,0,0,0,0,0,0,1,0,0,0,1,1,0,1,30,5,2,4.0,5,9.0,2,2,1,3,2,4,1,2,6,1,0,1,1,0,1,0,0,0,0,0,1672920.0
a005316,2,1,1,0,0,0,0,0,0,0,0,0,1,0,0,0,0,0,0,0,0,1,1,0,0,0,0,0,0,1,1,0,0,0,0,0,0,0,0,0,1,0,0,0,0,0,0,0,0,1,1,0,0,0,0,0,0,0,30,6,1,3.0,6,7.49660441426146,3,4,4,2,3,3,2,4,2,0,1,1,0,0,0,0,1,0,0,0,68000.0
a001502,3,0,0,0,0,0,1,0,0,0,0,0,1,0,0,0,0,0,0,0,0,0,1,0,0,0,1,0,0,0,0,0,0,0,1,0,0,0,0,0,1,0,0,0,0,0,0,0,0,0,1,0,0,0,1,0,0,1,20,6,2,2.0,4,6.0,3,6,2,1,3,6,4,1,7,0,0,0,0,1,1,0,0,1,0,0,441000.0
a003069,3,1,0,1,0,0,0,0,0,1,0,1,0,0,0,0,0,0,0,0,0,0,1,0,0,0,0,0,0,1,0,1,0,0,0,0,0,1,0,1,0,0,0,0,0,0,0,0,0,0,1,0,0,0,0,0,0,1,30,6,3,3.0,4,6.0,3,1,1,3,4,2,2,2,6,3,1,0,1,0,0,0,0,1,0,0,204000.0
a007656,2,0,0,0,1,0,0,0,0,0,0,0,0,0,0,0,0,0,0,0,0,0,1,1,0,0,0,0,0,0,0,0,1,0,0,0,0,0,0,0,0,0,0,0,0,0,0,0,0,0,1,1,0,0,0,0,0,0,30,6,1,2.0,5,7.49660441426146,3,4,2,2,3,3,2,5,4,0,1,1,0,0,0,0,1,0,0,0,348000.0
a003090,3,1,1,0,0,1,1,0,0,0,0,0,0,0,0,0,0,0,0,0,0,0,0,1,0,0,0,0,0,1,1,0,0,1,1,0,0,0,0,0,0,0,0,0,0,0,0,0,0,0,0,1,0,0,0,0,0,1,20,4,4,12.0,1,6.0,3,3,2,2,4,4,5,6,5,1,1,1,0,1,0,0,0,0,0,0,701500.0
b006540,2,1,0,0,1,0,1,0,0,1,0,0,0,0,0,0,0,0,0,0,0,1,0,0,1,0,0,1,0,1,0,0,1,0,1,0,0,1,0,0,0,0,0,0,0,0,0,0,0,1,0,0,1,0,0,1,0,1,30,6,3,2.0,9,12.0,3,4,1,4,1,1,1,5,1,0,1,1,0,0,0,1,0,0,0,0,134520.0
a017280,3,1,1,1,1,0,1,0,0,0,0,0,0,0,0,0,0,0,0,0,0,0,0,0,0,0,0,0,0,1,1,1,1,0,1,0,0,0,0,0,0,0,0,0,0,0,0,0,0,0,0,0,0,0,0,0,0,1,20,6,4,2.0,5,11.0,2,3,1,3,2,6,4,1,7,1,1,0,1,0,0,0,1,0,0,0,1510300.0
a014216,2,1,0,1,0,0,0,0,0,0,0,0,0,0,0,0,0,0,0,0,0,0,0,0,0,0,0,0,0,1,0,1,0,0,0,0,0,0,0,0,0,0,0,0,0,0,0,0,0,0,0,0,0,0,0,0,0,1,30,5,1,3.0,2,7.49660441426146,4,4,4,2,1,4,6,5,3,0,1,1,0,0,0,0,0,0,0,0,10500.0
a012199,2,0,0,0,0,0,0,0,0,0,0,0,0,0,0,0,0,0,0,0,0,0,1,0,0,0,1,0,0,0,0,0,0,0,0,0,0,0,0,0,0,0,0,0,0,0,0,0,0,0,1,0,0,0,1,0,0,1,20,6,5,3.0,4,12.0,3,5,2,5,2,2,5,2,3,1,1,0,1,0,0,0,0,0,0,0,73000.0
a004251,4,1,0,0,0,0,0,0,0,0,0,0,0,0,0,0,0,0,0,0,0,0,1,1,0,0,0,0,0,1,0,0,0,0,0,0,0,0,0,0,0,0,0,0,0,0,0,0,0,0,1,1,0,0,0,0,0,1,20,4,2,12.0,2,3.0,1,7,1,1,3,7,7,7,7,0,0,1,0,0,1,0,1,0,0,0,129000.0
a006653,2,1,0,0,1,0,0,0,0,1,0,0,0,0,0,0,0,0,0,0,0,0,1,1,0,0,0,0,0,1,0,0,1,0,0,0,0,1,0,0,0,0,0,0,0,0,0,0,0,0,1,1,0,0,0,0,0,1,20,5,1,2.0,4,7.49660441426146,2,2,2,1,4,4,4,2,6,0,1,0,0,0,0,0,1,0,0,0,406300.0
a002290,3,1,0,1,1,0,0,0,0,0,0,0,0,0,0,0,0,0,0,0,0,0,0,0,0,0,1,0,0,1,0,1,1,0,0,0,0,0,0,0,0,0,0,0,0,0,0,0,0,0,0,0,0,0,1,0,0,1,30,6,2,11.0,2,5.0,3,3,4,2,4,6,6,2,3,1,0,1,1,0,0,0,0,1,0,0,136000.0
a001473,2,1,0,0,1,0,0,0,0,0,0,0,0,0,0,0,0,0,0,0,0,1,0,0,1,0,1,0,0,1,0,0,1,0,0,0,0,0,0,0,0,0,0,0,0,0,0,0,0,1,0,0,1,0,1,0,0,1,60,6,3,2.0,3,7.0,3,2,2,2,1,1,5,2,3,1,1,1,1,0,0,0,0,0,0,0,61200.0
a005660,2,1,1,0,0,0,0,0,0,0,0,0,0,0,0,0,0,0,0,0,0,0,0,0,0,0,0,0,0,1,1,0,0,0,0,0,0,0,0,0,0,0,0,0,0,0,0,0,0,0,0,0,0,0,0,0,0,0,40,6,4,3.0,7,7.0,2,1,4,6,3,6,6,3,6,3,1,1,1,0,0,0,0,0,0,0,89800.0
a003433,2,1,0,0,0,0,0,0,0,0,0,0,0,0,0,0,0,0,0,0,0,0,1,0,0,0,0,0,0,1,0,0,0,0,0,0,0,0,0,0,0,0,0,0,0,0,0,0,0,0,1,0,0,0,0,0,0,1,50,4,4,4.0,4,5.0,3,5,5,5,5,5,5,4,6,1,1,1,1,0,0,0,0,0,0,0,137500.0
a007615,2,0,1,0,0,0,0,0,0,0,0,0,0,0,0,0,0,0,0,0,0,1,1,0,0,0,0,0,0,0,1,0,0,0,0,0,0,0,0,0,0,0,0,0,0,0,0,0,0,1,1,0,0,0,0,0,0,0,30,6,1,3.0,4,7.49660441426146,3,3,2,2,2,6,5,1,2,1,1,1,1,0,0,0,0,0,0,0,240300.0
a003665,2,0,0,0,0,0,0,0,0,0,0,0,0,0,0,0,0,0,0,0,0,0,1,0,0,0,1,0,0,0,0,0,0,0,0,0,0,0,0,0,0,0,0,0,0,0,0,0,0,0,1,0,0,0,1,0,0,1,20,6,2,3.0,3,4.0,2,4,5,3,6,2,4,5,5,0,1,0,0,0,1,0,0,0,0,1,11150.0
a000427,3,0,0,0,0,0,0,0,1,0,0,0,0,0,0,0,0,0,0,0,0,0,0,0,0,0,0,0,1,0,0,0,0,0,0,0,1,0,0,0,0,0,0,0,0,0,0,0,0,0,0,0,0,0,0,0,1,0,50,8,1,2.0,12,7.49660441426146,2,1,2,4,4,1,1,2,6,0,1,1,0,0,0,1,0,0,0,0,68310.0
a005682,2,0,0,1,0,0,0,0,0,0,0,0,0,0,0,0,0,0,0,0,0,1,1,0,0,0,0,0,0,0,0,1,0,0,0,0,0,0,0,0,0,0,0,0,0,0,0,0,0,1,1,0,0,0,0,0,0,1,50,6,2,1.0,5,10.0,3,3,3,3,3,3,3,3,5,1,1,1,1,0,0,0,0,0,0,0,40500.0
a006518,2,0,1,1,0,0,1,0,0,0,0,0,0,1,0,0,0,0,0,0,0,0,0,0,0,0,1,0,0,0,1,1,0,0,1,0,0,0,0,0,0,1,0,0,0,0,0,0,0,0,0,0,0,0,1,0,0,1,20,6,1,2.0,4,7.49660441426146,3,5,5,5,3,5,3,6,6,0,1,1,0,1,0,0,0,0,0,0,124890.0
a007764,2,1,1,0,0,0,1,0,0,0,1,1,0,0,0,0,0,0,0,0,0,0,0,0,0,0,0,0,0,1,1,0,0,0,1,0,0,0,1,1,0,0,0,0,0,0,0,0,0,0,0,0,0,0,0,0,0,1,20,7,1,3.0,3,7.49660441426146,3,2,4,3,5,5,1,3,7,0,1,1,0,0,0,0,1,0,0,0,167000.0
a006239,2,0,1,0,0,0,1,0,0,1,0,0,0,0,0,0,0,0,0,0,0,0,1,0,0,0,0,1,0,0,1,0,0,0,1,0,0,1,0,0,0,0,0,0,0,0,0,0,0,0,1,0,0,0,0,1,0,1,40,6,5,2.0,6,10.0,2,7,7,1,7,7,7,7,7,4,1,0,1,0,1,0,0,0,0,0,29500.0
a006967,2,1,0,0,1,0,0,0,0,0,0,0,0,0,0,0,0,0,0,0,0,1,1,0,1,0,1,0,0,1,0,0,1,0,0,0,0,0,0,0,0,0,0,0,0,0,0,0,0,1,1,0,1,0,1,0,0,1,30,7,4,2.0,1,10.0,2,5,3,5,2,4,2,1,5,1,1,0,1,0,1,0,0,0,0,0,382100.0
a006423,2,1,0,0,1,0,0,0,0,0,0,0,0,0,0,0,0,0,0,0,0,0,0,0,0,0,0,0,0,1,0,0,1,0,0,0,0,0,0,0,0,0,0,0,0,0,0,0,0,0,0,0,0,0,0,0,0,0,40,6,4,2.0,1,3.0,3,5,5,4,3,2,3,4,4,1,0,1,1,0,0,0,1,0,0,0,83600.0
a012450,2,0,0,0,1,0,0,0,0,0,0,0,0,0,0,0,0,0,0,0,0,0,1,0,0,0,0,0,1,0,0,0,1,0,0,0,0,0,0,0,0,0,0,0,0,0,0,0,0,0,1,0,0,0,0,0,1,1,60,4,3,4.0,4,9.0,2,2,4,2,2,4,6,5,4,1,1,1,0,0,0,1,0,0,0,0,74700.0
a018053,2,1,0,1,0,0,0,0,0,0,0,0,0,0,0,0,0,0,0,0,0,0,0,0,0,0,0,0,0,1,0,1,0,0,0,0,0,0,0,0,0,0,0,0,0,0,0,0,0,0,0,0,0,0,0,0,0,0,60,6,3,3.0,3,6.0,3,3,4,3,4,4,4,6,4,1,1,0,1,0,0,0,1,0,0,0,46680.0
a005645,2,1,0,0,1,0,0,0,0,0,0,0,0,0,0,0,0,0,0,0,0,0,0,0,0,0,0,0,0,1,0,0,1,0,0,0,0,0,0,0,0,0,0,0,0,0,0,0,0,0,0,0,0,0,0,0,0,0,30,7,1,2.0,5,7.49660441426146,2,2,1,2,3,2,1,6,1,0,1,0,0,1,0,0,1,0,0,0,47100.0
a005129,2,1,1,0,1,0,0,0,0,0,0,0,0,0,0,0,0,0,0,0,0,0,0,0,0,0,0,0,0,1,1,0,1,0,0,0,0,0,0,0,0,0,0,0,0,0,0,0,0,0,0,0,0,0,0,0,0,1,20,6,4,3.0,6,7.0,3,2,2,5,5,3,5,2,5,3,1,0,1,0,0,0,1,0,0,0,1770200.0
a000910,3,0,0,0,0,0,0,0,0,0,0,0,0,0,0,0,0,0,0,0,0,0,0,0,0,0,1,0,0,0,0,0,0,0,0,0,0,0,0,0,0,0,0,0,0,0,0,0,0,0,0,0,0,0,1,0,0,0,50,6,4,3.0,7,7.0,3,3,4,3,2,3,3,2,6,3,1,1,1,0,0,0,0,0,0,0,284000.0
b001071,4,0,1,0,1,0,1,0,0,0,0,0,0,0,0,0,0,0,0,0,0,1,0,0,0,0,1,0,0,0,1,0,1,0,1,0,0,0,0,0,0,0,0,0,0,0,0,0,0,1,0,0,0,0,1,0,0,1,30,6,4,3.0,6,11.0,1,3,6,6,2,6,2,2,5,3,1,0,1,0,0,0,1,0,0,0,1599400.0
a006024,2,1,1,0,0,0,1,0,0,0,0,1,0,0,0,0,0,0,0,0,0,0,1,0,0,0,0,0,0,1,1,0,0,0,1,0,0,0,0,1,0,0,0,0,0,0,0,0,0,0,1,0,0,0,0,0,0,1,30,4,3,11.0,1,8.0,3,1,3,1,4,4,2,1,7,2,1,0,1,0,0,0,1,0,0,0,67200.0
a008017,2,0,0,0,1,0,0,0,0,0,0,0,0,0,0,0,0,0,0,0,0,0,1,0,0,0,0,0,0,0,0,0,1,0,0,0,0,0,0,0,0,0,0,0,0,0,0,0,0,0,1,0,0,0,0,0,0,0,20,6,5,13.0,1,8.0,2,1,6,2,5,7,3,5,7,0,1,1,0,0,1,0,0,0,0,0,19350.0
a018192,2,1,0,0,0,0,0,0,0,0,0,0,0,0,0,0,0,0,0,0,0,0,0,0,0,0,0,0,0,1,0,0,0,0,0,0,0,0,0,0,0,0,0,0,0,0,0,0,0,0,0,0,0,0,0,0,0,1,40,6,3,11.0,1,4.0,3,3,2,3,4,5,4,5,6,1,1,1,0,0,0,0,1,0,0,0,42000.0
a007591,2,1,0,0,1,0,1,0,0,0,0,0,0,0,0,0,0,0,0,0,0,0,1,0,0,0,0,0,0,1,0,0,1,0,1,0,0,0,0,0,0,0,0,0,0,0,0,0,0,0,1,0,0,0,0,0,0,1,20,6,5,3.0,4,8.0,2,6,1,6,3,6,1,1,7,1,1,0,1,0,1,0,0,0,0,0,89900.0
a004894,2,1,1,1,1,0,0,0,0,0,0,0,0,0,0,0,0,0,0,0,0,0,1,0,0,0,0,0,0,1,1,1,1,0,0,0,0,0,0,0,0,0,0,0,0,0,0,0,0,0,1,0,0,0,0,0,0,1,20,6,3,5.0,1,4.0,2,3,2,2,2,4,4,3,4,2,1,0,1,0,0,0,1,0,0,0,136000.0
a001791,2,0,0,1,0,0,0,0,0,0,0,0,0,1,0,0,0,0,0,0,0,1,1,0,0,0,0,0,1,0,0,1,0,0,0,0,0,0,0,0,0,1,0,0,0,0,0,0,0,1,1,0,0,0,0,0,1,1,40,4,4,5.0,7,11.0,2,1,1,1,1,4,1,1,4,1,0,1,0,0,0,0,1,1,0,0,132000.0
a003656,3,1,0,0,1,0,0,0,0,0,0,0,0,0,0,0,0,0,0,0,0,0,0,1,0,0,0,1,0,1,0,0,1,0,0,0,0,0,0,0,0,0,0,0,0,0,0,0,0,0,0,1,0,0,0,1,0,1,30,6,2,3.0,5,5.0,2,4,5,2,2,3,4,2,6,1,1,0,1,0,0,1,0,0,0,0,565500.0
a006633,2,0,0,1,0,0,0,0,0,1,0,0,0,0,0,0,0,0,0,0,0,0,0,0,0,0,0,0,0,0,0,1,0,0,0,0,0,1,0,0,0,0,0,0,0,0,0,0,0,0,0,0,0,0,0,0,0,0,30,6,3,3.0,5,10.0,2,4,4,2,4,4,1,2,2,0,0,0,0,1,0,0,1,1,0,0,7200.0
a006165,3,1,1,0,0,0,1,0,0,0,0,0,1,0,0,0,0,0,0,0,0,0,0,1,0,0,0,0,0,1,1,0,0,0,1,0,0,0,0,0,1,0,0,0,0,0,0,0,0,0,0,1,0,0,0,0,0,0,30,6,1,3.0,4,7.49660441426146,2,5,2,2,4,7,6,6,3,0,1,0,0,0,0,0,1,1,0,0,232900.0
a004509,3,0,1,0,1,0,0,0,0,1,0,0,0,0,0,0,0,0,0,0,0,0,1,0,0,0,0,0,0,0,1,0,1,0,0,0,0,1,0,0,0,0,0,0,0,0,0,0,0,0,1,0,0,0,0,0,0,1,50,6,3,4.0,5,10.0,2,1,4,4,1,1,7,1,7,2,1,0,1,0,0,1,0,0,0,0,350400.0
a017516,2,1,0,0,0,0,1,0,0,0,0,0,0,0,0,0,0,0,0,0,0,0,1,0,0,0,1,0,0,1,0,0,0,0,1,0,0,0,0,0,0,0,0,0,0,0,0,0,0,0,1,0,0,0,1,0,0,1,50,4,2,4.0,4,5.0,2,1,1,2,3,5,2,2,6,1,1,1,1,0,0,0,0,0,0,0,100560.0
a001894,2,1,0,0,1,0,0,0,0,0,0,0,0,0,0,0,0,0,0,0,0,1,1,0,0,0,0,0,0,1,0,0,1,0,0,0,0,0,0,0,0,0,0,0,0,0,0,0,0,1,1,0,0,0,0,0,0,1,30,6,1,2.0,5,7.49660441426146,3,3,4,4,2,3,4,6,4,0,1,0,0,0,0,0,1,0,0,1,93200.0
a006149,2,0,0,0,0,0,0,1,0,0,0,0,0,0,0,0,0,0,0,0,0,1,1,0,0,0,1,0,0,0,0,0,0,0,0,1,0,0,0,0,0,0,0,0,0,0,0,0,0,1,1,0,0,0,1,0,0,1,30,6,2,3.0,4,8.0,2,3,4,3,4,3,5,3,5,1,1,0,1,0,0,0,1,0,0,0,110100.0
a006014,2,0,1,0,0,0,0,0,0,0,0,0,0,0,0,0,0,0,0,0,0,0,1,0,0,0,0,0,0,0,1,0,0,0,0,0,0,0,0,0,0,0,0,0,0,0,0,0,0,0,1,0,0,0,0,0,0,1,60,6,4,4.0,4,4.0,2,2,6,1,3,4,2,6,7,6,1,0,0,0,1,0,1,0,0,0,147000.0
a000538,3,0,0,0,0,0,1,0,0,0,1,0,0,0,0,0,0,0,0,0,0,1,0,1,0,0,0,0,0,0,0,0,0,0,1,0,0,0,1,0,0,0,0,0,0,0,0,0,0,1,0,1,0,0,0,0,0,1,30,7,3,2.0,2,4.0,2,4,4,3,4,4,3,5,6,1,1,1,1,0,0,0,0,0,0,0,1248700.0
a007668,2,1,0,0,1,1,1,0,0,1,0,0,0,0,0,0,0,0,0,0,0,0,0,0,0,0,0,0,0,1,0,0,1,1,1,0,0,1,0,0,0,0,0,0,0,0,0,0,0,0,0,0,0,0,0,0,0,0,40,7,2,2.0,8,12.0,2,4,5,5,6,6,6,6,1,1,1,1,1,0,0,0,0,0,0,0,333773.0
a013850,3,1,1,0,0,1,1,0,0,1,0,0,0,0,0,0,0,0,0,0,0,0,0,0,0,0,0,0,0,1,1,0,0,1,1,0,0,1,0,0,0,0,0,0,0,0,0,0,0,0,0,0,0,0,0,0,0,1,30,5,2,3.0,4,4.0,3,5,2,6,3,2,3,3,4,1,1,1,1,0,0,0,0,0,0,0,549300.0
a006841,2,1,0,1,1,0,1,0,0,0,0,1,0,0,0,0,0,0,0,0,0,0,0,0,0,0,0,0,0,1,0,1,1,0,1,0,0,0,0,1,0,0,0,0,0,0,0,0,0,0,0,0,0,0,0,0,0,1,30,6,1,1.0,5,7.49660441426146,3,6,6,1,4,6,3,3,3,0,1,1,0,0,0,0,0,1,0,0,58100.0
a014196,2,0,1,0,0,0,0,0,0,0,0,0,0,0,0,0,0,0,0,0,0,1,1,0,0,0,1,0,0,0,1,0,0,0,0,0,0,0,0,0,0,0,0,0,0,0,0,0,0,1,1,0,0,0,1,0,0,1,40,5,4,3.0,4,8.0,2,4,1,7,1,4,1,6,6,3,0,0,0,0,0,0,0,0,0,1,136000.0
a003060,3,0,0,0,1,0,0,1,0,1,0,0,0,0,0,0,0,0,0,0,0,0,1,0,0,0,0,0,0,0,0,0,1,0,0,1,0,1,0,0,0,0,0,0,0,0,0,0,0,0,1,0,0,0,0,0,0,0,50,7,4,13.0,3,3.0,3,6,6,6,4,6,4,4,3,3,1,1,1,0,0,0,0,0,0,0,423500.0
a006029,2,1,1,0,1,0,0,0,0,0,0,0,0,0,0,0,0,0,0,0,0,0,0,0,0,0,0,0,0,1,1,0,1,0,0,0,0,0,0,0,0,0,0,0,0,0,0,0,0,0,0,0,0,0,0,0,0,0,30,6,3,3.0,4,7.0,2,2,2,7,1,6,6,6,2,2,0,1,1,0,0,0,1,0,0,0,100000.0
a002745,2,0,0,0,0,0,0,0,0,0,0,0,0,0,0,0,0,0,0,0,0,1,0,0,1,0,0,1,1,0,0,0,0,0,0,0,0,0,0,0,0,0,0,0,0,0,0,0,0,1,0,0,1,0,0,1,1,1,30,7,4,2.0,7,12.0,2,3,1,3,2,3,1,7,4,2,1,0,1,0,0,1,0,0,0,0,223800.0
a003753,3,0,0,0,0,0,1,0,1,0,0,0,0,0,0,0,0,0,0,0,0,1,0,0,0,0,0,1,1,0,0,0,0,0,1,0,1,0,0,0,0,0,0,0,0,0,0,0,0,1,0,0,0,0,0,1,1,1,30,6,1,2.0,5,7.49660441426146,3,4,2,1,3,3,2,6,5,1,0,1,1,1,0,0,0,0,0,0,578600.0
a000662,4,0,0,0,0,0,0,0,0,0,0,0,0,0,0,0,0,0,0,0,0,0,0,1,0,0,0,0,0,0,0,0,0,0,0,0,0,0,0,0,0,0,0,0,0,0,0,0,0,0,0,1,0,0,0,0,0,0,50,6,5,8.0,5,5.0,2,7,1,7,1,1,1,1,7,1,0,1,1,0,0,1,0,0,0,0,848010.0
a001930,3,1,1,0,1,0,0,0,0,0,0,0,0,0,0,0,0,0,0,0,0,0,0,0,0,0,0,1,1,1,1,0,1,0,0,0,0,0,0,0,0,0,0,0,0,0,0,0,0,0,0,0,0,0,0,1,1,1,20,4,4,3.0,4,8.0,2,2,1,4,1,3,4,6,7,1,1,1,1,0,0,0,0,0,0,0,317700.0
a001081,3,1,1,0,1,0,0,0,0,0,0,0,0,0,0,0,0,0,0,0,0,0,1,1,0,0,0,0,0,1,1,0,1,0,0,0,0,0,0,0,0,0,0,0,0,0,0,0,0,0,1,1,0,0,0,0,0,0,30,6,3,2.0,9,9.0,2,4,1,2,1,1,4,3,5,1,1,1,0,0,0,0,1,0,0,0,952800.0
a005857,3,0,0,1,0,0,1,0,0,0,0,0,0,0,0,0,0,0,0,0,0,0,0,0,1,0,0,0,0,0,0,1,0,0,1,0,0,0,0,0,0,0,0,0,0,0,0,0,0,0,0,0,1,0,0,0,0,0,30,8,1,2.0,6,7.49660441426146,3,2,3,3,4,3,5,3,4,0,1,1,0,0,0,0,1,0,0,0,725000.0
a015379,2,0,0,1,1,0,0,0,0,1,0,0,1,0,0,0,0,0,0,0,0,0,1,0,0,0,0,0,0,0,0,1,1,0,0,0,0,1,0,0,1,0,0,0,0,0,0,0,0,0,1,0,0,0,0,0,0,1,40,6,3,11.0,1,4.0,2,3,6,4,2,4,4,5,4,1,1,0,0,0,0,0,1,0,1,0,117000.0
a014411,2,0,1,0,0,0,0,0,0,1,0,0,0,0,0,0,0,0,0,0,0,0,1,0,0,0,0,0,0,0,1,0,0,0,0,0,0,1,0,0,0,0,0,0,0,0,0,0,0,0,1,0,0,0,0,0,0,0,20,6,2,12.0,3,5.0,2,6,1,4,2,6,4,6,6,1,0,1,1,0,0,0,0,0,1,0,182000.0
a002710,2,0,0,0,0,0,0,0,0,0,0,0,1,0,0,0,0,0,0,0,0,1,0,0,0,0,0,0,0,0,0,0,0,0,0,0,0,0,0,0,1,0,0,0,0,0,0,0,0,1,0,0,0,0,0,0,0,0,50,7,4,1.0,7,9.0,3,6,2,4,4,2,5,2,2,2,1,1,1,0,0,0,0,0,0,0,63700.0
a014792,3,0,0,0,0,0,1,0,0,0,0,0,0,0,0,0,0,0,0,0,0,0,0,0,0,0,0,0,0,0,0,0,0,0,1,0,0,0,0,0,0,0,0,0,0,0,0,0,0,0,0,0,0,0,0,0,0,1,40,7,1,2.0,7,7.49660441426146,2,1,4,4,3,4,3,5,3,0,1,0,0,0,0,0,0,0,0,0,1189220.0
a006120,3,0,0,0,0,0,0,0,0,0,0,0,0,0,0,0,0,0,0,0,0,0,1,1,0,0,1,0,0,0,0,0,0,0,0,0,0,0,0,0,0,0,0,0,0,0,0,0,0,0,1,1,0,0,1,0,0,0,30,5,3,3.0,5,5.0,3,1,4,3,2,3,5,1,7,2,0,1,1,0,1,0,0,0,0,0,1221480.0
a002026,3,0,0,0,0,1,0,0,0,0,0,0,0,0,0,0,0,0,0,0,0,0,0,0,0,0,0,0,0,0,0,0,0,1,0,0,0,0,0,0,0,0,0,0,0,0,0,0,0,0,0,0,0,0,0,0,0,0,30,6,1,2.0,6,7.49660441426146,3,2,3,1,3,5,5,6,6,1,1,0,1,0,0,0,1,0,0,0,104610.0
a002206,3,1,0,0,0,0,0,0,0,0,0,0,0,0,0,0,0,0,0,0,0,1,1,1,0,0,0,0,0,1,0,0,0,0,0,0,0,0,0,0,0,0,0,0,0,0,0,0,0,1,1,1,0,0,0,0,0,1,30,6,3,3.0,4,8.0,3,6,4,1,1,5,5,1,7,2,0,1,0,0,1,0,0,0,1,0,1184000.0
a005665,2,1,0,1,1,0,1,0,0,0,0,1,1,0,0,0,0,0,0,0,0,0,1,0,0,0,1,0,0,1,0,1,1,0,1,0,0,0,0,1,1,0,0,0,0,0,0,0,0,0,1,0,0,0,1,0,0,0,40,5,1,3.0,4,7.49660441426146,3,2,4,2,4,2,2,5,5,0,1,0,0,1,0,0,0,1,0,0,91250.0
a007191,2,0,1,0,0,0,0,0,0,0,0,0,0,0,0,0,0,0,0,0,0,0,0,0,0,0,0,0,0,0,1,0,0,0,0,0,0,0,0,0,0,0,0,0,0,0,0,0,0,0,0,0,0,0,0,0,0,0,20,5,3,4.0,5,7.0,2,7,3,2,3,4,5,4,4,1,1,1,1,0,0,0,0,0,0,0,205600.0
a004815,2,0,0,0,0,0,1,0,0,0,0,0,0,0,0,0,0,0,0,0,0,1,1,0,1,0,1,0,0,0,0,0,0,0,1,0,0,0,0,0,0,0,0,0,0,0,0,0,0,1,1,0,1,0,1,0,0,1,30,6,2,2.0,4,7.0,2,3,3,2,5,3,2,7,1,1,1,0,1,0,0,0,1,0,0,0,136500.0
a017544,2,1,0,0,0,0,0,0,0,0,0,0,0,0,0,0,0,0,0,0,0,0,1,0,0,0,0,0,0,1,0,0,0,0,0,0,0,0,0,0,0,0,0,0,0,0,0,0,0,0,1,0,0,0,0,0,0,1,30,6,4,3.0,5,12.0,2,4,4,2,2,2,2,5,5,0,1,1,0,0,1,0,0,0,0,0,29000.0
a002123,2,0,0,1,0,0,1,0,0,0,0,0,0,0,0,0,0,0,0,0,0,0,1,0,0,0,0,0,0,0,0,1,0,0,1,0,0,0,0,0,0,0,0,0,0,0,0,0,0,0,1,0,0,0,0,0,0,1,20,6,1,2.0,5,7.49660441426146,3,2,1,3,2,3,4,5,6,0,1,0,0,0,1,0,1,0,0,0,64800.0
a005605,2,0,0,0,0,0,0,0,0,1,0,0,0,0,0,0,0,0,0,0,0,0,0,0,0,0,0,0,0,0,0,0,0,0,0,0,0,1,0,0,0,0,0,0,0,0,0,0,0,0,0,0,0,0,0,0,0,0,30,6,3,3.0,5,6.0,3,5,2,4,2,3,6,5,5,2,0,0,1,0,0,0,1,1,0,0,275800.0
a007410,2,0,1,0,0,0,0,0,0,0,0,0,0,0,0,0,0,0,0,0,0,1,1,0,0,0,0,0,0,0,1,0,0,0,0,0,0,0,0,0,0,0,0,0,0,0,0,0,0,1,1,0,0,0,0,0,0,1,30,6,1,3.0,8,7.49660441426146,3,2,2,2,1,4,4,4,4,0,1,1,0,0,1,0,0,0,0,0,122000.0
a006611,2,1,0,0,0,0,0,0,0,0,0,0,0,0,0,0,0,0,0,0,0,1,1,0,1,0,0,0,0,1,0,0,0,0,0,0,0,0,0,0,0,0,0,0,0,0,0,0,0,1,1,0,1,0,0,0,0,1,30,6,2,3.0,3,8.0,2,2,1,3,2,3,2,3,6,1,1,1,1,0,0,0,0,0,0,0,25600.0
a007407,2,0,0,0,0,0,0,0,0,0,0,0,0,0,0,0,0,0,0,0,0,0,1,0,0,0,1,0,0,0,0,0,0,0,0,0,0,0,0,0,0,0,0,0,0,0,0,0,0,0,1,0,0,0,1,0,0,1,20,6,1,4.0,3,7.49660441426146,2,1,1,1,2,1,3,1,5,1,1,0,0,0,1,0,1,0,0,0,319300.0
a004354,2,1,0,0,0,0,1,0,0,0,0,0,0,0,0,0,0,0,0,0,0,0,0,0,0,0,0,0,0,1,0,0,0,0,1,0,0,0,0,0,0,0,0,0,0,0,0,0,0,0,0,0,0,0,0,0,0,1,20,6,1,9.0,4,7.49660441426146,3,5,5,4,5,4,5,7,4,0,1,1,0,0,0,0,0,0,0,1,70500.0
a010165,2,0,0,0,0,0,0,0,0,0,1,0,0,0,0,0,0,0,0,0,0,0,1,0,1,0,0,0,0,0,0,0,0,0,0,0,0,0,1,0,0,0,0,0,0,0,0,0,0,0,1,0,1,0,0,0,0,1,20,6,3,3.0,3,7.0,2,4,7,1,4,1,1,3,1,1,1,1,1,0,0,0,0,0,0,0,222000.0
a007888,2,1,1,0,1,0,0,1,0,0,0,0,0,0,0,0,0,0,0,0,0,0,1,0,0,0,0,0,0,1,1,0,1,0,0,1,0,0,0,0,0,0,0,0,0,0,0,0,0,0,1,0,0,0,0,0,0,1,20,5,4,2.0,4,8.0,3,5,5,2,3,6,5,2,6,1,0,1,1,0,1,0,0,0,0,0,67180.0
a011234,3,0,0,0,1,0,1,0,0,0,0,0,0,0,0,0,0,0,0,0,0,0,1,1,0,0,1,0,0,0,0,0,1,0,1,0,0,0,0,0,0,0,0,0,0,0,0,0,0,0,1,1,0,0,1,0,0,1,20,6,3,13.0,3,5.0,3,2,1,2,1,3,3,2,5,1,1,1,1,0,0,0,0,0,0,0,1116880.0
c005067,2,0,1,0,0,0,0,0,0,0,0,0,0,0,0,0,0,0,0,0,0,0,1,0,0,0,0,1,0,0,1,0,0,0,0,0,0,0,0,0,0,0,0,0,0,0,0,0,0,0,1,0,0,0,0,1,0,1,30,6,3,3.0,5,9.0,3,3,4,3,4,4,3,2,6,3,0,1,1,0,0,1,0,0,0,0,330600.0
a008212,2,1,0,0,0,1,0,0,0,0,0,0,0,0,0,0,0,0,0,0,0,1,1,0,0,0,0,1,0,1,0,0,0,1,0,0,0,0,0,0,0,0,0,0,0,0,0,0,0,1,1,0,0,0,0,1,0,1,20,6,4,2.0,4,7.0,2,1,1,7,1,1,1,7,4,3,0,1,1,0,0,0,1,0,0,0,439000.0
a010374,2,0,0,1,0,0,0,0,0,0,0,0,0,0,0,0,0,0,0,0,0,0,0,0,0,0,0,1,1,0,0,1,0,0,0,0,0,0,0,0,0,0,0,0,0,0,0,0,0,0,0,0,0,0,0,1,1,0,50,6,3,3.0,11,11.0,3,2,2,4,2,3,4,2,5,1,1,1,0,0,0,0,0,1,0,0,268800.0
a010106,3,0,0,0,0,1,0,0,0,0,0,0,0,0,0,0,0,0,0,0,0,0,0,0,0,0,0,0,0,0,0,0,0,1,0,0,0,0,0,0,0,0,0,0,0,0,0,0,0,0,0,0,0,0,0,0,0,1,50,6,2,3.0,7,9.0,2,2,4,2,4,3,2,2,4,1,0,0,0,0,0,1,0,0,0,0,80000.0
a005353,2,1,0,0,0,1,0,0,0,0,0,0,0,0,0,0,0,0,0,0,0,0,1,0,0,0,0,0,0,1,0,0,0,1,0,0,0,0,0,0,0,0,0,0,0,0,0,0,0,0,1,0,0,0,0,0,0,0,40,6,2,3.0,6,10.0,2,4,1,1,1,1,1,7,1,1,1,0,1,0,0,1,0,0,0,0,67500.0
a002145,2,0,0,0,0,0,1,0,0,0,0,1,0,0,0,0,0,0,0,0,0,1,1,0,1,0,0,0,0,0,0,0,0,0,1,0,0,0,0,1,0,0,0,0,0,0,0,0,0,1,1,0,1,0,0,0,0,1,30,6,3,2.0,4,11.0,2,2,2,2,3,6,5,5,7,0,1,1,0,0,1,0,0,0,0,0,90600.0
a004717,2,0,0,0,0,0,1,0,0,0,0,0,0,0,0,0,0,0,0,0,0,0,0,0,0,0,0,0,1,0,0,0,0,0,1,0,0,0,0,0,0,0,0,0,0,0,0,0,0,0,0,0,0,0,0,0,1,0,20,6,1,12.0,2,7.49660441426146,3,5,5,2,5,2,3,7,1,0,1,0,0,0,0,0,1,1,0,0,17600.0
a006329,2,0,0,1,1,0,1,0,0,0,0,0,0,0,0,0,0,0,0,0,0,0,0,0,0,0,0,0,0,0,0,1,1,0,1,0,0,0,0,0,0,0,0,0,0,0,0,0,0,0,0,0,0,0,0,0,0,1,30,7,1,3.0,4,7.49660441426146,3,4,3,1,2,4,1,4,5,0,1,1,0,0,0,0,0,1,0,0,475150.0
a007061,2,1,1,0,1,0,1,0,0,0,0,0,0,0,0,0,0,0,0,0,0,1,1,0,0,0,1,1,0,1,1,0,1,0,1,0,0,0,0,0,0,0,0,0,0,0,0,0,0,1,1,0,0,0,1,1,0,1,20,6,1,12.0,1,7.49660441426146,3,3,3,2,3,5,5,6,3,0,0,1,0,0,0,1,1,0,0,0,228600.0
a002882,3,1,1,1,0,1,0,0,0,0,1,0,0,0,0,0,0,0,0,0,0,0,0,0,0,0,0,0,0,1,1,1,0,1,0,0,0,0,1,0,0,0,0,0,0,0,0,0,0,0,0,0,0,0,0,0,0,1,30,6,2,3.0,5,8.0,3,3,1,6,1,5,3,2,2,1,1,0,1,0,0,0,1,0,0,0,641600.0
a007610,2,1,0,0,1,0,0,0,0,0,0,0,0,0,0,0,0,0,0,0,0,0,1,0,0,0,0,0,0,1,0,0,1,0,0,0,0,0,0,0,0,0,0,0,0,0,0,0,0,0,1,0,0,0,0,0,0,0,20,6,3,4.0,3,6.0,3,2,2,1,3,2,1,6,3,0,1,1,0,0,0,0,1,0,0,0,3000.0
a008058,2,0,0,0,1,0,0,0,0,0,0,0,1,0,0,0,0,0,0,0,0,1,1,0,1,0,0,0,0,0,0,0,1,0,0,0,0,0,0,0,1,0,0,0,0,0,0,0,0,1,1,0,1,0,0,0,0,0,30,6,4,13.0,4,6.0,3,2,3,2,3,4,5,5,4,1,1,1,1,0,0,0,0,0,0,0,181700.0
a004458,3,0,0,0,0,0,1,0,0,1,0,0,0,0,0,0,0,0,0,0,0,0,0,0,0,0,0,0,0,0,0,0,0,0,1,0,0,1,0,0,0,0,0,0,0,0,0,0,0,0,0,0,0,0,0,0,0,0,30,7,2,3.0,4,7.0,3,2,2,2,2,3,6,5,6,1,0,1,1,0,0,1,0,0,0,0,1055600.0
a005337,2,1,0,0,0,0,0,0,0,0,0,0,0,0,0,0,0,0,0,0,0,0,0,0,0,0,0,0,0,1,0,0,0,0,0,0,0,0,0,0,0,0,0,0,0,0,0,0,0,0,0,0,0,0,0,0,0,1,40,5,4,11.0,1,7.0,2,2,2,5,3,2,3,3,3,4,0,0,1,0,0,0,0,0,0,1,505000.0
a001138,2,1,0,1,1,0,0,0,0,0,0,0,0,0,0,0,0,0,0,0,0,0,0,0,0,0,0,0,0,1,0,1,1,0,0,0,0,0,0,0,0,0,0,0,0,0,0,0,0,0,0,0,0,0,0,0,0,0,30,6,3,3.0,4,5.0,3,2,3,2,5,3,6,2,2,1,1,1,1,0,0,0,0,0,0,0,85500.0
a000535,3,0,0,0,0,1,0,0,0,0,0,0,0,0,0,0,0,0,0,0,0,0,0,1,1,0,0,0,1,0,0,0,0,1,0,0,0,0,0,0,0,0,0,0,0,0,0,0,0,0,0,1,1,0,0,0,1,0,30,6,4,2.0,5,7.0,2,1,4,4,5,4,5,6,1,3,0,1,1,0,0,0,1,0,0,0,1573900.0
a002292,3,1,1,0,0,0,0,0,0,0,0,0,0,0,0,0,0,0,0,0,0,0,0,0,1,0,1,1,0,1,1,0,0,0,0,0,0,0,0,0,0,0,0,0,0,0,0,0,0,0,0,0,1,0,1,1,0,1,30,6,2,2.0,5,9.0,2,2,3,1,2,2,1,1,6,1,1,1,1,0,0,0,0,0,0,0,680730.0
a018026,2,1,0,0,1,0,0,0,0,0,0,0,0,0,0,0,0,0,0,0,0,0,1,0,0,0,0,0,0,1,0,0,1,0,0,0,0,0,0,0,0,0,0,0,0,0,0,0,0,0,1,0,0,0,0,0,0,0,30,5,2,2.0,6,9.0,3,6,2,6,3,2,6,2,7,1,1,0,1,0,1,0,0,0,0,0,57950.0
a000222,4,0,0,1,0,0,0,0,0,0,0,0,0,0,0,0,0,0,0,0,0,0,0,0,0,0,0,0,0,0,0,1,0,0,0,0,0,0,0,0,0,0,0,0,0,0,0,0,0,0,0,0,0,0,0,0,0,1,30,6,3,3.0,4,12.0,2,6,2,2,2,6,6,1,6,1,0,0,1,0,0,0,1,1,0,0,462000.0
a005012,3,0,0,1,0,0,1,0,0,0,0,0,0,0,0,0,0,0,0,0,0,0,0,0,1,0,0,0,0,0,0,1,0,0,1,0,0,0,0,0,0,0,0,0,0,0,0,0,0,0,0,0,1,0,0,0,0,0,20,6,5,12.0,2,8.0,3,6,6,2,6,6,2,6,4,0,0,0,0,1,0,1,0,1,0,0,417200.0
a005120,3,0,0,0,0,0,0,0,0,1,1,0,0,0,0,0,0,0,0,0,0,0,1,0,1,0,1,0,0,0,0,0,0,0,0,0,0,1,1,0,0,0,0,0,0,0,0,0,0,0,1,0,1,0,1,0,0,1,30,6,3,3.0,3,7.0,2,2,2,1,6,6,4,6,6,0,1,0,0,0,0,0,1,0,0,0,632800.0
a001210,2,1,0,0,1,0,1,0,0,0,0,0,0,0,0,0,0,0,0,0,0,0,1,0,0,0,0,0,0,1,0,0,1,0,1,0,0,0,0,0,0,0,0,0,0,0,0,0,0,0,1,0,0,0,0,0,0,1,40,6,4,3.0,1,6.0,2,2,4,4,4,7,4,4,7,0,1,0,0,1,0,0,1,0,0,0,1723500.0
a018005,2,1,0,0,1,0,1,1,0,0,0,0,0,0,0,0,0,0,0,0,0,0,0,0,0,0,0,0,0,1,0,0,1,0,1,1,0,0,0,0,0,0,0,0,0,0,0,0,0,0,0,0,0,0,0,0,0,1,40,6,1,2.0,6,7.49660441426146,2,3,3,3,5,5,5,3,5,0,1,1,0,0,0,0,1,0,0,0,21300.0
a003215,2,1,0,1,0,0,0,0,0,0,0,0,1,0,0,0,0,0,0,0,0,1,1,0,0,0,0,0,0,1,0,1,0,0,0,0,0,0,0,0,1,0,0,0,0,0,0,0,0,1,1,0,0,0,0,0,0,1,20,4,2,2.0,4,6.0,2,1,1,1,5,5,7,1,7,2,1,1,1,0,0,0,0,0,0,0,880400.0
a001164,3,0,1,0,0,0,0,0,0,0,0,0,0,0,0,0,0,0,0,0,0,0,1,0,0,0,1,0,0,0,1,0,0,0,0,0,0,0,0,0,0,0,0,0,0,0,0,0,0,0,1,0,0,0,1,0,0,1,30,6,2,2.0,5,5.0,2,6,6,1,1,3,7,3,7,1,1,1,0,0,1,0,0,0,0,0,175600.0
a000327,3,1,0,0,1,0,1,0,0,1,0,0,0,0,0,0,0,0,0,0,0,0,0,1,0,0,0,0,0,1,0,0,1,0,1,0,0,1,0,0,0,0,0,0,0,0,0,0,0,0,0,1,0,0,0,0,0,1,20,6,4,3.0,4,12.0,2,1,1,4,5,4,3,7,3,1,1,0,0,0,0,0,0,0,0,0,407300.0
a003056,3,0,0,0,0,0,0,1,1,0,0,0,0,0,0,0,0,0,0,0,0,0,1,0,0,0,0,0,0,0,0,0,0,0,0,1,1,0,0,0,0,0,0,0,0,0,0,0,0,0,1,0,0,0,0,0,0,1,30,5,2,4.0,4,5.0,2,5,1,2,3,2,3,6,5,1,1,0,1,0,1,0,0,0,0,0,851360.0
a010571,3,0,1,1,0,0,0,1,0,0,0,1,1,0,0,0,0,0,0,0,0,1,1,0,0,0,0,0,1,0,1,1,0,0,0,1,0,0,0,1,1,0,0,0,0,0,0,0,0,1,1,0,0,0,0,0,1,0,20,6,1,2.0,1,7.49660441426146,2,1,1,1,3,2,2,3,4,1,1,1,0,1,0,0,0,0,0,0,1372719.0
a002888,4,0,1,0,0,1,0,0,0,0,0,0,0,0,0,0,0,0,0,0,0,0,0,0,0,0,0,0,0,0,1,0,0,1,0,0,0,0,0,0,0,0,0,0,0,0,0,0,0,0,0,0,0,0,0,0,0,1,30,5,4,4.0,1,5.0,3,2,3,5,5,6,6,6,2,3,1,0,1,0,0,0,0,1,0,0,742630.0
a002874,2,1,0,0,0,0,0,0,0,0,0,0,0,0,0,0,0,0,0,0,0,0,0,0,0,0,0,0,0,1,0,0,0,0,0,0,0,0,0,0,0,0,0,0,0,0,0,0,0,0,0,0,0,0,0,0,0,1,20,5,1,3.0,5,7.49660441426146,2,4,5,3,7,5,6,7,3,0,1,1,0,0,0,0,1,0,0,0,612440.0
a002933,2,0,0,0,0,0,0,0,0,0,0,0,0,1,0,0,0,0,0,0,0,0,1,0,0,0,0,0,0,0,0,0,0,0,0,0,0,0,0,0,0,1,0,0,0,0,0,0,0,0,1,0,0,0,0,0,0,1,30,7,3,2.0,4,7.0,2,4,4,2,4,2,3,3,4,2,1,0,0,0,1,0,0,1,0,0,100000.0
a001415,4,1,1,0,1,0,0,0,0,0,0,0,0,0,0,0,0,0,0,0,0,1,1,0,0,0,0,0,0,1,1,0,1,0,0,0,0,0,0,0,0,0,0,0,0,0,0,0,0,1,1,0,0,0,0,0,0,0,30,8,4,10.0,7,7.0,2,4,2,2,3,3,4,2,4,3,1,0,1,0,0,0,1,0,0,0,522060.0
a001944,2,0,0,0,0,0,0,0,0,0,0,0,0,0,0,0,0,0,0,0,0,0,1,0,0,0,0,0,0,0,0,0,0,0,0,0,0,0,0,0,0,0,0,0,0,0,0,0,0,0,1,0,0,0,0,0,0,1,20,5,4,4.0,4,12.0,2,2,2,2,3,3,4,3,4,0,1,1,0,0,0,0,1,0,0,0,54700.0
a002829,2,1,0,0,0,0,1,0,0,1,0,0,0,0,0,0,0,0,0,0,0,0,1,0,0,0,0,0,0,1,0,0,0,0,1,0,0,1,0,0,0,0,0,0,0,0,0,0,0,0,1,0,0,0,0,0,0,1,30,6,4,3.0,4,9.0,1,4,4,4,4,4,3,4,4,0,0,1,0,1,0,0,1,0,0,0,45000.0
a009448,3,1,0,0,0,1,0,0,1,0,0,0,0,0,0,0,0,0,0,0,0,0,1,0,0,0,0,0,0,1,0,0,0,1,0,0,1,0,0,0,0,0,0,0,0,0,0,0,0,0,1,0,0,0,0,0,0,0,30,6,2,7.0,5,9.0,2,2,1,6,4,4,2,5,4,1,1,1,1,0,0,0,0,0,0,0,142800.0
a001109,4,1,0,0,0,0,1,1,0,0,0,0,0,0,0,0,0,0,0,0,0,1,0,0,0,0,0,1,0,1,0,0,0,0,1,1,0,0,0,0,0,0,0,0,0,0,0,0,0,1,0,0,0,0,0,1,0,0,20,6,3,9.0,2,7.0,3,4,2,1,3,3,5,3,6,1,1,1,0,0,0,0,1,0,0,0,467800.0
a006374,2,0,0,0,0,0,0,0,0,0,0,0,0,0,0,0,0,0,0,0,0,0,1,0,0,0,0,0,1,0,0,0,0,0,0,0,0,0,0,0,0,0,0,0,0,0,0,0,0,0,1,0,0,0,0,0,1,0,20,6,3,12.0,2,4.0,3,6,2,2,2,3,2,1,6,1,1,1,0,1,0,0,0,0,0,0,18600.0
a006519,2,1,1,1,1,1,1,1,1,1,1,1,1,1,0,0,0,0,0,0,0,1,1,1,1,1,1,1,1,1,1,1,1,1,1,1,1,1,1,1,1,1,0,0,0,0,0,0,0,1,1,1,1,1,1,1,1,1,30,4,1,2.0,7,7.49660441426146,3,2,6,4,2,2,6,6,6,1,1,1,0,0,0,1,0,0,0,0,126400.0
a012208,2,0,0,0,1,0,0,0,0,0,0,0,0,0,0,0,0,0,0,0,0,0,0,0,0,0,0,0,0,0,0,0,1,0,0,0,0,0,0,0,0,0,0,0,0,0,0,0,0,0,0,0,0,0,0,0,0,1,30,6,1,3.0,4,7.49660441426146,3,4,2,4,3,2,5,6,1,0,1,1,0,1,0,0,0,0,0,0,26400.0
a002520,3,1,1,0,0,0,0,0,0,1,1,0,0,0,0,0,0,0,0,0,0,0,0,0,0,0,0,0,0,1,1,0,0,0,0,0,0,1,1,0,0,0,0,0,0,0,0,0,0,0,0,0,0,0,0,0,0,0,30,6,3,3.0,4,12.0,2,7,1,1,1,1,7,1,7,1,0,0,1,0,0,0,0,0,0,0,479000.0
a012251,3,0,0,0,0,0,0,0,0,0,0,0,0,0,0,0,0,0,0,0,0,1,0,0,0,0,0,0,0,0,0,0,0,0,0,0,0,0,0,0,0,0,0,0,0,0,0,0,0,1,0,0,0,0,0,0,0,1,30,6,4,3.0,4,8.0,3,4,2,3,5,4,3,6,3,1,1,1,1,0,0,0,0,0,0,0,136400.0
a007423,2,1,1,1,1,0,1,0,0,0,0,0,0,0,0,0,0,0,0,0,0,0,0,0,0,0,0,0,0,1,1,1,1,0,1,0,0,0,0,0,0,0,0,0,0,0,0,0,0,0,0,0,0,0,0,0,0,0,60,7,4,3.0,6,8.0,2,1,1,7,1,1,2,2,3,0,0,1,0,0,0,1,0,1,0,0,56200.0
a001541,3,0,0,0,0,0,0,0,0,0,0,0,0,0,0,0,0,0,0,0,0,1,0,0,0,0,0,0,0,0,0,0,0,0,0,0,0,0,0,0,0,0,0,0,0,0,0,0,0,1,0,0,0,0,0,0,0,0,50,7,2,2.0,6,6.0,2,2,2,1,4,3,2,4,4,1,0,1,1,0,0,1,0,0,0,0,515000.0
a018154,2,1,0,0,0,0,0,0,0,0,0,0,0,0,0,0,0,0,0,0,0,0,1,0,0,0,1,0,0,1,0,0,0,0,0,0,0,0,0,0,0,0,0,0,0,0,0,0,0,0,1,0,0,0,1,0,0,1,20,4,1,3.0,4,7.49660441426146,3,7,4,4,2,1,4,1,7,2,1,0,1,0,1,0,0,0,0,0,1017600.0
a003072,2,0,0,0,1,0,0,0,0,0,0,0,0,0,0,0,0,0,0,0,0,1,1,0,0,0,0,0,0,0,0,0,1,0,0,0,0,0,0,0,0,0,0,0,0,0,0,0,0,1,1,0,0,0,0,0,0,0,30,6,2,3.0,6,10.0,2,1,1,2,3,2,1,7,5,0,1,1,0,0,0,0,1,0,0,0,163840.0
a002183,2,1,1,0,0,1,0,0,0,0,0,0,0,0,0,0,0,0,0,0,0,1,1,0,0,0,0,0,0,1,1,0,0,1,0,0,0,0,0,0,0,0,0,0,0,0,0,0,0,1,1,0,0,0,0,0,0,1,30,6,1,3.0,8,7.49660441426146,3,2,2,2,2,4,4,3,2,0,1,1,0,0,0,1,0,0,0,0,88600.0
a007394,2,0,1,0,0,0,0,0,0,0,0,0,0,0,0,0,0,0,0,0,0,0,1,0,0,0,0,0,0,0,1,0,0,0,0,0,0,0,0,0,0,0,0,0,0,0,0,0,0,0,1,0,0,0,0,0,0,1,20,5,4,3.0,4,10.0,2,4,2,2,2,6,2,1,7,1,0,1,0,0,1,0,1,0,0,0,267800.0
a004275,2,0,0,1,0,0,0,0,0,0,0,0,0,0,0,0,0,0,0,0,0,0,0,0,0,0,0,0,0,0,0,1,0,0,0,0,0,0,0,0,0,0,0,0,0,0,0,0,0,0,0,0,0,0,0,0,0,1,20,7,3,12.0,2,5.0,3,5,1,2,3,6,3,6,5,0,1,1,0,1,0,0,0,0,0,0,42000.0
a000834,3,0,1,0,0,1,0,0,1,0,0,0,0,0,0,0,0,0,0,0,0,0,0,0,0,0,0,0,0,0,1,0,0,1,0,0,1,0,0,0,0,0,0,0,0,0,0,0,0,0,0,0,0,0,0,0,0,0,30,5,1,4.0,5,7.49660441426146,2,1,4,7,7,4,1,7,1,3,0,0,1,0,0,1,0,0,1,0,875880.0
a000164,3,0,0,0,0,0,0,0,0,0,1,0,0,0,0,0,0,0,0,0,0,1,1,0,1,0,0,1,0,0,1,0,0,0,0,0,0,0,0,0,0,0,0,0,0,0,0,0,0,0,0,0,0,0,0,0,0,0,40,6,1,2.0,5,7.49660441426146,3,1,4,1,3,3,5,3,5,1,1,1,1,0,0,0,0,0,0,0,1013300.0
a008269,4,1,0,0,1,0,1,0,0,0,0,0,0,0,0,0,0,0,0,0,0,0,1,0,1,0,0,1,0,1,0,0,1,0,1,0,0,0,0,0,0,0,0,0,0,0,0,0,0,0,1,0,1,0,0,1,0,0,20,6,1,12.0,7,7.49660441426146,3,6,2,2,6,2,2,6,5,0,1,1,0,1,0,0,0,0,0,0,1837870.0
a004716,3,1,0,0,1,0,1,0,0,1,0,0,0,0,0,0,0,0,0,0,0,0,1,0,0,0,0,0,0,1,0,0,1,0,1,0,0,1,0,0,0,0,0,0,0,0,0,0,0,0,1,0,0,0,0,0,0,1,50,6,2,7.0,5,11.0,3,6,4,2,2,4,6,5,3,2,1,1,1,0,0,0,0,0,0,0,1186228.0
a002129,3,1,1,1,0,0,0,0,0,0,0,0,0,0,0,0,0,0,0,0,0,0,0,0,1,0,1,0,0,1,1,1,0,0,0,0,0,0,0,0,0,0,0,0,0,0,0,0,0,0,0,0,1,0,1,0,0,1,20,6,1,3.0,4,7.49660441426146,2,2,1,1,3,6,5,3,2,0,1,1,0,0,0,0,1,0,0,0,1218250.0
a004834,3,0,0,0,0,0,0,1,0,0,0,0,0,0,0,0,0,0,0,0,0,0,0,0,1,0,0,0,0,0,0,0,0,0,0,1,0,0,0,0,0,0,0,0,0,0,0,0,0,0,0,0,1,0,0,0,0,1,50,6,2,4.0,3,3.0,2,4,6,7,1,5,6,5,2,1,0,1,1,0,0,0,0,0,1,0,373550.0
a009584,2,1,1,1,1,1,0,0,0,0,0,0,0,0,0,0,0,0,0,0,0,0,0,0,0,0,0,0,0,1,1,1,1,1,0,0,0,0,0,0,0,0,0,0,0,0,0,0,0,0,0,0,0,0,0,0,0,0,40,6,5,3.0,6,9.0,3,2,2,2,5,2,3,3,5,4,0,0,1,0,0,0,0,0,0,0,25000.0
a005673,2,0,0,1,0,0,0,0,0,0,0,0,0,0,0,0,0,0,0,0,0,0,0,0,1,0,0,0,0,0,0,1,0,0,0,0,0,0,0,0,0,0,0,0,0,0,0,0,0,0,0,0,1,0,0,0,0,0,30,6,5,3.0,7,12.0,2,2,1,1,5,5,3,1,5,1,1,1,1,0,0,0,0,0,0,0,48000.0
a006344,2,1,1,1,1,0,1,0,0,1,0,1,1,1,0,0,0,0,0,0,0,1,1,0,1,0,1,1,1,1,1,1,1,0,1,0,0,1,0,1,1,1,0,0,0,0,0,0,0,1,1,0,1,0,1,1,1,1,30,5,1,3.0,1,7.49660441426146,3,7,4,4,1,7,4,7,7,0,0,0,0,1,1,0,0,1,0,0,66200.0
a018061,2,1,0,0,0,0,0,0,0,0,0,0,0,0,0,0,0,0,0,0,0,0,0,0,0,0,0,0,0,1,0,0,0,0,0,0,0,0,0,0,0,0,0,0,0,0,0,0,0,0,0,0,0,0,0,0,0,0,20,6,1,12.0,2,7.49660441426146,3,2,2,2,2,2,2,6,3,0,1,1,0,0,0,0,1,0,0,0,24700.0
a006033,2,1,0,0,0,0,0,0,0,0,0,0,0,0,0,0,0,0,0,0,0,1,0,0,1,0,1,0,0,1,0,0,0,0,0,0,0,0,0,0,0,0,0,0,0,0,0,0,0,1,0,0,1,0,1,0,0,1,40,6,2,3.0,6,8.0,2,4,7,3,6,3,6,6,4,1,1,1,1,0,0,0,0,0,0,0,213600.0
a005189,2,1,0,1,1,0,0,0,0,0,0,0,0,0,0,0,0,0,0,0,0,0,0,0,0,0,0,0,0,1,0,1,1,0,0,0,0,0,0,0,0,0,0,0,0,0,0,0,0,0,0,0,0,0,0,0,0,0,40,7,3,2.0,8,11.0,3,6,6,4,6,7,4,3,6,2,1,1,0,0,0,0,0,1,0,0,52430.0
a010016,3,0,1,0,0,0,0,0,0,0,0,0,0,0,0,0,0,0,0,0,0,1,0,0,0,0,0,0,0,0,1,0,0,0,0,0,0,0,0,0,0,0,0,0,0,0,0,0,0,1,0,0,0,0,0,0,0,0,20,6,3,12.0,1,8.0,3,2,1,1,2,2,3,1,7,1,1,1,1,0,0,0,0,0,0,0,1739480.0
a007353,2,0,0,0,0,0,1,0,0,0,0,0,0,0,0,0,0,0,0,0,0,0,0,0,0,0,0,0,0,0,0,0,0,0,1,0,0,0,0,0,0,0,0,0,0,0,0,0,0,0,0,0,0,0,0,0,0,1,50,6,2,2.0,3,6.0,3,6,2,6,4,5,3,2,6,1,0,0,1,0,1,0,0,1,0,0,70000.0
a005151,2,1,0,0,1,0,1,0,0,0,0,0,0,0,0,0,0,0,0,0,0,0,1,0,1,0,0,0,0,1,0,0,1,0,1,0,0,0,0,0,0,0,0,0,0,0,0,0,0,0,1,0,1,0,0,0,0,1,20,4,3,12.0,2,5.0,2,2,2,2,1,1,3,2,6,0,1,1,0,0,0,0,0,1,0,0,79500.0
a015333,2,0,1,0,1,0,1,0,0,0,0,0,0,0,0,0,0,0,0,0,0,0,1,0,0,0,1,0,0,0,1,0,1,0,1,0,0,0,0,0,0,0,0,0,0,0,0,0,0,0,1,0,0,0,1,0,0,1,40,5,4,3.0,3,6.0,3,3,3,3,3,3,4,2,6,3,1,1,1,0,0,0,0,0,0,0,100800.0
a005301,2,1,0,0,0,0,0,0,0,0,0,0,0,0,0,0,0,0,0,0,0,0,0,0,0,0,0,0,1,1,0,0,0,0,0,0,0,0,0,0,0,0,0,0,0,0,0,0,0,0,0,0,0,0,0,0,1,0,30,6,1,2.0,5,7.49660441426146,1,7,2,4,1,1,2,7,4,1,1,0,1,0,0,0,0,0,0,1,169800.0
a000603,2,0,0,0,0,0,0,0,0,0,0,0,0,0,0,0,0,0,0,0,0,1,0,0,0,0,0,0,0,0,0,0,0,0,0,0,0,0,0,0,0,0,0,0,0,0,0,0,0,1,0,0,0,0,0,0,0,1,30,7,2,3.0,5,9.0,3,1,4,2,4,5,4,6,6,1,1,1,1,0,0,0,0,0,0,0,87200.0
a011386,3,1,0,0,1,0,0,1,0,0,0,0,0,0,0,0,0,0,0,0,0,0,1,0,0,0,0,0,0,1,0,0,1,0,0,1,0,0,0,0,0,0,0,0,0,0,0,0,0,0,1,0,0,0,0,0,0,0,20,6,1,3.0,3,7.49660441426146,2,1,1,1,6,4,2,4,6,3,1,1,1,0,0,0,0,0,0,0,244600.0
a004559,2,0,0,0,1,0,0,0,0,0,0,0,0,0,0,0,0,0,0,0,0,0,1,0,0,0,0,0,0,0,0,0,1,0,0,0,0,0,0,0,0,0,0,0,0,0,0,0,0,0,1,0,0,0,0,0,0,0,30,5,4,13.0,5,9.0,2,4,1,1,2,4,4,4,2,1,1,1,1,0,0,0,0,0,0,0,35000.0
a005369,3,1,1,0,0,0,0,0,0,0,0,0,0,0,0,0,0,0,0,0,0,0,1,0,0,0,1,0,0,1,1,0,0,0,0,0,0,0,0,0,0,0,0,0,0,0,0,0,0,0,1,0,0,0,1,0,0,0,20,5,3,5.0,4,7.0,2,2,1,1,6,2,2,6,6,1,1,1,1,0,0,0,0,0,0,0,204200.0
a001694,3,0,0,0,0,0,0,0,1,0,0,0,0,0,0,0,0,0,0,0,0,0,1,0,0,1,0,0,0,0,0,0,0,0,0,0,1,0,0,0,0,0,0,0,0,0,0,0,0,0,1,0,0,1,0,0,0,1,30,8,2,2.0,7,12.0,2,2,1,2,1,1,4,7,4,3,0,1,1,0,0,0,1,0,0,0,383080.0
a005744,3,0,0,0,0,0,0,0,1,0,0,0,0,0,0,0,0,0,0,0,0,0,0,0,1,0,0,1,0,0,0,0,0,0,0,0,1,0,0,0,0,0,0,0,0,0,0,0,0,0,0,0,1,0,0,1,0,0,30,6,1,3.0,7,7.49660441426146,2,2,2,4,4,2,4,4,3,1,1,1,1,0,0,0,0,0,0,0,346050.0
a001310,3,1,0,1,0,0,1,0,0,0,0,0,0,0,0,0,0,0,0,0,0,0,1,1,0,0,0,0,0,1,0,1,0,0,1,0,0,0,0,0,0,0,0,0,0,0,0,0,0,0,1,1,0,0,0,0,0,1,20,6,1,2.0,4,7.49660441426146,3,3,3,3,3,5,5,5,5,1,1,1,0,0,0,0,1,0,0,0,772200.0
a006405,2,1,0,0,0,0,1,0,0,0,0,0,0,0,0,0,0,0,0,0,0,0,1,0,0,0,0,0,0,1,0,0,0,0,1,0,0,0,0,0,0,0,0,0,0,0,0,0,0,0,1,0,0,0,0,0,0,1,30,6,4,3.0,4,12.0,2,4,6,1,4,6,6,6,7,0,1,1,0,0,1,0,0,0,0,0,21600.0
a002360,2,1,0,1,0,0,0,0,0,0,0,0,0,0,0,0,0,0,0,0,0,0,0,0,0,0,0,1,0,1,0,1,0,0,0,0,0,0,0,0,0,0,0,0,0,0,0,0,0,0,0,0,0,0,0,1,0,1,20,6,3,2.0,4,6.0,2,6,1,1,7,1,1,7,1,1,1,1,1,0,0,0,0,0,0,0,168160.0
a013594,2,1,0,0,0,0,1,0,0,1,0,0,0,0,0,0,0,0,0,0,0,0,1,0,0,0,1,0,0,1,0,0,0,0,1,0,0,1,0,0,0,0,0,0,0,0,0,0,0,0,1,0,0,0,1,0,0,0,20,5,3,12.0,1,6.0,4,4,3,3,4,4,3,2,6,1,0,0,1,0,0,0,1,0,0,1,221000.0
a002376,2,1,1,0,1,0,1,0,0,1,0,0,0,0,0,0,0,0,0,0,0,0,0,0,0,0,0,0,0,1,1,0,1,0,1,0,0,1,0,0,0,0,0,0,0,0,0,0,0,0,0,0,0,0,0,0,0,0,60,7,2,10.0,6,7.0,2,4,3,3,3,3,3,3,6,1,0,1,0,0,0,1,0,0,0,1,157900.0
a002286,4,1,1,1,1,1,0,0,0,0,0,0,0,0,0,0,0,0,0,0,0,0,0,0,0,0,0,0,0,1,1,1,1,1,0,0,0,0,0,0,0,0,0,0,0,0,0,0,0,0,0,0,0,0,0,0,0,1,30,6,3,13.0,4,9.0,3,4,1,4,3,5,6,2,2,0,1,1,0,0,0,0,0,1,0,0,341500.0
a004930,2,0,1,0,0,1,0,0,0,0,0,0,0,0,0,0,0,0,0,0,0,1,0,0,1,0,0,1,0,0,1,0,0,1,0,0,0,0,0,0,0,0,0,0,0,0,0,0,0,1,0,0,1,0,0,1,0,1,30,6,3,2.0,5,8.0,2,1,6,1,4,4,2,5,5,5,0,0,1,0,0,0,1,1,0,0,109800.0
a003573,3,0,0,0,1,0,0,0,0,0,0,0,0,0,0,0,0,0,0,0,0,0,1,0,0,0,0,0,0,0,0,0,1,0,0,0,0,0,0,0,0,0,0,0,0,0,0,0,0,0,1,0,0,0,0,0,0,1,30,6,3,2.0,2,7.0,2,4,5,5,2,2,5,4,6,2,1,0,1,0,0,0,1,0,0,0,1501604.0
a005679,2,1,0,0,0,1,0,0,0,0,0,0,0,0,0,0,0,0,0,0,0,0,0,0,0,0,0,0,0,1,0,0,0,1,0,0,0,0,0,0,0,0,0,0,0,0,0,0,0,0,0,0,0,0,0,0,0,1,40,6,3,3.0,6,12.0,2,1,1,1,1,1,1,1,3,2,1,1,0,0,0,1,0,0,0,0,374000.0
a010143,2,0,1,0,0,0,0,0,0,0,0,0,0,0,0,0,0,0,0,0,0,0,1,0,0,0,0,0,1,0,1,0,0,0,0,0,0,0,0,0,0,0,0,0,0,0,0,0,0,0,1,0,0,0,0,0,1,0,30,7,2,2.0,8,12.0,3,4,2,1,2,4,6,5,2,1,1,1,1,0,0,0,0,0,0,0,59000.0
a009700,2,0,0,0,0,0,0,0,0,0,0,0,0,0,0,0,0,0,0,0,0,0,1,0,0,0,0,0,0,0,0,0,0,0,0,0,0,0,0,0,0,0,0,0,0,0,0,0,0,0,1,0,0,0,0,0,0,0,30,6,2,2.0,6,9.0,3,4,2,2,4,3,5,3,5,1,1,0,1,0,0,0,0,0,1,0,85000.0
a018052,2,0,0,0,0,0,1,0,0,0,0,0,0,0,0,0,0,0,0,0,0,0,0,0,0,0,0,0,0,0,0,0,0,0,1,0,0,0,0,0,0,0,0,0,0,0,0,0,0,0,0,0,0,0,0,0,0,1,30,7,1,2.0,11,7.49660441426146,2,4,4,2,4,4,2,2,5,0,1,0,0,0,0,0,1,0,0,0,43900.0
a002076,2,1,0,1,1,0,1,0,0,1,0,0,0,0,0,0,0,0,0,0,0,0,0,0,0,0,0,0,0,1,0,1,1,0,1,0,0,1,0,0,0,0,0,0,0,0,0,0,0,0,0,0,0,0,0,0,0,0,20,6,3,3.0,2,5.0,3,6,6,3,6,2,5,6,5,0,1,1,0,0,0,0,0,1,0,0,139800.0
a007005,2,1,1,1,1,0,0,0,0,0,0,0,0,0,0,0,0,0,0,0,0,0,1,0,0,0,0,0,0,1,1,1,1,0,0,0,0,0,0,0,0,0,0,0,0,0,0,0,0,0,1,0,0,0,0,0,0,1,20,6,1,3.0,3,7.49660441426146,3,1,3,3,4,1,3,2,4,0,0,0,0,0,0,0,1,0,0,0,114600.0
a003201,3,0,1,0,0,0,0,0,0,0,0,0,0,0,0,0,0,0,0,0,0,0,0,0,0,0,0,0,0,0,1,0,0,0,0,0,0,0,0,0,0,0,0,0,0,0,0,0,0,0,0,0,0,0,0,0,0,1,20,6,4,12.0,4,7.0,3,1,1,1,5,1,7,1,3,1,1,0,1,0,0,0,1,0,0,0,82700.0
a015098,3,1,0,0,1,1,1,1,0,1,0,0,1,0,0,0,0,0,0,0,0,1,1,0,1,0,1,1,1,1,0,0,1,1,1,1,0,1,0,0,1,0,0,0,0,0,0,0,0,1,1,0,1,0,1,1,1,0,20,5,4,3.0,4,9.0,2,4,1,1,4,7,1,7,5,0,1,1,0,0,0,0,1,0,0,0,873800.0
a004341,3,1,0,0,0,0,1,0,0,0,0,0,0,0,0,0,0,0,0,0,0,1,0,1,0,0,0,0,0,1,0,0,0,0,1,0,0,0,0,0,0,0,0,0,0,0,0,0,0,1,0,1,0,0,0,0,0,1,20,6,1,2.0,2,7.49660441426146,2,7,1,1,1,1,7,7,7,1,1,1,1,0,0,0,0,0,0,0,164184.0
a018121,2,0,0,0,0,0,0,0,0,0,0,0,0,0,0,0,0,0,0,0,0,1,1,0,1,0,0,0,0,0,0,0,0,0,0,0,0,0,0,0,0,0,0,0,0,0,0,0,0,1,1,0,1,0,0,0,0,1,20,5,4,2.0,4,7.0,2,3,2,2,4,3,3,6,4,0,1,1,0,0,0,0,1,0,0,0,51450.0
a017693,2,0,0,0,1,0,0,0,0,0,0,0,0,0,0,0,0,0,0,0,0,0,0,0,0,0,0,0,0,0,0,0,1,0,0,0,0,0,0,0,0,0,0,0,0,0,0,0,0,0,0,0,0,0,0,0,0,0,20,5,3,3.0,4,6.0,1,7,1,2,2,3,5,1,5,1,1,0,1,0,0,0,1,0,0,0,59500.0
a004643,3,0,0,0,0,0,0,0,0,0,0,0,0,0,0,0,0,0,0,0,0,0,1,0,0,0,0,0,0,0,0,0,0,0,0,0,0,0,0,0,0,0,0,0,0,0,0,0,0,0,1,0,0,0,0,0,0,0,30,6,2,4.0,5,6.0,2,1,4,5,2,6,1,1,3,1,0,1,0,0,1,0,0,0,0,1,755100.0
a008094,2,1,1,0,0,0,0,0,0,1,0,0,0,0,0,0,0,0,0,0,0,0,1,0,0,0,1,1,0,1,1,0,0,0,0,0,0,1,0,0,0,0,0,0,0,0,0,0,0,0,1,0,0,0,1,1,0,0,20,6,1,2.0,4,7.49660441426146,2,4,1,1,1,7,7,7,7,1,1,0,1,0,1,0,0,0,0,0,254000.0
a008099,2,0,0,0,0,0,0,0,1,1,0,0,0,0,0,0,0,0,0,0,0,0,0,0,1,0,0,0,0,0,0,0,0,0,0,0,1,1,0,0,0,0,0,0,0,0,0,0,0,0,0,0,1,0,0,0,0,0,20,6,2,3.0,4,5.0,2,3,4,2,3,1,2,2,2,0,1,1,0,0,0,0,1,0,0,0,249700.0
a002237,3,1,0,0,1,0,0,0,0,0,0,0,0,0,0,0,0,0,0,0,0,0,1,1,0,0,0,0,0,1,0,0,1,0,0,0,0,0,0,0,0,0,0,0,0,0,0,0,0,0,1,1,0,0,0,0,0,1,20,7,5,8.0,1,7.0,2,1,1,7,1,1,1,7,1,0,1,0,0,0,1,0,1,0,0,0,1693400.0
a018241,2,1,0,0,0,0,0,0,0,0,0,0,0,0,0,0,0,0,0,0,0,0,1,0,0,0,0,0,0,1,0,0,0,0,0,0,0,0,0,0,0,0,0,0,0,0,0,0,0,0,1,0,0,0,0,0,0,1,20,6,4,12.0,2,9.0,2,3,2,2,4,5,3,5,4,1,1,0,0,0,1,1,0,0,0,0,98300.0
a005626,2,0,1,0,0,0,1,0,0,0,0,0,0,0,0,0,0,0,0,0,0,0,0,0,0,0,0,0,0,0,1,0,0,0,1,0,0,0,0,0,0,0,0,0,0,0,0,0,0,0,0,0,0,0,0,0,0,0,40,5,3,3.0,6,6.0,2,1,1,1,3,4,7,1,4,7,1,1,1,0,0,0,0,0,0,0,524600.0
a015324,2,1,1,0,1,1,0,0,0,1,0,0,0,0,0,0,0,0,0,0,0,0,0,0,0,0,0,0,0,1,1,0,1,1,0,0,0,1,0,0,0,0,0,0,0,0,0,0,0,0,0,0,0,0,0,0,0,1,20,6,4,12.0,1,7.0,1,6,3,5,4,4,5,1,5,1,1,1,1,0,0,0,0,0,0,0,356520.0
a004100,4,1,0,0,1,0,1,0,0,0,0,0,0,0,0,0,0,0,0,0,0,1,1,0,0,0,0,0,0,1,0,0,1,0,1,0,0,0,0,0,0,0,0,0,0,0,0,0,0,1,1,0,0,0,0,0,0,1,20,6,2,12.0,1,9.0,3,4,2,3,3,2,5,5,6,0,1,1,0,0,1,0,0,0,0,0,1076200.0
a004640,3,1,1,1,1,0,0,0,0,1,0,0,0,0,0,0,0,0,0,0,0,0,0,0,0,0,0,0,0,1,1,1,1,0,0,0,0,1,0,0,0,0,0,0,0,0,0,0,0,0,0,0,0,0,0,0,0,0,40,7,3,3.0,6,8.0,2,3,2,5,4,3,5,3,5,1,0,1,0,0,0,0,1,0,1,0,816840.0
a005127,2,0,0,0,1,0,0,0,0,1,0,0,0,0,0,0,0,0,0,0,0,0,0,0,0,0,0,0,0,0,0,0,1,0,0,0,0,1,0,0,0,0,0,0,0,0,0,0,0,0,0,0,0,0,0,0,0,0,20,7,3,12.0,1,12.0,3,3,2,5,2,3,3,6,5,1,1,0,1,0,0,1,0,0,0,0,163400.0
a000510,4,1,1,0,0,0,0,0,0,0,0,0,0,0,0,0,0,0,0,0,0,0,0,0,1,0,0,0,0,1,1,0,0,0,0,0,0,0,0,0,0,0,0,0,0,0,0,0,0,0,0,0,1,0,0,0,0,0,30,8,1,2.0,6,7.49660441426146,3,4,2,2,3,5,3,5,5,1,1,0,1,0,0,0,1,0,0,0,1317700.0
a018092,2,1,1,0,0,0,0,0,0,0,0,0,0,0,0,0,0,0,0,0,0,0,1,0,1,0,1,0,0,1,1,0,0,0,0,0,0,0,0,0,0,0,0,0,0,0,0,0,0,0,1,0,1,0,1,0,0,1,30,6,4,5.0,4,12.0,3,6,4,6,2,2,5,4,3,1,1,0,1,0,1,0,0,0,0,0,88200.0
a007443,2,1,0,0,0,0,0,0,0,0,0,0,0,0,0,0,0,0,0,0,0,0,1,0,0,0,1,1,0,1,0,0,0,0,0,0,0,0,0,0,0,0,0,0,0,0,0,0,0,0,1,0,0,0,1,1,0,1,30,4,2,11.0,1,5.0,3,2,2,2,1,4,2,6,7,1,0,0,0,0,1,0,1,0,0,1,99800.0
a006986,2,1,1,0,0,0,0,0,0,0,0,0,0,0,0,0,0,0,0,0,0,0,0,0,0,0,0,0,0,1,1,0,0,0,0,0,0,0,0,0,0,0,0,0,0,0,0,0,0,0,0,0,0,0,0,0,0,1,20,6,2,2.0,4,6.0,3,1,1,6,2,6,5,5,2,3,1,0,1,0,0,0,1,0,0,0,224600.0
a007051,2,0,0,0,0,0,0,0,0,0,0,0,0,0,0,0,0,0,0,0,0,0,1,0,0,0,0,0,0,0,0,0,0,0,0,0,0,0,0,0,0,0,0,0,0,0,0,0,0,0,1,0,0,0,0,0,0,1,30,6,4,3.0,3,10.0,2,4,4,3,3,4,3,5,5,0,1,0,0,0,1,1,0,0,0,0,176200.0
a008407,2,1,1,0,1,0,0,0,0,0,0,0,0,0,0,0,0,0,0,0,0,0,1,0,0,0,0,0,0,1,1,0,1,0,0,0,0,0,0,0,0,0,0,0,0,0,0,0,0,0,1,0,0,0,0,0,0,1,30,6,2,4.0,4,4.0,2,4,7,4,4,4,6,1,5,0,1,0,0,0,0,0,1,0,0,1,53800.0
a014955,3,0,0,0,0,0,0,0,0,0,0,0,0,0,0,0,0,0,0,0,0,0,0,0,1,0,0,0,0,0,0,0,0,0,0,0,0,0,0,0,0,0,0,0,0,0,0,0,0,0,0,0,1,0,0,0,0,1,20,7,1,12.0,2,7.49660441426146,3,5,2,2,6,6,2,2,6,4,1,1,1,0,0,0,0,0,0,0,288600.0
a006683,2,0,1,0,0,0,0,0,0,0,0,0,0,0,0,0,0,0,0,0,0,0,0,0,0,0,0,0,0,0,1,0,0,0,0,0,0,0,0,0,0,0,0,0,0,0,0,0,0,0,0,0,0,0,0,0,0,1,40,7,4,11.0,1,5.0,3,2,3,2,4,4,4,3,4,3,1,0,1,0,0,0,1,0,0,0,184400.0
d012476,2,0,1,0,0,0,0,0,0,0,0,0,0,0,0,0,0,0,0,0,0,0,0,0,0,0,0,0,0,0,1,0,0,0,0,0,0,0,0,0,0,0,0,0,0,0,0,0,0,0,0,0,0,0,0,0,0,1,40,6,1,13.0,3,7.49660441426146,3,4,4,4,4,4,4,4,4,0,0,0,0,0,0,0,1,0,0,0,71500.0
a002670,3,1,0,1,1,0,0,0,0,0,0,0,0,0,0,0,0,0,0,0,0,0,0,1,0,0,0,0,1,1,0,1,1,0,0,0,0,0,0,0,0,0,0,0,0,0,0,0,0,0,0,1,0,0,0,0,1,1,30,5,4,3.0,4,12.0,2,2,2,5,1,1,4,6,2,3,0,1,1,0,0,0,1,0,0,0,648400.0
a018069,2,0,0,1,0,0,0,0,0,0,0,0,1,0,0,0,0,0,0,0,0,0,0,0,0,0,0,0,0,0,0,1,0,0,0,0,0,0,0,0,1,0,0,0,0,0,0,0,0,0,0,0,0,0,0,0,0,1,20,5,1,3.0,4,7.49660441426146,2,1,2,2,4,5,6,2,6,1,0,1,0,1,0,0,0,1,0,0,142550.0
a006360,2,1,0,1,0,0,1,0,0,0,0,0,0,0,0,0,0,0,0,0,0,0,1,0,0,0,0,1,0,1,0,1,0,0,1,0,0,0,0,0,0,0,0,0,0,0,0,0,0,0,1,0,0,0,0,1,0,1,20,6,1,2.0,4,7.49660441426146,3,1,3,3,5,4,4,5,3,0,1,1,0,1,0,0,0,0,0,0,496400.0
a006524,2,0,0,0,0,0,0,0,0,0,0,0,0,0,0,0,0,0,0,0,0,0,1,0,0,0,0,0,0,0,0,0,0,0,0,0,0,0,0,0,0,0,0,0,0,0,0,0,0,0,1,0,0,0,0,0,0,0,30,6,3,2.0,7,9.0,3,2,3,2,3,3,3,4,5,2,1,0,1,0,0,0,0,0,0,1,102800.0
a001179,4,0,1,1,0,0,0,0,1,0,0,0,0,0,0,0,0,0,0,0,0,0,0,0,0,0,0,0,1,0,1,1,0,0,0,0,1,0,0,0,0,0,0,0,0,0,0,0,0,0,0,0,0,0,0,0,1,0,40,5,4,7.0,7,7.0,3,4,4,6,4,2,3,2,5,3,1,1,1,0,0,0,0,0,0,0,622300.0
a001156,4,1,0,0,0,1,1,1,0,0,0,0,0,0,0,0,0,0,0,0,0,0,1,0,0,0,0,0,0,1,0,0,0,1,1,1,0,0,0,0,0,0,0,0,0,0,0,0,0,0,1,0,0,0,0,0,0,1,30,6,1,3.0,4,7.49660441426146,2,2,3,2,3,2,3,2,3,0,1,1,0,1,0,0,0,0,0,0,31900.0
a006940,2,1,0,1,1,0,1,0,0,0,0,0,0,0,0,0,0,0,0,0,0,1,1,0,0,0,1,0,0,1,0,1,1,0,1,0,0,0,0,0,0,0,0,0,0,0,0,0,0,1,1,0,0,0,1,0,0,1,20,5,4,12.0,2,8.0,3,1,4,1,4,4,3,7,5,0,1,1,0,0,0,0,1,0,0,0,88900.0
a018009,2,0,1,0,1,0,1,1,0,0,0,0,0,0,0,0,0,0,0,0,0,0,0,0,0,0,0,1,0,0,1,0,1,0,1,1,0,0,0,0,0,0,0,0,0,0,0,0,0,0,0,0,0,0,0,1,0,1,50,5,2,11.0,1,5.0,3,3,4,6,3,1,6,2,6,1,1,1,0,1,0,0,0,0,0,0,59500.0
a018181,2,1,0,0,0,0,1,0,0,0,0,0,0,0,0,0,0,0,0,0,0,0,0,0,0,0,0,0,0,1,0,0,0,0,1,0,0,0,0,0,0,0,0,0,0,0,0,0,0,0,0,0,0,0,0,0,0,1,20,6,5,2.0,3,7.0,3,3,2,3,3,3,4,4,5,1,1,1,1,0,0,0,0,0,0,0,63100.0
a004599,2,0,0,0,0,1,0,0,0,0,0,0,0,0,0,0,0,0,0,0,0,0,0,0,0,0,0,0,0,0,0,0,0,1,0,0,0,0,0,0,0,0,0,0,0,0,0,0,0,0,0,0,0,0,0,0,0,0,30,6,2,3.0,4,4.0,2,1,3,5,3,3,3,7,6,1,1,1,1,0,0,0,0,0,0,0,13000.0
a018211,2,1,0,0,1,0,1,0,0,0,0,0,0,0,0,0,0,0,0,0,0,0,0,0,0,0,0,0,0,1,0,0,1,0,1,0,0,0,0,0,0,0,0,0,0,0,0,0,0,0,0,0,0,0,0,0,0,1,30,6,5,2.0,5,12.0,2,3,3,3,2,3,2,5,3,0,1,1,0,0,0,0,1,0,0,0,259600.0
a011603,3,0,1,1,0,0,1,0,0,0,0,0,0,0,0,0,0,0,0,0,0,0,0,0,0,0,0,0,0,0,1,1,0,0,1,0,0,0,0,0,0,0,0,0,0,0,0,0,0,0,0,0,0,0,0,0,0,0,30,6,1,3.0,4,7.49660441426146,3,2,4,2,4,2,3,2,5,0,1,0,0,0,0,0,1,0,0,1,1443000.0
a007034,2,0,0,0,0,0,0,0,0,0,0,0,0,0,0,0,0,0,0,0,0,1,1,0,0,0,0,1,0,0,0,0,0,0,0,0,0,0,0,0,0,0,0,0,0,0,0,0,0,1,1,0,0,0,0,1,0,1,40,6,4,2.0,4,6.0,2,3,3,2,3,3,4,2,2,3,0,1,0,1,0,0,1,0,0,0,82000.0
a001800,2,0,0,1,0,1,0,0,0,0,0,0,0,0,0,0,0,0,0,0,0,0,1,0,0,0,0,0,0,0,0,1,0,1,0,0,0,0,0,0,0,0,0,0,0,0,0,0,0,0,1,0,0,0,0,0,0,1,60,7,3,2.0,3,8.0,3,1,2,1,2,1,1,2,2,4,1,0,1,0,0,0,0,1,0,0,39650.0
a017920,2,1,0,0,0,1,0,0,0,0,0,0,0,0,0,0,0,0,0,0,0,1,1,1,0,0,0,0,0,1,0,0,0,1,0,0,0,0,0,0,0,0,0,0,0,0,0,0,0,1,1,1,0,0,0,0,0,1,30,6,1,3.0,5,7.49660441426146,2,6,2,1,2,2,2,2,7,1,1,0,0,0,1,0,1,0,0,0,16300.0
a002642,2,0,0,0,0,0,0,0,0,1,0,0,0,0,0,0,0,0,0,0,0,0,1,0,1,0,0,0,0,0,0,0,0,0,0,0,0,1,0,0,0,0,0,0,0,0,0,0,0,0,1,0,1,0,0,0,0,1,40,5,4,3.0,4,7.0,2,2,5,2,6,5,4,3,7,1,0,0,0,0,0,0,1,0,0,0,458000.0
a017932,2,0,0,1,1,0,0,0,0,0,0,0,0,0,0,0,0,0,0,0,0,0,0,0,0,0,0,0,0,0,0,1,1,0,0,0,0,0,0,0,0,0,0,0,0,0,0,0,0,0,0,0,0,0,0,0,0,0,40,6,4,2.0,6,9.0,3,2,3,2,3,2,3,2,6,1,1,1,1,0,0,0,0,0,0,0,275400.0
a018063,2,1,0,0,0,0,0,0,0,0,0,0,0,0,0,0,0,0,0,0,0,0,0,0,0,0,0,0,0,1,0,0,0,0,0,0,0,0,0,0,0,0,0,0,0,0,0,0,0,0,0,0,0,0,0,0,0,1,30,6,2,11.0,2,4.0,3,2,2,2,4,4,5,3,5,0,0,0,0,0,0,0,0,0,0,1,8000.0
a006061,2,1,0,1,0,0,1,0,0,0,0,0,1,0,0,0,0,0,0,0,0,0,1,0,0,0,1,0,0,1,0,1,0,0,1,0,0,0,0,0,1,0,0,0,0,0,0,0,0,0,1,0,0,0,1,0,0,1,20,6,3,12.0,1,5.0,2,2,3,2,2,6,3,2,6,0,1,1,0,0,0,0,0,1,0,0,138000.0
a005144,2,0,0,0,0,1,1,0,0,0,0,1,0,0,0,0,0,0,0,0,0,0,1,0,0,0,0,0,0,0,0,0,0,1,1,0,0,0,0,1,0,0,0,0,0,0,0,0,0,0,1,0,0,0,0,0,0,1,40,6,4,3.0,6,11.0,2,6,6,4,5,5,4,4,3,3,1,0,0,0,1,0,1,0,0,0,195100.0
a007633,2,1,0,0,0,0,0,0,0,0,0,0,0,0,0,0,0,0,0,0,0,0,0,0,0,0,0,0,0,1,0,0,0,0,0,0,0,0,0,0,0,0,0,0,0,0,0,0,0,0,0,0,0,0,0,0,0,1,60,4,5,11.0,3,12.0,3,4,4,4,4,3,4,3,2,1,1,1,1,0,0,0,0,0,0,0,149400.0
a001917,2,0,1,0,0,1,1,0,0,0,0,0,0,0,0,0,0,0,0,0,0,0,1,0,0,0,0,1,0,0,1,0,0,1,1,0,0,0,0,0,0,0,0,0,0,0,0,0,0,0,1,0,0,0,0,1,0,0,30,8,4,2.0,6,7.0,2,2,3,2,4,5,3,5,4,3,1,1,0,0,0,0,0,1,0,0,49000.0
a006901,2,1,0,1,1,0,1,1,0,0,0,0,0,0,0,0,0,0,0,0,0,0,1,1,1,0,1,0,1,1,0,1,1,0,1,1,0,0,0,0,0,0,0,0,0,0,0,0,0,0,1,1,1,0,1,0,1,0,20,6,1,3.0,5,7.49660441426146,2,2,6,6,5,3,6,3,3,1,0,1,0,0,0,0,1,1,0,0,371250.0
a017846,2,1,0,0,1,0,0,0,0,0,0,0,0,0,0,0,0,0,0,0,0,0,0,0,0,0,0,0,0,1,0,0,1,0,0,0,0,0,0,0,0,0,0,0,0,0,0,0,0,0,0,0,0,0,0,0,0,0,40,6,1,2.0,4,7.49660441426146,2,4,2,2,4,4,5,2,5,0,1,1,0,0,0,0,1,0,0,0,271000.0
a006544,2,0,0,0,1,0,0,0,0,0,0,0,0,0,0,0,0,0,0,0,0,0,0,0,0,0,0,0,0,0,0,0,1,0,0,0,0,0,0,0,0,0,0,0,0,0,0,0,0,0,0,0,0,0,0,0,0,0,30,8,3,2.0,6,7.0,3,2,2,3,3,5,2,7,2,2,1,1,1,0,0,0,0,0,0,0,105000.0
a001570,3,0,0,0,0,0,0,0,0,0,0,0,0,0,0,0,0,0,0,0,0,0,0,0,0,1,0,0,0,0,0,0,0,0,0,0,0,0,0,0,0,0,0,0,0,0,0,0,0,0,0,0,0,1,0,0,0,0,30,4,2,4.0,4,7.0,3,4,2,5,2,1,3,4,5,1,1,0,1,0,0,0,1,0,0,0,235210.0
a009661,3,1,0,0,1,0,0,1,0,0,1,0,0,0,0,0,0,0,0,0,0,0,0,1,0,0,0,0,0,1,0,0,1,0,0,1,0,0,1,0,0,0,0,0,0,0,0,0,0,0,0,1,0,0,0,0,0,1,50,4,3,11.0,1,11.0,3,2,1,4,1,1,4,2,4,2,0,1,0,0,0,0,0,0,0,0,430000.0
a011302,2,1,1,0,0,0,0,0,0,0,0,0,0,0,0,0,0,0,0,0,0,0,1,0,0,0,0,0,0,1,1,0,0,0,0,0,0,0,0,0,0,0,0,0,0,0,0,0,0,0,1,0,0,0,0,0,0,1,20,4,4,8.0,4,7.0,3,3,5,5,5,2,2,6,6,2,1,1,0,0,0,0,1,0,0,0,24800.0
a017877,2,1,0,0,1,0,0,0,0,0,0,0,0,0,0,0,0,0,0,0,0,0,1,0,1,0,0,0,0,1,0,0,1,0,0,0,0,0,0,0,0,0,0,0,0,0,0,0,0,0,1,0,1,0,0,0,0,1,40,5,2,13.0,3,3.0,2,2,3,4,4,4,4,4,4,1,1,1,1,0,0,0,0,0,0,0,128000.0
a006534,2,1,0,0,0,0,0,0,0,0,0,0,0,0,0,0,0,0,0,0,0,0,0,0,0,0,0,0,0,1,0,0,0,0,0,0,0,0,0,0,0,0,0,0,0,0,0,0,0,0,0,0,0,0,0,0,0,0,20,6,1,2.0,5,7.49660441426146,3,6,2,3,6,4,5,5,2,0,1,1,0,0,0,1,0,0,0,0,17900.0
a007620,2,0,0,0,0,0,0,0,0,0,0,0,0,0,0,0,0,0,0,0,0,0,1,0,0,0,1,0,0,0,0,0,0,0,0,0,0,0,0,0,0,0,0,0,0,0,0,0,0,0,1,0,0,0,1,0,0,1,30,6,3,11.0,1,8.0,3,2,2,4,3,4,4,1,7,2,1,1,1,0,0,0,0,0,0,0,199600.0
a017697,2,0,0,0,0,0,0,0,0,0,0,0,0,0,0,0,0,0,0,0,0,0,1,0,0,0,0,0,0,0,0,0,0,0,0,0,0,0,0,0,0,0,0,0,0,0,0,0,0,0,1,0,0,0,0,0,0,1,60,6,5,11.0,3,7.0,3,2,2,7,2,2,7,2,7,0,1,1,0,0,0,1,0,0,0,0,18000.0
a007957,2,1,0,1,1,0,0,0,0,0,0,0,0,0,0,0,0,0,0,0,0,0,1,0,0,0,0,0,0,1,0,1,1,0,0,0,0,0,0,0,0,0,0,0,0,0,0,0,0,0,1,0,0,0,0,0,0,0,30,6,1,3.0,5,7.49660441426146,2,2,3,2,6,2,3,6,5,0,1,1,0,0,1,0,0,0,0,0,43100.0
a001635,3,0,0,0,1,0,1,0,0,1,0,0,0,0,0,0,0,0,0,0,0,0,0,0,1,0,0,1,0,0,0,0,1,0,1,0,0,1,0,0,0,0,0,0,0,0,0,0,0,0,0,0,1,0,0,1,0,1,60,6,2,4.0,4,6.0,2,4,1,6,3,4,3,7,1,0,1,1,0,0,0,1,0,0,0,0,372940.0
a002720,2,1,0,0,1,1,0,0,0,0,0,0,0,0,0,0,0,0,0,0,0,0,1,0,0,0,0,1,0,1,0,0,1,1,0,0,0,0,0,0,0,0,0,0,0,0,0,0,0,0,1,0,0,0,0,1,0,0,20,6,4,12.0,2,9.0,3,5,2,4,6,7,4,3,2,1,1,0,1,0,0,0,1,0,0,0,11000.0
a003501,2,1,1,0,0,0,0,0,0,1,0,0,0,0,0,0,0,0,0,0,0,0,0,0,0,0,0,0,0,1,1,0,0,0,0,0,0,1,0,0,0,0,0,0,0,0,0,0,0,0,0,0,0,0,0,0,0,1,30,4,3,4.0,3,6.0,2,2,4,5,2,2,5,4,5,2,1,1,1,0,0,0,0,0,0,0,76600.0
a008467,3,1,1,0,0,0,1,1,0,1,0,0,0,0,0,0,0,0,0,0,0,0,0,0,0,0,0,0,0,1,1,0,0,0,1,1,0,1,0,0,0,0,0,0,0,0,0,0,0,0,0,0,0,0,0,0,0,1,20,6,4,2.0,6,12.0,2,6,4,4,4,6,3,7,1,1,1,1,1,0,0,0,0,0,0,0,380550.0
a012512,3,1,1,0,0,0,0,0,0,0,0,0,0,0,0,0,0,0,0,0,0,0,1,0,0,0,1,0,0,1,1,0,0,0,0,0,0,0,0,0,0,0,0,0,0,0,0,0,0,0,1,0,0,0,1,0,0,1,60,6,2,11.0,1,3.0,4,2,4,3,2,4,4,5,5,2,0,0,1,0,0,0,0,0,1,1,466114.0
a006711,2,0,0,1,0,0,0,0,0,0,0,0,0,0,0,0,0,0,0,0,0,1,0,0,0,0,0,1,0,0,0,1,0,0,0,0,0,0,0,0,0,0,0,0,0,0,0,0,0,1,0,0,0,0,0,1,0,1,60,7,2,3.0,5,9.0,2,5,4,6,4,6,5,6,5,0,1,1,0,0,0,0,0,1,0,0,336800.0
a015229,3,1,1,0,1,0,1,0,0,0,0,0,0,0,0,0,0,0,0,0,0,0,0,0,0,0,0,0,0,1,1,0,1,0,1,0,0,0,0,0,0,0,0,0,0,0,0,0,0,0,0,0,0,0,0,0,0,0,20,6,1,4.0,2,7.49660441426146,3,2,2,3,5,2,5,2,6,0,0,1,0,1,0,0,1,0,0,0,140400.0
a007361,2,1,0,0,0,0,0,0,0,0,0,0,0,0,0,0,0,0,0,0,0,0,0,0,0,0,0,0,0,1,0,0,0,0,0,0,0,0,0,0,0,0,0,0,0,0,0,0,0,0,0,0,0,0,0,0,0,1,30,5,3,3.0,5,10.0,3,7,1,7,1,4,6,1,7,0,1,1,0,0,0,1,0,0,0,0,96000.0
a007024,2,0,0,0,1,1,0,0,0,0,0,0,0,0,0,0,0,0,0,0,0,0,1,0,0,0,0,0,0,0,0,0,1,1,0,0,0,0,0,0,0,0,0,0,0,0,0,0,0,0,1,0,0,0,0,0,0,0,40,4,3,13.0,4,5.0,1,2,3,3,4,2,4,2,4,2,1,1,1,0,0,0,0,0,0,0,60000.0
a006007,2,0,0,0,0,0,1,0,0,0,0,0,0,0,0,0,0,0,0,0,0,0,0,0,0,0,0,0,0,0,0,0,0,0,1,0,0,0,0,0,0,0,0,0,0,0,0,0,0,0,0,0,0,0,0,0,0,1,60,6,1,3.0,5,7.49660441426146,3,1,1,1,1,4,4,4,7,0,1,0,0,0,0,0,1,1,0,0,63500.0
a001701,3,1,0,0,0,0,0,0,0,0,0,0,0,0,0,0,0,0,0,0,0,1,1,0,0,0,0,1,1,1,0,0,0,0,0,0,0,0,0,0,0,0,0,0,0,0,0,0,0,1,1,0,0,0,0,1,1,0,40,6,2,1.0,5,8.0,2,1,1,1,1,1,4,1,4,1,1,0,1,0,0,0,1,0,0,0,506500.0
c005398,2,1,0,0,0,0,0,0,0,0,1,0,0,0,0,0,0,0,0,0,0,1,1,0,0,0,1,0,0,1,0,0,0,0,0,0,0,0,1,0,0,0,0,0,0,0,0,0,0,1,1,0,0,0,1,0,0,1,30,6,4,2.0,4,7.0,3,4,2,2,2,2,3,5,3,2,0,0,1,0,0,0,0,0,0,0,557800.0
a001625,3,0,1,1,0,0,0,0,0,0,0,0,0,0,0,0,0,0,0,0,0,0,1,0,0,0,0,0,1,0,1,1,0,0,0,0,0,0,0,0,0,0,0,0,0,0,0,0,0,0,1,0,0,0,0,0,1,0,30,6,3,3.0,6,11.0,1,1,2,1,4,7,2,2,6,2,0,0,1,0,0,0,1,1,0,0,1141200.0
a017829,2,1,0,0,0,0,0,0,0,0,0,0,0,0,0,0,0,0,0,0,0,0,0,0,0,0,0,0,0,1,0,0,0,0,0,0,0,0,0,0,0,0,0,0,0,0,0,0,0,0,0,0,0,0,0,0,0,0,20,6,1,2.0,6,7.49660441426146,3,2,1,1,1,1,2,4,2,1,1,1,1,0,0,0,0,0,0,0,77100.0
a005113,2,0,1,0,0,0,1,0,0,0,0,0,1,0,0,0,0,0,0,0,0,0,0,0,0,0,0,0,0,0,1,0,0,0,1,0,0,0,0,0,1,0,0,0,0,0,0,0,0,0,0,0,0,0,0,0,0,1,30,6,1,3.0,4,7.49660441426146,3,2,6,1,1,2,2,3,5,0,1,1,0,1,0,0,0,0,0,0,219000.0
a005631,2,0,1,0,0,0,0,0,0,0,0,0,1,0,0,0,0,0,0,0,0,0,0,0,0,0,0,0,0,0,1,0,0,0,0,0,0,0,0,0,1,0,0,0,0,0,0,0,0,0,0,0,0,0,0,0,0,0,30,6,2,2.0,5,8.0,3,2,1,1,1,1,7,2,7,1,0,1,1,0,0,0,1,0,0,0,195200.0
a004874,2,0,0,1,0,0,0,0,0,0,0,0,0,1,0,0,0,0,0,0,0,0,1,0,0,0,0,0,0,0,0,1,0,0,0,0,0,0,0,0,0,1,0,0,0,0,0,0,0,0,1,0,0,0,0,0,0,1,30,6,2,13.0,1,2.0,3,1,3,1,3,2,4,7,4,1,1,1,1,0,0,0,0,0,0,0,158540.0
a006436,2,0,0,1,1,0,1,1,0,1,0,0,0,0,0,0,0,0,0,0,0,0,0,0,0,0,0,0,0,0,0,1,1,0,1,1,0,1,0,0,0,0,0,0,0,0,0,0,0,0,0,0,0,0,0,0,0,0,20,6,1,3.0,4,7.49660441426146,3,4,4,2,5,5,4,2,7,0,1,0,0,0,0,0,1,1,0,0,470600.0
b004131,2,0,0,1,1,0,0,0,0,0,0,0,0,0,0,0,0,0,0,0,0,0,1,0,0,0,0,1,1,0,0,1,1,0,0,0,0,0,0,0,0,0,0,0,0,0,0,0,0,0,1,0,0,0,0,1,1,1,30,5,1,2.0,4,7.49660441426146,4,2,2,1,4,6,4,7,3,0,1,0,0,1,0,1,0,0,0,0,111500.0
a018047,2,0,0,0,0,0,0,0,0,0,0,0,0,0,0,0,0,0,0,0,0,1,0,0,0,0,1,0,0,0,0,0,0,0,0,0,0,0,0,0,0,0,0,0,0,0,0,0,0,1,0,0,0,0,1,0,0,1,30,6,4,3.0,4,7.0,3,3,5,3,3,5,3,5,6,2,1,1,1,0,0,0,0,0,0,0,634040.0
a002336,2,1,0,1,0,0,1,0,0,0,0,0,0,0,0,0,0,0,0,0,0,0,1,0,0,0,0,0,0,1,0,1,0,0,1,0,0,0,0,0,0,0,0,0,0,0,0,0,0,0,1,0,0,0,0,0,0,1,40,7,1,1.0,2,7.49660441426146,3,3,5,4,6,4,3,5,3,0,1,0,0,0,0,0,1,1,0,0,41150.0
a018039,2,1,1,0,0,1,1,1,0,0,0,1,0,0,0,0,0,0,0,0,0,0,1,0,1,0,1,0,0,1,1,0,0,1,1,1,0,0,0,1,0,0,0,0,0,0,0,0,0,0,1,0,1,0,1,0,0,0,30,6,2,2.0,4,4.0,2,2,1,3,1,2,3,3,6,1,1,0,1,0,0,0,1,0,0,0,229600.0
a005445,2,1,0,0,0,1,0,0,0,0,0,0,0,0,0,0,0,0,0,0,0,0,1,0,0,0,0,0,0,1,0,0,0,1,0,0,0,0,0,0,0,0,0,0,0,0,0,0,0,0,1,0,0,0,0,0,0,0,30,7,3,3.0,8,12.0,2,2,2,6,1,1,2,6,1,3,0,1,1,0,0,1,0,0,0,0,751000.0
c011761,2,0,0,0,0,1,0,0,0,0,0,0,0,0,0,0,0,0,0,0,0,0,1,0,1,0,1,0,1,0,0,0,0,1,0,0,0,0,0,0,0,0,0,0,0,0,0,0,0,0,1,0,1,0,1,0,1,0,30,6,1,3.0,4,7.49660441426146,2,2,4,2,4,2,2,5,4,0,1,0,0,0,0,1,1,0,0,0,137280.0
a003301,3,1,1,1,1,1,0,0,0,0,0,0,0,0,0,0,0,0,0,0,0,0,0,0,0,0,0,0,0,1,1,1,1,1,0,0,0,0,0,0,0,0,0,0,0,0,0,0,0,0,0,0,0,0,0,0,0,0,30,6,1,3.0,5,7.49660441426146,2,3,5,3,4,6,5,5,2,1,0,0,1,0,0,0,1,1,0,0,94010.0
a004598,2,0,0,0,0,0,0,0,0,1,0,0,1,0,0,0,0,0,0,0,0,1,1,0,0,0,1,0,0,0,0,0,0,0,0,0,0,1,0,0,1,0,0,0,0,0,0,0,0,1,1,0,0,0,1,0,0,0,30,6,2,2.0,7,7.0,2,5,6,6,2,2,5,2,6,2,0,0,1,0,0,1,1,0,0,0,168600.0
a000166,3,1,1,0,1,0,1,0,0,0,0,0,0,0,0,0,0,0,0,0,0,0,1,0,0,0,0,0,0,1,0,0,0,0,0,0,0,0,0,0,0,0,0,0,0,0,0,0,0,0,0,0,0,0,0,0,0,1,20,6,2,3.0,1,4.0,3,7,2,3,2,2,6,2,5,3,0,1,1,0,0,0,1,0,0,0,353550.0
b006455,2,0,0,0,0,1,0,0,0,0,0,0,0,0,0,0,0,0,0,0,0,0,1,1,1,0,0,0,0,0,0,0,0,1,0,0,0,0,0,0,0,0,0,0,0,0,0,0,0,0,1,1,1,0,0,0,0,0,30,6,2,3.0,5,7.0,2,2,1,3,5,3,6,2,3,1,1,1,0,0,1,0,0,0,0,0,55100.0
a004263,3,1,1,0,0,0,0,0,0,0,0,1,0,0,0,0,0,0,0,0,0,1,0,0,0,0,0,1,0,1,1,0,0,0,0,0,0,0,0,1,0,0,0,0,0,0,0,0,0,1,0,0,0,0,0,1,0,1,40,6,3,11.0,3,6.0,2,1,3,2,4,6,6,6,6,2,1,0,1,0,0,0,0,1,0,0,1818440.0
a006175,2,1,0,0,0,0,0,0,0,0,0,0,0,0,0,0,0,0,0,0,0,0,0,0,0,0,0,0,1,1,0,0,0,0,0,0,0,0,0,0,0,0,0,0,0,0,0,0,0,0,0,0,0,0,0,0,1,0,40,6,1,13.0,1,7.49660441426146,3,2,2,6,7,4,2,7,2,1,1,0,1,0,0,1,0,0,0,0,88300.0
a017993,2,0,0,0,0,0,0,0,0,0,0,0,0,0,0,0,0,0,0,0,0,1,0,0,1,0,1,0,0,0,0,0,0,0,0,0,0,0,0,0,0,0,0,0,0,0,0,0,0,1,0,0,1,0,1,0,0,1,20,6,1,2.0,5,7.49660441426146,2,1,1,1,4,7,1,7,7,1,1,0,1,0,0,0,1,0,0,0,567800.0
a004864,2,0,1,1,0,0,0,0,0,1,0,1,0,0,0,0,0,0,0,0,0,0,1,0,0,0,0,0,0,0,1,1,0,0,0,0,0,1,0,1,0,0,0,0,0,0,0,0,0,0,1,0,0,0,0,0,0,1,20,6,4,3.0,4,9.0,2,2,3,2,2,2,2,6,4,1,1,1,1,0,0,0,0,0,0,0,185800.0
a001875,3,0,1,0,0,0,0,0,0,0,0,0,0,0,0,0,0,0,0,0,0,0,1,0,0,1,0,1,0,0,1,0,0,0,0,0,0,0,0,0,0,0,0,0,0,0,0,0,0,0,1,0,0,1,0,1,0,1,30,6,2,2.0,6,6.0,3,1,7,1,3,1,5,6,7,1,1,1,0,0,0,1,0,0,0,0,650800.0
a017946,2,0,1,0,0,0,0,0,0,0,0,0,0,0,0,0,0,0,0,0,0,0,1,0,0,0,0,0,0,0,1,0,0,0,0,0,0,0,0,0,0,0,0,0,0,0,0,0,0,0,1,0,0,0,0,0,0,1,50,7,2,11.0,3,8.0,2,7,7,7,6,7,4,4,2,1,1,1,1,0,0,0,0,0,0,0,67000.0
c006214,2,0,1,0,1,0,0,0,0,0,0,0,0,0,0,0,0,0,0,0,0,0,0,0,0,0,0,0,0,0,1,0,1,0,0,0,0,0,0,0,0,0,0,0,0,0,0,0,0,0,0,0,0,0,0,0,0,0,40,6,4,3.0,5,10.0,2,5,2,2,2,2,2,2,2,0,1,1,0,0,0,0,1,0,0,0,199200.0
c000580,3,1,0,0,0,0,0,0,0,0,0,0,0,0,0,0,0,0,0,0,0,1,1,0,1,0,1,0,0,1,0,0,0,0,0,0,0,0,0,0,0,0,0,0,0,0,0,0,0,1,1,0,1,0,1,0,0,1,50,6,3,2.0,2,12.0,1,1,1,1,1,1,4,1,6,3,1,1,0,0,0,1,0,0,0,0,447640.0
a006893,2,0,1,0,0,0,0,0,1,0,0,0,0,0,0,0,0,0,0,0,0,0,0,0,0,0,0,0,0,0,1,0,0,0,0,0,1,0,0,0,0,0,0,0,0,0,0,0,0,0,0,0,0,0,0,0,0,1,30,6,3,3.0,5,10.0,3,5,5,3,5,5,5,3,3,2,1,1,1,0,0,0,0,0,0,0,91200.0
a004745,2,1,1,1,1,0,1,0,0,0,0,0,0,0,0,0,0,0,0,0,0,0,0,0,0,0,0,0,0,1,1,1,1,0,1,0,0,0,0,0,0,0,0,0,0,0,0,0,0,0,0,0,0,0,0,0,0,1,30,4,3,5.0,2,5.0,3,6,7,4,5,3,4,3,5,0,1,1,0,0,0,0,1,0,0,0,45800.0
a001934,3,1,1,1,1,1,0,0,0,0,0,0,0,0,0,0,0,0,0,0,0,0,0,0,0,0,0,0,0,1,1,1,1,1,0,0,0,0,0,0,0,0,0,0,0,0,0,0,0,0,0,0,0,0,0,0,0,1,30,6,4,4.0,2,4.0,4,2,2,2,5,4,6,4,3,3,0,0,1,0,0,0,0,0,0,0,1660400.0
b006019,2,0,0,0,1,0,1,0,0,0,0,0,0,0,0,0,0,0,0,0,0,1,0,0,1,0,0,1,0,0,0,0,1,0,1,0,0,0,0,0,0,0,0,0,0,0,0,0,0,1,0,0,1,0,0,1,0,0,30,5,4,12.0,1,7.0,2,3,2,2,4,3,3,6,4,0,1,0,0,1,0,0,1,0,0,0,42700.0
a002193,3,1,1,0,1,0,0,0,0,0,0,0,1,0,0,0,0,0,0,0,0,0,0,0,0,0,0,0,1,1,1,0,1,0,0,0,0,0,0,0,1,0,0,0,0,0,0,0,0,0,0,0,0,0,0,0,1,1,20,6,3,2.0,3,7.0,2,3,2,1,6,6,3,2,6,3,1,0,1,0,0,0,1,0,0,0,399600.0
a000135,3,0,0,0,0,1,1,0,0,0,0,0,0,0,0,0,0,0,0,0,0,0,0,0,1,0,0,1,1,0,1,0,0,0,0,0,0,0,0,0,0,0,0,0,0,0,0,0,0,0,0,0,0,0,0,0,0,1,30,4,1,3.0,3,7.49660441426146,3,1,1,4,4,1,4,3,5,3,1,1,0,0,0,1,0,0,0,0,309610.0
a006288,2,1,0,1,0,0,0,0,0,0,0,0,0,0,0,0,0,0,0,0,0,0,0,0,0,0,0,0,0,1,0,1,0,0,0,0,0,0,0,0,0,0,0,0,0,0,0,0,0,0,0,0,0,0,0,0,0,0,30,6,2,3.0,6,10.0,2,2,2,3,2,3,2,3,5,0,1,0,0,0,0,1,1,0,0,0,57200.0
a018100,2,1,0,0,0,0,1,0,0,0,0,0,0,0,0,0,0,0,0,0,0,1,0,0,0,0,0,0,0,1,0,0,0,0,1,0,0,0,0,0,0,0,0,0,0,0,0,0,0,1,0,0,0,0,0,0,0,0,30,8,2,2.0,6,6.0,2,3,1,2,2,1,6,2,6,1,0,0,1,0,1,0,0,1,0,0,588200.0
a002844,4,0,0,1,0,0,1,0,0,1,0,0,1,0,0,0,0,0,0,0,0,0,0,0,0,0,0,0,0,0,0,1,0,0,1,0,0,1,0,0,1,0,0,0,0,0,0,0,0,0,0,0,0,0,0,0,0,1,30,6,1,3.0,5,7.49660441426146,3,2,2,2,4,3,2,7,5,1,1,0,1,0,0,0,1,0,0,0,564100.0
a015175,3,1,0,0,0,0,0,0,0,0,0,0,0,0,0,0,0,0,0,0,0,0,0,0,0,0,0,0,0,1,0,0,0,0,0,0,0,0,0,0,0,0,0,0,0,0,0,0,0,0,0,0,0,0,0,0,0,0,50,2,4,4.0,3,6.0,3,4,5,6,5,4,5,4,6,0,1,0,0,0,0,1,1,0,0,0,946600.0
c004037,2,0,0,1,0,0,1,0,0,0,0,0,0,0,0,0,0,0,0,0,0,1,1,0,0,0,1,0,0,0,0,1,0,0,1,0,0,0,0,0,0,0,0,0,0,0,0,0,0,1,1,0,0,0,1,0,0,1,50,6,1,13.0,9,7.49660441426146,2,3,5,4,5,4,4,3,4,0,1,0,0,0,0,0,1,1,0,0,17500.0
a015266,2,1,1,0,0,0,0,0,0,0,0,0,0,0,0,0,0,0,0,0,0,1,1,0,0,0,0,0,0,1,1,0,0,0,0,0,0,0,0,0,0,0,0,0,0,0,0,0,0,1,1,0,0,0,0,0,0,0,20,6,1,3.0,4,7.49660441426146,3,1,2,4,2,1,4,4,3,1,1,1,1,0,0,0,0,0,0,0,18000.0
a001354,2,0,1,0,0,0,1,0,0,1,0,0,1,0,0,0,0,0,0,0,0,0,0,0,0,0,1,0,0,0,1,0,0,0,1,0,0,1,0,0,1,0,0,0,0,0,0,0,0,0,0,0,0,0,1,0,0,1,20,6,4,3.0,4,7.0,2,1,1,1,2,6,2,6,7,3,1,1,1,0,0,0,0,0,0,0,257200.0
a014727,4,0,0,0,1,0,0,0,0,0,0,0,0,0,0,0,0,0,0,0,0,1,0,0,0,0,0,1,0,0,0,0,1,0,0,0,0,0,0,0,0,0,0,0,0,0,0,0,0,1,0,0,0,0,0,1,0,1,40,5,2,5.0,3,4.0,2,1,2,1,4,3,4,4,7,0,1,0,0,0,0,0,0,0,0,0,994000.0
a000537,2,1,0,0,1,0,1,0,0,0,0,0,0,0,0,0,0,0,0,0,0,0,1,0,1,0,0,0,0,1,0,0,1,0,1,0,0,0,0,0,0,0,0,0,0,0,0,0,0,0,1,0,1,0,0,0,0,1,40,8,2,2.0,6,7.0,2,2,1,1,2,3,1,3,6,0,0,0,0,0,0,0,1,1,0,0,107100.0
a002698,2,0,0,0,1,0,1,0,0,0,0,0,0,0,0,0,0,0,0,0,0,0,1,0,0,0,0,0,0,0,0,0,1,0,1,0,0,0,0,0,0,0,0,0,0,0,0,0,0,0,1,0,0,0,0,0,0,1,30,7,1,2.0,6,7.49660441426146,2,4,1,1,1,4,2,1,7,0,1,1,0,0,1,0,0,0,0,0,413000.0
a008046,2,0,0,0,0,0,0,0,0,0,0,0,0,0,0,0,0,0,0,0,0,0,1,0,0,0,0,0,0,0,0,0,0,0,0,0,0,0,0,0,0,0,0,0,0,0,0,0,0,0,1,0,0,0,0,0,0,1,30,5,4,4.0,3,5.0,3,6,3,6,6,6,7,6,7,3,1,1,0,0,1,0,0,0,0,0,72000.0
a005034,3,0,0,1,1,0,1,0,0,0,0,0,1,0,0,0,0,0,0,0,0,0,1,0,0,0,0,0,0,0,0,1,1,0,1,0,0,0,0,0,1,0,0,0,0,0,0,0,0,0,1,0,0,0,0,0,0,0,20,6,1,3.0,4,7.49660441426146,2,1,1,2,3,2,2,2,3,0,1,1,0,0,0,0,0,1,0,0,710500.0
a000084,4,1,1,1,1,0,0,0,0,0,0,0,0,0,0,0,0,0,0,0,0,0,0,1,0,0,0,0,0,1,0,0,0,0,0,0,0,0,0,0,0,0,0,0,0,0,0,0,0,0,0,0,0,0,0,0,0,0,40,8,4,4.0,12,12.0,3,2,1,5,2,4,2,6,4,1,1,0,1,0,0,0,0,1,0,0,1054700.0
a002531,3,0,0,0,0,0,0,0,0,0,0,0,0,0,0,0,0,0,0,0,0,1,1,0,0,0,0,0,0,0,0,0,0,0,0,0,0,0,0,0,0,0,0,0,0,0,0,0,0,1,1,0,0,0,0,0,0,1,30,6,2,2.0,5,7.0,2,1,1,1,2,6,2,2,6,3,1,1,1,0,0,0,0,0,0,0,1518840.0
a003747,2,0,0,0,0,0,1,0,0,1,0,0,0,0,0,0,0,0,0,0,0,1,1,0,1,0,0,0,0,0,0,0,0,0,1,0,0,1,0,0,0,0,0,0,0,0,0,0,0,1,1,0,1,0,0,0,0,1,30,6,1,3.0,6,7.49660441426146,2,2,6,1,4,2,4,7,6,0,1,1,0,0,0,0,1,0,0,0,18700.0
a005159,2,0,1,0,0,0,0,0,0,0,0,0,0,0,0,0,0,0,0,0,0,1,1,0,0,0,0,0,0,0,1,0,0,0,0,0,0,0,0,0,0,0,0,0,0,0,0,0,0,1,1,0,0,0,0,0,0,1,40,7,4,2.0,10,11.0,2,3,2,5,2,3,2,1,6,2,1,0,1,0,0,0,0,0,0,1,336200.0
a005039,2,0,0,1,1,0,1,0,0,0,0,0,0,0,0,0,0,0,0,0,0,0,0,0,1,0,0,0,0,0,0,1,1,0,1,0,0,0,0,0,0,0,0,0,0,0,0,0,0,0,0,0,1,0,0,0,0,1,40,8,3,3.0,6,9.0,1,3,2,5,3,5,3,3,5,2,1,0,1,0,0,0,0,1,0,0,95245.0
a002381,2,0,1,0,0,0,0,0,0,0,0,0,0,0,0,0,0,0,0,0,0,0,1,0,0,0,0,0,0,0,1,0,0,0,0,0,0,0,0,0,0,0,0,0,0,0,0,0,0,0,1,0,0,0,0,0,0,0,20,6,4,2.0,4,11.0,2,4,1,1,1,4,2,2,7,1,0,1,0,0,1,0,1,0,0,0,36700.0
a005828,3,1,1,0,0,0,0,0,0,0,0,0,0,0,0,0,0,0,0,0,0,0,0,0,1,0,0,0,0,1,1,0,0,0,0,0,0,0,0,0,0,0,0,0,0,0,0,0,0,0,0,0,1,0,0,0,0,0,30,6,3,1.0,7,7.0,3,2,3,2,1,1,2,1,4,2,1,1,1,0,0,0,0,0,0,0,1680980.0
a001785,3,0,0,0,0,0,0,0,0,0,0,0,0,0,0,0,0,0,0,0,0,1,0,1,0,0,1,1,0,0,0,0,0,0,0,0,0,0,0,0,0,0,0,0,0,0,0,0,0,1,0,1,0,0,1,1,0,1,40,6,4,2.0,7,12.0,2,6,1,3,2,2,2,6,3,2,0,1,1,1,0,0,0,0,0,0,696300.0
a002702,2,0,0,0,0,0,0,0,0,0,0,0,0,0,0,0,0,0,0,0,0,0,1,0,0,0,0,0,0,0,0,0,0,0,0,0,0,0,0,0,0,0,0,0,0,0,0,0,0,0,1,0,0,0,0,0,0,1,50,4,2,4.0,3,5.0,2,1,7,1,3,1,3,1,2,1,1,1,1,0,0,0,0,0,0,0,34000.0
a007621,2,1,0,0,0,0,1,0,0,0,0,0,0,0,0,0,0,0,0,0,0,0,1,0,0,0,1,0,0,1,0,0,0,0,1,0,0,0,0,0,0,0,0,0,0,0,0,0,0,0,1,0,0,0,1,0,0,1,20,5,1,3.0,6,7.49660441426146,3,5,3,3,3,3,3,3,5,0,1,1,0,0,0,0,1,0,0,0,55600.0
a011510,2,0,1,1,0,1,1,0,0,0,0,0,0,0,0,0,0,0,0,0,0,0,0,1,0,0,0,0,0,0,1,1,0,1,1,0,0,0,0,0,0,0,0,0,0,0,0,0,0,0,0,1,0,0,0,0,0,0,30,6,3,3.0,5,10.0,2,1,4,7,4,2,3,3,2,1,0,0,1,0,1,0,1,0,0,0,11340.0
a006041,2,1,0,0,0,0,0,0,0,0,0,0,0,0,0,0,0,0,0,0,0,0,0,0,0,0,0,0,0,1,0,0,0,0,0,0,0,0,0,0,0,0,0,0,0,0,0,0,0,0,0,0,0,0,0,0,0,0,40,7,3,2.0,9,9.0,2,2,1,3,2,1,4,7,6,2,0,0,1,0,0,0,0,0,0,1,444000.0
a017655,2,1,1,0,0,0,0,0,0,0,0,0,0,0,0,0,0,0,0,0,0,0,1,0,0,0,0,0,0,1,1,0,0,0,0,0,0,0,0,0,0,0,0,0,0,0,0,0,0,0,1,0,0,0,0,0,0,1,20,6,1,12.0,1,7.49660441426146,3,5,3,1,4,3,5,3,6,1,1,1,1,0,0,0,0,0,0,0,224860.0
a002317,2,0,0,0,1,0,0,0,0,0,0,1,0,0,0,0,0,0,0,0,0,0,1,0,0,0,0,0,0,0,0,0,1,0,0,0,0,0,0,1,0,0,0,0,0,0,0,0,0,0,1,0,0,0,0,0,0,1,40,7,3,11.0,1,1.0,2,4,4,4,6,6,4,6,6,1,1,0,0,1,0,1,0,0,0,0,438400.0
a018012,2,0,0,0,1,0,0,0,0,0,0,0,0,0,0,0,0,0,0,0,0,0,0,0,0,0,0,0,0,0,0,0,1,0,0,0,0,0,0,0,0,0,0,0,0,0,0,0,0,0,0,0,0,0,0,0,0,1,40,6,2,2.0,5,5.0,3,2,4,5,3,4,3,5,6,1,0,0,0,0,0,1,0,0,0,0,46800.0
a005419,2,0,0,0,1,0,0,0,0,0,0,0,0,0,0,0,0,0,0,0,0,1,1,0,0,0,1,1,0,0,0,0,1,0,0,0,0,0,0,0,0,0,0,0,0,0,0,0,0,1,1,0,0,0,1,1,0,1,30,6,3,2.0,2,7.0,3,3,6,2,6,6,6,6,4,2,1,1,1,0,0,0,0,0,0,0,80000.0
a018010,2,0,0,1,0,0,1,0,0,0,0,0,0,0,0,0,0,0,0,0,0,0,1,0,1,0,1,0,0,0,0,1,0,0,1,0,0,0,0,0,0,0,0,0,0,0,0,0,0,0,1,0,1,0,1,0,0,0,50,6,3,2.0,10,11.0,2,2,2,2,2,5,5,5,6,1,1,0,1,0,1,0,0,0,0,0,226600.0
a006202,2,0,0,0,0,1,0,0,0,0,0,1,1,0,0,0,0,0,0,0,0,0,0,0,0,0,0,0,0,0,0,0,0,1,0,0,0,0,0,1,1,0,0,0,0,0,0,0,0,0,0,0,0,0,0,0,0,1,20,5,4,5.0,4,12.0,3,5,4,2,3,5,5,4,7,0,1,1,0,0,0,0,1,0,0,0,96900.0
a007364,2,0,0,0,0,0,0,0,0,0,0,0,0,0,0,0,0,0,0,0,0,0,1,0,0,0,1,0,0,0,0,0,0,0,0,0,0,0,0,0,0,0,0,0,0,0,0,0,0,0,1,0,0,0,1,0,0,1,20,6,2,2.0,4,6.0,2,6,6,1,3,6,6,1,7,1,1,0,1,0,1,0,0,0,0,0,36000.0
a007307,2,0,0,0,0,0,0,0,0,1,0,0,0,0,0,0,0,0,0,0,0,1,0,0,0,0,0,0,1,0,0,0,0,0,0,0,0,1,0,0,0,0,0,0,0,0,0,0,0,1,0,0,0,0,0,0,1,0,60,7,3,2.0,5,5.0,1,1,1,1,1,1,1,1,7,4,0,1,0,1,0,0,0,0,0,0,1555500.0
a015383,2,1,1,0,1,0,0,0,0,0,0,0,0,0,0,0,0,0,0,0,0,0,0,0,0,0,0,0,0,1,1,0,1,0,0,0,0,0,0,0,0,0,0,0,0,0,0,0,0,0,0,0,0,0,0,0,0,1,30,5,4,3.0,5,12.0,2,1,1,5,5,6,2,3,6,2,1,0,1,0,0,0,0,0,1,0,377600.0
a011237,2,1,0,0,1,1,0,1,0,1,0,0,0,0,0,0,0,0,0,0,0,0,0,0,0,0,0,0,0,1,0,0,1,1,0,1,0,1,0,0,0,0,0,0,0,0,0,0,0,0,0,0,0,0,0,0,0,1,60,4,2,11.0,1,6.0,2,3,2,1,4,3,2,5,4,1,1,0,1,0,0,0,1,0,0,0,84500.0
a005348,2,1,1,1,0,1,1,0,0,0,0,0,0,0,0,0,0,0,0,0,0,0,0,0,0,0,0,0,0,1,1,1,0,1,1,0,0,0,0,0,0,0,0,0,0,0,0,0,0,0,0,0,0,0,0,0,0,1,30,6,4,11.0,1,6.0,2,3,4,4,4,7,4,4,7,5,1,0,1,0,0,0,0,1,0,0,30000.0
a001801,2,1,0,1,0,0,0,0,0,0,0,0,0,0,0,0,0,0,0,0,0,0,0,0,1,0,0,0,0,1,0,1,0,0,0,0,0,0,0,0,0,0,0,0,0,0,0,0,0,0,0,0,1,0,0,0,0,1,20,6,3,7.0,4,9.0,2,2,4,1,3,6,2,1,5,1,0,0,1,0,0,0,1,1,0,0,53500.0
a007939,2,1,0,0,0,0,0,0,0,0,0,0,0,0,0,0,0,0,0,0,0,0,0,0,0,0,0,0,0,1,0,0,0,0,0,0,0,0,0,0,0,0,0,0,0,0,0,0,0,0,0,0,0,0,0,0,0,1,50,6,4,2.0,4,7.0,2,4,5,2,6,5,6,7,3,1,1,1,0,0,1,0,0,0,0,0,117400.0
a015136,2,1,0,0,1,0,0,1,0,0,0,0,0,0,0,0,0,0,0,0,0,0,1,0,0,0,0,0,0,1,0,0,1,0,0,1,0,0,0,0,0,0,0,0,0,0,0,0,0,0,1,0,0,0,0,0,0,1,20,6,4,3.0,4,7.0,3,4,4,4,5,5,4,4,3,0,1,1,0,0,1,0,0,0,0,0,9000.0
a001213,2,0,0,0,1,1,1,0,0,0,0,1,0,0,0,0,0,0,0,0,0,0,0,0,0,0,0,0,0,0,0,0,1,1,1,0,0,0,0,1,0,0,0,0,0,0,0,0,0,0,0,0,0,0,0,0,0,0,40,6,4,3.0,6,8.0,2,2,2,2,3,6,4,1,5,3,1,0,1,0,0,0,0,1,0,0,78500.0
a007182,2,0,0,1,0,0,0,0,0,1,0,0,0,0,0,0,0,0,0,0,0,0,0,0,0,0,0,0,0,0,0,1,0,0,0,0,0,1,0,0,0,0,0,0,0,0,0,0,0,0,0,0,0,0,0,0,0,0,30,6,4,2.0,6,11.0,2,2,2,4,4,2,4,5,4,3,1,1,1,0,0,0,0,0,0,0,163800.0
a012377,3,1,0,1,1,0,1,0,0,0,0,0,0,0,0,0,0,0,0,0,0,0,0,0,0,0,0,0,0,1,0,1,1,0,1,0,0,0,0,0,0,0,0,0,0,0,0,0,0,0,0,0,0,0,0,0,0,1,40,5,2,2.0,4,4.0,3,5,3,1,1,4,3,5,7,0,1,1,0,0,0,0,0,1,0,0,260100.0
a010396,2,0,0,0,0,0,1,0,0,0,0,0,0,0,0,0,0,0,0,0,0,0,0,0,0,0,0,0,0,0,0,0,0,0,1,0,0,0,0,0,0,0,0,0,0,0,0,0,0,0,0,0,0,0,0,0,0,0,20,6,4,12.0,2,7.0,4,4,4,4,4,4,4,4,4,1,0,1,1,0,1,0,0,0,0,0,30300.0
a017863,2,1,0,0,0,0,1,1,0,0,0,0,0,0,0,0,0,0,0,0,0,0,1,0,0,0,1,0,0,1,0,0,0,0,1,1,0,0,0,0,0,0,0,0,0,0,0,0,0,0,1,0,0,0,1,0,0,0,30,5,4,12.0,3,6.0,3,2,4,2,4,4,2,4,6,1,1,0,1,0,1,0,0,0,0,0,77500.0
a006993,2,1,0,0,0,0,0,0,0,0,0,0,0,0,0,0,0,0,0,0,0,0,0,0,0,0,0,0,0,1,0,0,0,0,0,0,0,0,0,0,0,0,0,0,0,0,0,0,0,0,0,0,0,0,0,0,0,0,20,7,1,2.0,5,7.49660441426146,2,2,3,3,4,6,3,1,3,0,1,1,0,0,0,1,0,0,0,0,44500.0
a000545,3,0,0,0,0,0,0,0,1,0,0,0,0,0,0,0,0,0,0,0,0,0,0,0,0,0,0,0,0,0,0,0,0,0,0,0,1,0,0,0,0,0,0,0,0,0,0,0,0,0,0,0,0,0,0,0,0,1,20,6,1,3.0,4,7.49660441426146,3,3,5,3,4,4,5,5,5,1,1,1,0,0,0,0,0,0,0,1,532270.0
a001774,3,0,0,0,0,1,0,0,1,0,0,0,0,0,0,0,0,0,0,0,0,0,0,0,0,0,0,0,0,0,0,0,0,1,0,0,1,0,0,0,0,0,0,0,0,0,0,0,0,0,0,0,0,0,0,0,0,1,30,6,1,3.0,7,7.49660441426146,3,1,1,3,4,4,2,3,3,0,0,1,0,0,0,1,1,0,0,0,257400.0
a010227,3,0,0,0,0,0,0,0,0,0,0,0,0,0,0,0,0,0,0,0,0,1,0,0,0,0,0,0,0,0,0,0,0,0,0,0,0,0,0,0,0,0,0,0,0,0,0,0,0,1,0,0,0,0,0,0,0,1,30,5,1,3.0,4,7.49660441426146,2,2,3,2,2,2,5,6,5,1,1,1,0,0,0,1,0,0,0,0,109100.0
a003729,2,1,0,0,0,0,1,0,0,0,0,0,0,0,0,0,0,0,0,0,0,0,0,0,0,0,0,0,0,1,0,0,0,0,1,0,0,0,0,0,0,0,0,0,0,0,0,0,0,0,0,0,0,0,0,0,0,1,30,6,4,13.0,1,5.0,2,7,4,5,2,4,5,2,6,0,1,0,0,0,0,0,1,1,0,0,6200.0
a017517,2,1,0,0,0,0,0,0,0,0,0,0,0,0,0,0,0,0,0,0,0,1,0,0,0,0,0,0,0,1,0,0,0,0,0,0,0,0,0,0,0,0,0,0,0,0,0,0,0,1,0,0,0,0,0,0,0,1,50,6,3,2.0,4,7.0,2,3,7,2,4,4,2,7,4,0,1,1,0,0,0,1,0,0,0,0,112380.0
a004184,2,0,0,0,0,0,1,0,0,1,0,0,0,0,0,0,0,0,0,0,0,0,1,0,0,0,0,0,0,0,0,0,0,0,1,0,0,1,0,0,0,0,0,0,0,0,0,0,0,0,1,0,0,0,0,0,0,0,20,5,1,2.0,5,7.49660441426146,2,6,1,1,5,4,4,5,2,1,1,0,1,0,0,0,1,0,0,0,193200.0
a006547,2,1,0,0,0,0,0,0,0,0,0,0,0,0,0,0,0,0,0,0,0,0,0,0,0,0,0,0,0,1,0,0,0,0,0,0,0,0,0,0,0,0,0,0,0,0,0,0,0,0,0,0,0,0,0,0,0,0,30,4,2,4.0,3,4.0,2,2,1,1,4,1,4,1,1,1,1,1,1,0,0,0,0,0,0,0,543148.0
a007645,2,0,0,0,0,0,0,0,0,0,0,0,0,0,0,0,0,0,0,0,0,0,1,0,0,0,0,0,0,0,0,0,0,0,0,0,0,0,0,0,0,0,0,0,0,0,0,0,0,0,1,0,0,0,0,0,0,1,20,6,3,3.0,6,8.0,2,2,2,2,6,7,4,1,6,1,1,0,0,0,1,0,1,0,0,0,204492.0
b015583,2,0,0,0,0,0,0,0,0,0,0,0,0,0,0,0,0,0,0,0,0,0,1,0,0,0,0,0,0,0,0,0,0,0,0,0,0,0,0,0,0,0,0,0,0,0,0,0,0,0,1,0,0,0,0,0,0,1,20,6,5,3.0,3,7.0,2,1,1,1,4,7,1,1,7,1,1,0,0,0,0,0,0,0,0,0,384000.0
a002380,2,1,0,1,1,0,1,0,0,0,1,0,0,0,0,0,0,0,0,0,0,0,0,0,0,0,0,0,0,1,0,1,1,0,1,0,0,0,1,0,0,0,0,0,0,0,0,0,0,0,0,0,0,0,0,0,0,0,20,6,2,3.0,4,9.0,3,6,3,3,1,2,3,5,3,1,1,1,1,0,0,0,0,0,0,0,63800.0
a017772,2,1,1,0,0,0,0,0,0,0,0,0,0,0,0,0,0,0,0,0,0,0,1,0,0,0,0,0,0,1,1,0,0,0,0,0,0,0,0,0,0,0,0,0,0,0,0,0,0,0,1,0,0,0,0,0,0,1,30,6,1,3.0,5,7.49660441426146,3,3,3,2,6,2,2,6,4,0,1,1,0,0,0,0,1,0,0,0,159800.0
a006394,2,1,1,0,0,0,1,0,0,0,0,1,0,0,0,0,0,0,0,0,0,0,0,0,0,0,0,0,0,1,1,0,0,0,1,0,0,0,0,1,0,0,0,0,0,0,0,0,0,0,0,0,0,0,0,0,0,1,30,6,1,3.0,5,7.49660441426146,2,1,1,3,1,1,4,3,6,0,0,1,0,0,0,1,0,0,0,0,329850.0
a001835,3,1,1,0,0,0,0,0,0,0,0,1,1,0,0,0,0,0,0,0,0,0,0,0,0,0,0,0,0,1,1,0,0,0,0,0,0,0,0,1,1,0,0,0,0,0,0,0,0,0,0,0,0,0,0,0,0,1,40,6,1,3.0,7,7.49660441426146,3,2,2,2,3,1,2,2,4,0,1,1,0,0,0,0,1,0,0,0,445000.0
a002735,2,1,1,0,1,0,0,0,0,0,0,0,0,0,0,0,0,0,0,0,0,1,0,0,0,0,1,0,0,1,1,0,1,0,0,0,0,0,0,0,0,0,0,0,0,0,0,0,0,1,0,0,0,0,1,0,0,1,30,6,2,3.0,4,4.0,2,1,7,1,4,7,1,7,1,1,1,1,1,0,0,0,0,0,0,0,67800.0
a003905,2,1,0,0,1,0,1,0,0,0,0,0,0,0,0,0,0,0,0,0,0,0,0,0,0,0,0,0,0,1,0,0,1,0,1,0,0,0,0,0,0,0,0,0,0,0,0,0,0,0,0,0,0,0,0,0,0,0,20,6,3,2.0,4,5.0,3,7,4,7,4,1,4,4,3,0,0,1,0,1,0,1,0,0,0,0,271000.0
a003226,2,0,0,0,0,0,1,0,0,0,0,0,0,1,0,0,0,0,0,0,0,0,0,0,0,0,0,0,0,0,0,0,0,0,1,0,0,0,0,0,0,1,0,0,0,0,0,0,0,0,0,0,0,0,0,0,0,1,20,6,1,13.0,2,7.49660441426146,2,4,4,2,3,4,3,3,2,1,1,0,0,1,0,0,1,0,0,0,48300.0
a007258,2,0,0,0,0,0,0,0,0,1,0,0,0,0,0,0,0,0,0,0,0,0,1,0,0,0,0,0,0,0,0,0,0,0,0,0,0,1,0,0,0,0,0,0,0,0,0,0,0,0,1,0,0,0,0,0,0,0,30,7,2,3.0,3,7.0,3,1,1,1,3,1,1,1,3,1,1,1,1,0,0,0,0,0,0,0,4700.0
a000771,3,0,1,0,0,0,0,0,0,0,0,1,0,0,0,0,0,0,0,0,0,0,1,0,0,0,0,0,0,0,1,0,0,0,0,0,0,0,0,1,0,0,0,0,0,0,0,0,0,0,1,0,0,0,0,0,0,1,30,6,3,4.0,3,5.0,3,4,5,4,6,5,5,5,4,1,1,1,1,0,0,0,0,0,0,0,84160.0
a005273,2,0,1,0,0,0,1,0,0,0,0,1,0,1,0,0,0,0,0,0,0,0,0,1,0,0,0,0,0,0,1,0,0,0,1,0,0,0,0,1,0,1,0,0,0,0,0,0,0,0,0,1,0,0,0,0,0,0,30,6,3,3.0,5,8.0,2,2,2,2,4,6,3,3,2,2,1,1,1,0,0,0,0,0,0,0,73000.0
a007379,2,0,0,0,0,0,0,0,0,0,0,0,0,0,0,0,0,0,0,0,0,0,1,0,0,0,0,1,0,0,0,0,0,0,0,0,0,0,0,0,0,0,0,0,0,0,0,0,0,0,1,0,0,0,0,1,0,1,60,6,3,8.0,5,7.0,2,1,3,1,3,4,2,3,4,1,1,0,0,0,1,0,0,0,0,0,21200.0
a010291,4,1,0,1,1,0,0,0,0,0,0,0,1,0,0,0,0,0,0,0,0,0,1,0,1,0,1,0,0,1,0,1,1,0,0,0,0,0,0,0,1,0,0,0,0,0,0,0,0,0,1,0,1,0,1,0,0,1,30,7,2,1.0,5,5.0,3,4,2,4,3,5,2,6,2,3,1,0,0,0,0,0,1,1,0,0,649374.0
a006282,2,0,0,0,0,0,0,0,0,0,0,0,0,0,0,0,0,0,0,0,0,0,1,0,0,0,0,0,1,0,0,0,0,0,0,0,0,0,0,0,0,0,0,0,0,0,0,0,0,0,1,0,0,0,0,0,1,1,40,6,1,3.0,5,7.49660441426146,3,2,4,6,5,4,4,6,6,0,0,0,0,1,1,1,0,0,0,0,31600.0
a007483,2,1,1,0,1,0,1,0,0,0,0,0,0,0,0,0,0,0,0,0,0,0,1,0,0,0,0,0,0,1,1,0,1,0,1,0,0,0,0,0,0,0,0,0,0,0,0,0,0,0,1,0,0,0,0,0,0,0,30,8,4,12.0,5,5.0,2,2,2,2,3,6,2,2,7,1,0,1,1,0,0,0,1,0,0,0,730360.0
a005107,2,1,1,1,1,0,1,0,0,0,0,0,0,0,0,0,0,0,0,0,0,0,0,0,0,0,0,0,0,1,1,1,1,0,1,0,0,0,0,0,0,0,0,0,0,0,0,0,0,0,0,0,0,0,0,0,0,1,30,5,3,3.0,5,11.0,1,5,4,4,4,4,4,4,4,0,1,1,0,1,0,0,0,0,0,0,30000.0
a017709,2,1,0,0,0,1,0,0,0,0,0,0,0,0,0,0,0,0,0,0,0,0,1,0,0,0,1,0,0,1,0,0,0,1,0,0,0,0,0,0,0,0,0,0,0,0,0,0,0,0,1,0,0,0,1,0,0,1,20,5,4,2.0,4,8.0,3,6,6,2,2,6,6,2,6,1,0,0,1,0,1,0,1,0,0,0,17600.0
a003668,2,0,1,0,0,0,0,0,0,0,0,0,0,0,0,0,0,0,0,0,0,0,0,0,0,0,0,0,0,0,1,0,0,0,0,0,0,0,0,0,0,0,0,0,0,0,0,0,0,0,0,0,0,0,0,0,0,1,20,5,2,13.0,3,5.0,2,4,1,4,5,5,4,5,3,1,1,1,0,0,0,0,1,0,0,0,66000.0
a001867,2,0,0,0,1,1,0,0,0,0,0,0,0,0,0,0,0,0,0,0,0,0,1,0,1,0,0,1,0,0,0,0,1,1,0,0,0,0,0,0,0,0,0,0,0,0,0,0,0,0,1,0,1,0,0,1,0,0,20,6,1,12.0,1,7.49660441426146,3,3,2,1,6,7,2,5,5,0,1,0,0,0,0,1,1,0,0,0,33500.0
a010060,2,0,1,0,0,0,0,0,0,1,0,0,0,0,0,0,0,0,0,0,0,0,0,0,0,0,0,0,0,0,1,0,0,0,0,0,0,1,0,0,0,0,0,0,0,0,0,0,0,0,0,0,0,0,0,0,0,0,40,5,4,3.0,5,9.0,2,4,4,4,5,7,4,4,4,3,1,0,1,0,0,0,0,1,0,0,66400.0
a008107,2,1,0,1,0,0,1,0,0,0,0,0,0,0,0,0,0,0,0,0,0,0,0,0,0,0,0,0,0,1,0,1,0,0,1,0,0,0,0,0,0,0,0,0,0,0,0,0,0,0,0,0,0,0,0,0,0,0,20,5,1,3.0,4,7.49660441426146,3,6,6,2,2,4,1,7,5,3,1,0,1,0,0,0,1,0,0,0,128350.0
a000276,4,1,1,1,1,0,0,0,0,0,0,0,0,0,0,0,0,0,0,0,0,0,0,0,0,0,0,0,0,1,1,1,1,0,0,0,0,0,0,0,0,0,0,0,0,0,0,0,0,0,0,0,0,0,0,0,0,1,30,5,4,3.0,4,7.0,2,1,1,2,7,4,7,2,4,3,1,0,0,0,0,0,1,1,0,0,1582500.0
a004274,2,0,0,0,0,0,1,0,0,0,0,0,0,0,0,0,0,0,0,0,0,0,0,0,1,0,0,0,0,0,0,0,0,0,1,0,0,0,0,0,0,0,0,0,0,0,0,0,0,0,0,0,1,0,0,0,0,1,30,6,2,2.0,2,5.0,1,2,2,1,4,4,2,2,7,1,0,1,0,0,0,1,1,0,0,0,14600.0
a015818,3,1,0,0,0,0,1,0,0,1,1,1,0,0,0,0,0,0,0,0,0,0,0,0,0,0,0,0,0,1,0,0,0,0,1,0,0,1,1,1,0,0,0,0,0,0,0,0,0,0,0,0,0,0,0,0,0,1,20,6,4,2.0,5,9.0,2,3,2,1,1,4,6,2,7,0,1,1,0,0,1,0,0,0,0,0,1848450.0
a017900,2,0,1,0,0,0,0,0,0,0,0,0,0,0,0,0,0,0,0,0,0,0,1,0,0,0,1,0,0,0,1,0,0,0,0,0,0,0,0,0,0,0,0,0,0,0,0,0,0,0,1,0,0,0,1,0,0,1,30,6,3,2.0,5,7.0,2,6,1,2,6,7,6,1,6,1,1,1,1,0,0,0,0,0,0,0,85700.0
a003735,3,0,0,0,0,1,0,0,0,0,0,0,0,0,0,0,0,0,0,0,0,0,1,0,0,0,1,0,0,0,0,0,0,1,0,0,0,0,0,0,0,0,0,0,0,0,0,0,0,0,1,0,0,0,1,0,0,1,20,5,2,3.0,6,8.0,2,5,1,1,3,7,1,6,6,1,1,0,1,0,0,0,0,0,0,1,756540.0
a008034,2,0,1,0,0,0,1,0,0,0,0,0,0,0,0,0,0,0,0,0,0,0,1,0,0,0,0,0,0,0,1,0,0,0,1,0,0,0,0,0,0,0,0,0,0,0,0,0,0,0,1,0,0,0,0,0,0,1,20,6,4,3.0,4,9.0,3,1,3,1,4,5,1,2,7,1,1,0,1,0,1,0,0,0,0,0,74000.0
a000613,4,1,0,0,1,1,0,0,0,0,0,0,0,0,0,0,0,0,0,0,0,0,1,1,0,0,0,0,0,1,0,0,1,1,0,0,0,0,0,0,0,0,0,0,0,0,0,0,0,0,1,1,0,0,0,0,0,1,30,6,3,3.0,4,7.0,3,6,1,6,2,1,7,1,6,1,0,1,1,0,0,0,0,0,0,1,574000.0
a014484,2,1,0,0,0,0,0,0,0,0,0,0,0,0,0,0,0,0,0,0,0,0,0,0,0,0,0,0,0,1,0,0,0,0,0,0,0,0,0,0,0,0,0,0,0,0,0,0,0,0,0,0,0,0,0,0,0,0,50,7,5,1.0,12,12.0,2,4,1,1,1,4,2,6,2,5,1,1,1,0,0,0,0,0,0,0,676400.0
b005303,2,1,0,0,0,1,0,0,0,0,0,0,0,0,0,0,0,0,0,0,0,0,1,1,0,0,1,0,0,1,0,0,0,1,0,0,0,0,0,0,0,0,0,0,0,0,0,0,0,0,1,1,0,0,1,0,0,0,20,6,4,3.0,4,9.0,3,3,2,2,2,6,2,6,7,1,0,1,0,0,1,0,1,0,0,0,55600.0
a005717,2,0,0,0,0,0,1,0,0,1,0,0,0,0,0,0,0,0,0,0,0,0,0,0,0,0,0,0,0,0,0,0,0,0,1,0,0,1,0,0,0,0,0,0,0,0,0,0,0,0,0,0,0,0,0,0,0,0,40,5,4,7.0,5,5.0,3,4,3,2,3,6,5,5,4,3,1,0,1,0,0,0,1,0,0,0,159400.0
a005460,3,1,0,1,0,0,0,0,1,0,0,0,0,0,0,0,0,0,0,0,0,0,1,0,1,0,0,0,0,1,0,1,0,0,0,0,1,0,0,0,0,0,0,0,0,0,0,0,0,0,1,0,1,0,0,0,0,0,30,6,2,5.0,2,3.0,2,3,1,2,2,6,2,1,7,1,1,0,1,0,0,0,1,0,0,0,768800.0
a010131,2,1,1,0,0,0,1,0,0,0,0,0,0,0,0,0,0,0,0,0,0,0,1,0,0,0,1,0,0,1,1,0,0,0,1,0,0,0,0,0,0,0,0,0,0,0,0,0,0,0,1,0,0,0,1,0,0,0,20,6,3,12.0,2,5.0,2,5,2,2,3,6,6,2,7,1,1,1,1,0,0,0,0,0,0,0,195400.0
a004349,3,1,1,1,1,0,0,1,0,0,0,0,0,0,0,0,0,0,0,0,0,0,0,0,0,0,0,0,0,1,1,1,1,0,0,1,0,0,0,0,0,0,0,0,0,0,0,0,0,0,0,0,0,0,0,0,0,0,20,6,4,12.0,2,6.0,3,3,1,4,2,3,4,6,3,0,1,1,0,0,0,1,0,0,0,0,193800.0
a004099,2,1,1,0,1,0,0,0,0,0,0,0,0,0,0,0,0,0,0,0,0,0,0,1,1,0,0,0,0,1,1,0,1,0,0,0,0,0,0,0,0,0,0,0,0,0,0,0,0,0,0,1,1,0,0,0,0,1,30,8,1,12.0,5,7.49660441426146,3,4,4,2,2,3,2,5,3,1,1,1,0,0,0,0,1,0,0,0,348000.0
a001384,2,0,0,0,1,0,1,0,0,0,0,0,0,0,0,0,0,0,0,0,0,0,1,0,0,0,0,0,0,0,0,0,1,0,1,0,0,0,0,0,0,0,0,0,0,0,0,0,0,0,1,0,0,0,0,0,0,1,30,5,4,3.0,3,9.0,2,1,7,7,4,7,7,7,7,1,1,0,1,0,1,0,0,0,0,0,98100.0
a008701,2,1,0,1,1,0,0,0,0,0,0,0,0,0,0,0,0,0,0,0,0,0,1,0,1,0,1,0,0,1,0,1,1,0,0,0,0,0,0,0,0,0,0,0,0,0,0,0,0,0,1,0,1,0,1,0,0,1,30,6,3,3.0,4,6.0,2,6,2,1,1,1,1,3,2,1,1,0,1,0,0,0,0,1,0,0,319800.0
a005469,2,0,0,0,0,0,0,0,0,0,0,0,0,0,0,0,0,0,0,0,0,0,1,0,0,0,0,0,0,0,0,0,0,0,0,0,0,0,0,0,0,0,0,0,0,0,0,0,0,0,1,0,0,0,0,0,0,0,60,6,4,13.0,1,5.0,3,6,6,3,3,6,6,3,3,0,1,0,0,0,0,0,1,0,0,1,36000.0
a018112,2,1,0,1,0,0,0,0,0,0,0,0,0,0,0,0,0,0,0,0,0,0,1,0,1,0,0,0,0,1,0,1,0,0,0,0,0,0,0,0,0,0,0,0,0,0,0,0,0,0,1,0,1,0,0,0,0,0,40,6,1,2.0,4,7.49660441426146,3,3,3,3,3,3,4,3,6,0,1,1,0,0,0,0,1,0,0,0,7300.0
a014163,2,1,0,1,1,0,0,0,0,0,0,1,0,0,0,0,0,0,0,0,0,0,1,0,0,0,0,0,0,1,0,1,1,0,0,0,0,0,0,1,0,0,0,0,0,0,0,0,0,0,1,0,0,0,0,0,0,1,60,6,2,11.0,1,2.0,2,2,2,2,4,5,2,4,6,1,1,1,1,0,0,0,0,0,0,0,64100.0
a002848,2,1,0,0,0,0,0,0,0,0,0,0,0,1,0,0,0,0,0,0,0,0,0,0,0,0,0,1,0,1,0,0,0,0,0,0,0,0,0,0,0,1,0,0,0,0,0,0,0,0,0,0,0,0,0,1,0,1,20,5,4,2.0,4,8.0,3,1,2,2,3,4,3,5,6,0,1,1,0,1,0,0,0,0,0,0,60150.0
a001534,3,0,0,0,0,0,1,0,0,0,0,0,0,0,0,0,0,0,0,0,0,0,1,0,0,0,0,0,0,0,0,0,0,0,1,0,0,0,0,0,0,0,0,0,0,0,0,0,0,0,1,0,0,0,0,0,0,1,20,5,3,4.0,4,5.0,3,3,4,3,5,3,6,1,7,1,1,1,1,0,0,0,0,0,0,0,540800.0
a005876,3,1,1,1,1,0,0,0,0,0,1,0,0,0,0,0,0,0,0,0,0,0,0,0,0,0,0,0,0,1,1,1,1,0,0,0,0,0,1,0,0,0,0,0,0,0,0,0,0,0,0,0,0,0,0,0,0,0,40,6,4,3.0,8,8.0,2,4,1,2,4,2,6,6,2,0,1,1,0,0,0,1,0,0,0,0,175500.0
a013588,2,0,0,1,0,0,0,0,0,0,0,0,1,0,0,0,0,0,0,0,0,0,0,0,0,0,1,0,0,0,0,1,0,0,0,0,0,0,0,0,1,0,0,0,0,0,0,0,0,0,0,0,0,0,1,0,0,0,40,6,2,3.0,6,6.0,2,4,6,3,6,6,4,1,6,0,1,0,0,0,1,1,0,0,0,0,33800.0
a007196,2,1,0,0,0,0,0,0,0,0,0,0,0,0,0,0,0,0,0,0,0,0,1,0,1,0,1,0,0,1,0,0,0,0,0,0,0,0,0,0,0,0,0,0,0,0,0,0,0,0,1,0,1,0,1,0,0,1,30,6,3,3.0,4,7.0,3,2,2,2,2,4,5,5,5,2,1,0,1,0,0,0,1,0,0,0,45300.0
a006166,2,1,1,0,0,0,0,0,0,0,0,0,0,0,0,0,0,0,0,0,0,1,1,0,1,0,0,0,0,1,1,0,0,0,0,0,0,0,0,0,0,0,0,0,0,0,0,0,0,1,1,0,1,0,0,0,0,1,30,7,1,2.0,5,7.49660441426146,3,3,3,4,3,3,2,4,3,2,1,1,0,0,0,0,0,0,0,0,151900.0
a002712,2,1,1,0,1,0,0,0,0,0,0,0,0,0,0,0,0,0,0,0,0,0,1,0,0,1,0,0,0,1,1,0,1,0,0,0,0,0,0,0,0,0,0,0,0,0,0,0,0,0,1,0,0,1,0,0,0,1,20,6,2,2.0,5,12.0,2,3,5,5,5,3,6,7,2,0,1,1,0,0,0,0,1,0,0,0,102500.0
a005392,2,0,1,0,0,0,0,0,0,0,0,0,0,0,0,0,0,0,0,0,0,1,1,0,0,0,0,0,0,0,1,0,0,0,0,0,0,0,0,0,0,0,0,0,0,0,0,0,0,1,1,0,0,0,0,0,0,1,50,6,2,11.0,1,9.0,2,2,2,2,6,5,4,2,4,3,1,1,1,0,0,0,0,0,0,0,73100.0
a003782,4,1,1,1,1,1,0,0,0,0,0,0,0,0,0,0,0,0,0,0,0,0,0,0,0,0,0,0,0,1,1,1,1,1,0,0,0,0,0,0,0,0,0,0,0,0,0,0,0,0,0,0,0,0,0,0,0,1,30,6,4,3.0,4,7.0,2,4,4,4,4,4,4,4,4,3,1,0,1,0,0,0,0,1,0,0,1353274.0
a007216,2,0,1,0,0,0,0,0,0,0,0,0,0,0,0,0,0,0,0,0,0,1,0,0,0,0,0,0,0,0,1,0,0,0,0,0,0,0,0,0,0,0,0,0,0,0,0,0,0,1,0,0,0,0,0,0,0,1,60,6,3,4.0,6,11.0,2,1,1,1,1,1,2,2,2,2,1,1,1,0,0,0,0,0,0,0,30000.0
a002358,4,0,1,0,0,0,1,1,0,0,0,1,0,0,0,0,0,0,0,0,0,0,1,0,0,0,0,0,0,0,1,0,0,0,1,1,0,0,0,1,0,0,0,0,0,0,0,0,0,0,1,0,0,0,0,0,0,0,30,8,1,4.0,7,7.49660441426146,2,7,2,7,1,1,5,1,2,0,0,1,0,0,0,1,1,0,0,0,212000.0
a017984,2,0,0,1,0,0,0,0,0,0,0,0,0,0,0,0,0,0,0,0,0,0,0,0,0,0,0,0,0,0,0,1,0,0,0,0,0,0,0,0,0,0,0,0,0,0,0,0,0,0,0,0,0,0,0,0,0,1,50,6,4,3.0,5,11.0,2,7,6,7,5,4,6,5,4,0,1,1,0,0,0,0,0,1,0,0,156300.0
a017794,2,0,0,0,0,0,0,0,0,0,0,0,0,0,0,0,0,0,0,0,0,0,0,0,0,0,0,0,1,0,0,0,0,0,0,0,0,0,0,0,0,0,0,0,0,0,0,0,0,0,0,0,0,0,0,0,1,1,40,7,3,3.0,8,12.0,2,1,3,2,4,1,2,7,5,0,1,0,0,0,0,1,1,0,0,0,10000.0
a003871,2,0,0,0,0,0,0,0,0,0,0,0,1,0,0,0,0,0,0,0,0,1,1,0,0,1,0,1,0,0,0,0,0,0,0,0,0,0,0,0,1,0,0,0,0,0,0,0,0,1,1,0,0,1,0,1,0,1,20,6,4,13.0,1,6.0,3,1,4,3,5,2,4,6,4,3,1,1,1,0,0,0,0,0,0,0,587380.0
a002102,3,1,0,0,0,0,0,0,0,0,0,0,0,0,0,0,0,0,0,0,0,1,1,0,0,0,0,0,0,1,0,0,0,0,0,0,0,0,0,0,0,0,0,0,0,0,0,0,0,1,1,0,0,0,0,0,0,1,20,6,1,3.0,4,7.49660441426146,2,6,1,1,2,2,6,5,2,1,1,0,1,0,0,0,1,0,0,0,1369750.0
a009613,2,0,0,0,0,0,0,0,0,0,0,0,0,0,0,0,0,0,0,0,0,0,1,0,0,0,1,0,0,0,0,0,0,0,0,0,0,0,0,0,0,0,0,0,0,0,0,0,0,0,1,0,0,0,1,0,0,1,40,6,4,5.0,3,7.0,2,2,4,2,1,1,4,1,1,3,1,0,0,0,1,0,0,0,1,0,142600.0
a004747,2,1,0,0,0,0,0,0,0,0,0,0,0,0,0,0,0,0,0,0,0,0,0,0,0,0,1,0,1,1,0,0,0,0,0,0,0,0,0,0,0,0,0,0,0,0,0,0,0,0,0,0,0,0,1,0,1,0,40,6,3,2.0,5,6.0,2,2,4,6,2,4,5,3,1,2,0,1,1,0,0,1,0,0,0,0,327200.0
a017622,2,0,1,0,1,0,1,0,0,0,0,0,0,0,0,0,0,0,0,0,0,0,0,0,0,0,0,0,0,0,1,0,1,0,1,0,0,0,0,0,0,0,0,0,0,0,0,0,0,0,0,0,0,0,0,0,0,0,20,6,1,12.0,3,7.49660441426146,3,6,6,2,1,4,3,1,7,0,0,0,0,0,0,0,0,1,0,0,27000.0
a005170,2,0,0,0,1,0,0,0,0,0,0,0,0,0,0,0,0,0,0,0,0,0,0,0,1,0,0,0,0,0,0,0,1,0,0,0,0,0,0,0,0,0,0,0,0,0,0,0,0,0,0,0,1,0,0,0,0,0,60,6,2,3.0,6,8.0,3,2,2,2,2,2,5,3,3,1,1,1,1,0,0,0,0,0,0,0,140000.0
a011463,2,0,0,0,1,0,0,0,0,0,0,0,0,0,0,0,0,0,0,0,0,0,0,0,0,0,0,0,0,0,0,0,1,0,0,0,0,0,0,0,0,0,0,0,0,0,0,0,0,0,0,0,0,0,0,0,0,1,60,2,2,11.0,2,2.0,3,4,4,4,4,4,3,3,3,2,1,1,0,0,0,1,0,0,0,0,17500.0
a005947,2,0,0,0,0,0,0,0,0,1,0,0,0,0,0,0,0,0,0,0,0,0,0,0,0,0,0,0,0,0,0,0,0,0,0,0,0,1,0,0,0,0,0,0,0,0,0,0,0,0,0,0,0,0,0,0,0,0,30,6,1,1.0,2,7.49660441426146,3,4,2,3,2,4,6,2,3,1,1,0,1,0,0,0,1,0,0,0,43100.0
a005811,2,1,0,1,0,0,0,0,0,0,0,0,0,0,0,0,0,0,0,0,0,0,0,0,0,0,0,0,0,1,0,1,0,0,0,0,0,0,0,0,0,0,0,0,0,0,0,0,0,0,0,0,0,0,0,0,0,0,40,6,3,2.0,5,8.0,2,4,4,4,5,4,4,3,4,1,0,0,1,0,0,0,1,1,0,0,23500.0
a017970,2,1,0,0,1,0,0,0,0,0,0,0,0,0,0,0,0,0,0,0,0,1,1,0,1,0,0,0,0,1,0,0,1,0,0,0,0,0,0,0,0,0,0,0,0,0,0,0,0,1,1,0,1,0,0,0,0,1,60,4,1,11.0,4,7.49660441426146,3,1,6,6,2,2,4,4,4,0,1,1,0,0,0,1,0,0,0,0,25900.0
a009891,2,1,0,1,1,0,0,0,0,0,0,0,0,0,0,0,0,0,0,0,0,1,0,0,0,0,1,0,0,1,0,1,1,0,0,0,0,0,0,0,0,0,0,0,0,0,0,0,0,1,0,0,0,0,1,0,0,1,20,6,1,12.0,2,7.49660441426146,2,4,6,1,3,6,5,2,7,1,0,0,1,0,1,0,0,0,0,1,337500.0
a017669,2,1,0,0,0,0,0,0,0,0,0,1,0,0,0,0,0,0,0,0,0,0,0,0,0,0,0,0,0,1,0,0,0,0,0,0,0,0,0,1,0,0,0,0,0,0,0,0,0,0,0,0,0,0,0,0,0,1,30,6,2,3.0,1,6.0,2,7,7,7,1,1,1,1,7,0,1,1,0,0,0,0,0,1,0,0,620100.0
a010251,2,0,0,0,1,0,0,1,0,0,0,0,0,0,0,0,0,0,0,0,0,0,1,0,0,0,0,0,0,0,0,0,1,0,0,1,0,0,0,0,0,0,0,0,0,0,0,0,0,0,1,0,0,0,0,0,0,0,20,6,2,10.0,2,5.0,3,1,4,2,6,4,3,5,4,0,1,0,0,0,1,0,1,0,0,0,225100.0
a007252,2,1,1,0,0,0,0,0,0,0,0,0,0,0,0,0,0,0,0,0,0,0,0,0,0,0,0,0,0,1,1,0,0,0,0,0,0,0,0,0,0,0,0,0,0,0,0,0,0,0,0,0,0,0,0,0,0,1,40,5,3,2.0,3,6.0,2,6,2,4,2,4,6,2,5,2,1,0,1,0,0,0,1,0,0,0,315400.0
a006421,2,0,0,1,0,0,0,0,0,0,0,1,0,0,0,0,0,0,0,0,0,0,0,0,0,0,0,0,1,0,0,1,0,0,0,0,0,0,0,1,0,0,0,0,0,0,0,0,0,0,0,0,0,0,0,0,1,0,30,6,2,3.0,4,6.0,3,1,1,1,3,2,2,5,4,0,1,1,0,0,0,1,0,0,0,0,21500.0
a004880,3,1,1,1,1,0,1,0,0,0,0,0,0,0,0,0,0,0,0,0,0,0,0,0,0,0,0,0,0,1,1,1,1,0,1,0,0,0,0,0,0,0,0,0,0,0,0,0,0,0,0,0,0,0,0,0,0,0,40,8,3,2.0,12,12.0,3,3,2,5,4,2,5,3,3,2,1,1,1,0,0,0,0,0,0,0,97300.0
a004583,2,0,1,0,0,0,0,0,0,0,0,0,1,0,0,0,0,0,0,0,0,1,0,0,0,0,1,0,0,0,1,0,0,0,0,0,0,0,0,0,1,0,0,0,0,0,0,0,0,1,0,0,0,0,1,0,0,1,30,8,1,3.0,4,7.49660441426146,2,4,5,2,2,2,6,6,2,1,1,1,1,0,0,0,0,0,0,0,225900.0
a008435,2,0,0,0,0,1,0,0,0,0,0,0,0,0,0,0,0,0,0,0,0,0,1,0,0,0,0,0,0,0,0,0,0,1,0,0,0,0,0,0,0,0,0,0,0,0,0,0,0,0,1,0,0,0,0,0,0,0,20,6,1,7.0,5,7.49660441426146,2,4,2,2,1,2,2,2,7,0,1,0,0,0,1,1,0,0,0,0,135500.0
a006004,2,1,0,0,1,0,0,0,0,0,0,0,0,0,0,0,0,0,0,0,0,1,0,0,0,0,0,0,0,1,0,0,1,0,0,0,0,0,0,0,0,0,0,0,0,0,0,0,0,1,0,0,0,0,0,0,0,0,50,6,4,3.0,2,6.0,2,2,4,3,2,2,5,2,2,0,1,1,0,0,0,0,1,0,0,0,82000.0
a005670,2,0,0,0,0,1,0,0,0,0,0,0,0,0,0,0,0,0,0,0,0,0,0,0,0,0,0,1,1,0,0,0,0,1,0,0,0,0,0,0,0,0,0,0,0,0,0,0,0,0,0,0,0,0,0,1,1,1,20,6,1,3.0,6,7.49660441426146,2,2,2,2,4,6,5,3,3,2,1,1,1,0,0,0,0,0,0,0,34800.0
a004051,2,1,1,0,1,0,1,0,0,0,0,0,0,0,0,0,0,0,0,0,0,0,0,0,0,1,0,0,0,1,1,0,1,0,1,0,0,0,0,0,0,0,0,0,0,0,0,0,0,0,0,0,0,1,0,0,0,1,20,6,4,12.0,1,7.0,2,5,6,3,2,2,5,6,2,1,1,0,1,0,0,0,1,0,0,0,290900.0
a004102,3,1,1,0,0,0,1,0,0,0,0,0,0,0,0,0,0,0,0,0,0,0,0,0,0,0,0,0,0,1,1,0,0,0,1,0,0,0,0,0,0,0,0,0,0,0,0,0,0,0,0,0,0,0,0,0,0,0,20,6,4,12.0,1,6.0,3,7,2,4,6,6,5,1,5,1,1,0,1,0,0,0,1,0,0,0,698300.0
a007548,2,0,1,0,0,0,0,0,0,0,0,0,0,0,0,0,0,0,0,0,0,0,1,0,0,0,0,0,0,0,1,0,0,0,0,0,0,0,0,0,0,0,0,0,0,0,0,0,0,0,1,0,0,0,0,0,0,1,20,6,1,3.0,3,7.49660441426146,1,1,2,3,4,2,2,5,6,0,1,1,0,0,1,0,0,0,0,0,74000.0
a000165,3,0,1,1,1,0,0,0,0,0,0,0,0,0,0,0,0,0,0,0,0,1,0,1,0,0,0,0,0,0,0,0,1,0,0,0,0,0,0,0,0,0,0,0,0,0,0,0,0,0,0,0,0,0,0,0,0,0,20,6,1,3.0,2,7.49660441426146,3,1,1,2,4,1,3,6,6,1,1,1,0,0,0,0,1,0,0,0,695400.0
a000219,4,0,0,0,0,0,0,0,0,0,0,0,0,0,0,0,0,0,0,0,0,0,1,0,0,0,0,0,0,0,0,0,0,0,0,0,0,0,0,0,0,0,0,0,0,0,0,0,0,0,1,0,0,0,0,0,0,1,30,7,3,3.0,6,11.0,3,4,3,2,2,6,6,6,6,2,1,1,1,0,0,0,0,0,0,0,1620800.0
a007786,2,1,0,0,1,0,1,0,0,0,0,0,0,0,0,0,0,0,0,0,0,0,0,0,0,0,0,0,0,1,0,0,1,0,1,0,0,0,0,0,0,0,0,0,0,0,0,0,0,0,0,0,0,0,0,0,0,1,30,6,4,4.0,2,5.0,2,1,1,3,6,4,4,3,5,0,1,1,0,0,0,0,1,0,0,0,48410.0
a006485,2,1,1,1,1,1,0,0,0,0,0,0,0,0,0,0,0,0,0,0,0,0,0,0,0,0,0,0,0,1,1,1,1,1,0,0,0,0,0,0,0,0,0,0,0,0,0,0,0,0,0,0,0,0,0,0,0,1,50,4,3,3.0,4,8.0,4,4,4,4,4,4,4,4,7,1,0,1,1,0,0,0,1,0,0,0,34200.0
a002589,2,1,1,0,1,0,0,0,0,1,0,0,0,0,0,0,0,0,0,0,0,0,1,0,0,0,0,0,0,1,1,0,1,0,0,0,0,1,0,0,0,0,0,0,0,0,0,0,0,0,1,0,0,0,0,0,0,1,50,6,4,3.0,3,7.0,3,1,5,2,2,1,2,7,2,3,1,1,1,0,0,0,0,0,0,0,550830.0
a007913,2,1,0,0,0,0,1,0,0,0,0,0,0,0,0,0,0,0,0,0,0,0,0,0,0,0,0,0,0,1,0,0,0,0,1,0,0,0,0,0,0,0,0,0,0,0,0,0,0,0,0,0,0,0,0,0,0,0,30,4,2,4.0,4,7.0,3,1,1,2,2,1,1,4,2,0,1,0,0,0,0,0,0,0,0,0,151200.0
a003476,3,1,1,1,0,0,0,0,0,0,0,0,0,0,0,0,0,0,0,0,0,1,0,0,0,0,0,0,0,1,1,1,0,0,0,0,0,0,0,0,0,0,0,0,0,0,0,0,0,1,0,0,0,0,0,0,0,0,40,7,4,3.0,8,8.0,1,4,4,4,4,4,4,4,4,3,0,0,1,0,0,0,0,0,0,0,70100.0
a002127,2,1,0,1,1,0,1,0,0,0,0,0,0,0,0,0,0,0,0,0,0,0,0,0,0,0,1,0,0,1,0,1,1,0,1,0,0,0,0,0,0,0,0,0,0,0,0,0,0,0,0,0,0,0,1,0,0,1,30,6,3,2.0,4,8.0,3,2,2,2,2,4,4,4,6,1,1,0,1,0,0,0,0,1,0,0,101800.0
a007753,2,1,0,0,0,0,1,0,0,0,0,0,0,0,0,0,0,0,0,0,0,0,1,0,0,0,0,0,0,1,0,0,0,0,1,0,0,0,0,0,0,0,0,0,0,0,0,0,0,0,1,0,0,0,0,0,0,1,20,5,4,7.0,3,12.0,2,1,2,2,6,7,5,6,7,0,1,1,0,1,0,0,0,0,0,0,56000.0
a002762,3,0,0,0,0,1,0,0,0,1,0,1,0,0,0,0,0,0,0,0,0,0,0,0,0,0,0,0,0,0,0,0,0,1,0,0,0,1,0,1,0,0,0,0,0,0,0,0,0,0,0,0,0,0,0,0,0,1,50,7,1,1.0,6,7.49660441426146,2,2,3,2,2,1,2,6,6,1,1,1,1,0,0,0,0,0,0,0,990480.0
a014172,2,0,0,0,1,0,0,0,0,0,0,0,0,0,0,0,0,0,0,0,0,1,1,0,0,0,0,0,0,0,0,0,1,0,0,0,0,0,0,0,0,0,0,0,0,0,0,0,0,1,1,0,0,0,0,0,0,1,50,7,4,2.0,4,11.0,3,2,4,4,2,2,4,4,5,0,1,1,0,0,0,0,0,0,0,1,209760.0
a012513,2,0,1,1,0,0,0,0,0,0,0,0,0,0,0,0,0,0,0,0,0,0,0,0,0,0,0,0,0,0,1,1,0,0,0,0,0,0,0,0,0,0,0,0,0,0,0,0,0,0,0,0,0,0,0,0,0,0,20,6,3,3.0,7,7.0,2,2,2,2,2,4,4,3,6,1,1,0,1,0,0,0,1,0,0,0,84500.0
a010286,2,1,0,0,1,0,0,0,0,0,0,0,0,0,0,0,0,0,0,0,0,0,1,0,0,0,0,0,0,1,0,0,1,0,0,0,0,0,0,0,0,0,0,0,0,0,0,0,0,0,1,0,0,0,0,0,0,1,20,5,1,7.0,4,7.49660441426146,2,2,3,2,1,3,3,6,7,1,1,1,1,0,0,0,0,0,0,0,68300.0
a007616,2,1,1,0,1,0,1,0,0,0,0,0,0,0,0,0,0,0,0,0,0,0,1,0,0,0,0,0,0,1,1,0,1,0,1,0,0,0,0,0,0,0,0,0,0,0,0,0,0,0,1,0,0,0,0,0,0,0,30,6,2,2.0,4,5.0,2,1,1,3,5,2,6,2,6,1,0,1,1,0,0,0,1,0,0,0,434200.0
a002274,3,0,1,1,0,0,1,0,0,1,0,0,0,0,0,0,0,0,0,0,0,0,1,0,0,0,0,0,0,0,1,1,0,0,1,0,0,1,0,0,0,0,0,0,0,0,0,0,0,0,1,0,0,0,0,0,0,1,20,6,3,2.0,4,7.0,2,4,6,1,5,7,4,1,7,1,1,0,1,0,0,0,1,0,0,0,1036600.0
a006019,2,0,1,0,0,0,0,0,0,0,0,0,0,0,0,0,0,0,0,0,0,0,0,0,0,0,0,0,0,0,1,0,0,0,0,0,0,0,0,0,0,0,0,0,0,0,0,0,0,0,0,0,0,0,0,0,0,0,30,4,3,7.0,7,10.0,2,1,1,1,2,1,1,3,3,1,0,0,0,0,0,0,0,0,0,1,37900.0
a015349,3,0,0,1,1,0,0,0,0,0,0,0,0,0,0,0,0,0,0,0,0,0,0,0,0,0,0,0,1,0,0,1,1,0,0,0,0,0,0,0,0,0,0,0,0,0,0,0,0,0,0,0,0,0,0,0,1,1,30,5,2,3.0,4,7.0,2,5,2,7,1,7,7,7,7,0,0,1,0,1,1,0,0,0,0,0,522628.0
a002154,3,0,1,0,1,0,1,0,0,0,0,0,0,0,0,0,0,0,0,0,0,0,1,0,0,0,0,0,0,0,1,0,1,0,1,0,0,0,0,0,0,0,0,0,0,0,0,0,0,0,1,0,0,0,0,0,0,0,20,6,3,2.0,4,9.0,3,4,1,1,3,4,1,1,7,0,1,0,0,0,0,0,1,1,0,0,906160.0
a006823,2,0,0,0,0,0,0,0,0,0,0,0,0,0,0,0,0,0,0,0,0,0,1,0,0,0,1,0,0,0,0,0,0,0,0,0,0,0,0,0,0,0,0,0,0,0,0,0,0,0,1,0,0,0,1,0,0,1,20,4,1,4.0,4,7.49660441426146,3,2,1,4,5,5,4,6,6,1,1,0,1,0,0,0,0,0,0,0,210600.0
a011550,2,1,0,0,0,0,0,0,0,0,0,0,0,0,0,0,0,0,0,0,0,1,1,0,0,0,1,1,0,1,0,0,0,0,0,0,0,0,0,0,0,0,0,0,0,0,0,0,0,1,1,0,0,0,1,1,0,1,30,6,2,3.0,5,9.0,2,2,6,2,6,5,5,2,6,1,1,0,1,0,1,0,0,0,0,0,255850.0
a014106,2,0,0,0,0,0,0,0,0,1,0,0,1,0,0,0,0,0,0,0,0,0,1,0,0,0,0,1,0,0,0,0,0,0,0,0,0,1,0,0,1,0,0,0,0,0,0,0,0,0,1,0,0,0,0,1,0,1,50,6,3,4.0,2,7.0,2,4,2,3,2,2,4,2,6,2,1,0,1,0,0,1,0,0,0,0,72700.0
a007165,2,0,1,0,0,1,0,0,0,0,0,0,0,0,0,0,0,0,0,0,0,0,1,0,0,0,0,0,0,0,1,0,0,1,0,0,0,0,0,0,0,0,0,0,0,0,0,0,0,0,1,0,0,0,0,0,0,0,30,5,3,4.0,4,8.0,2,3,4,2,3,4,4,2,6,1,1,1,1,0,0,0,0,0,0,0,86100.0
a014226,2,1,1,1,1,0,1,0,0,0,0,0,0,0,0,0,0,0,0,0,0,0,0,0,0,0,0,0,0,1,1,1,1,0,1,0,0,0,0,0,0,0,0,0,0,0,0,0,0,0,0,0,0,0,0,0,0,1,30,6,2,3.0,4,5.0,3,6,2,1,3,6,3,6,7,1,1,0,0,0,1,0,1,0,0,0,379500.0
a007953,2,0,0,0,0,1,0,1,0,0,0,0,0,0,0,0,0,0,0,0,0,0,0,0,0,0,0,0,0,0,0,0,0,1,0,1,0,0,0,0,0,0,0,0,0,0,0,0,0,0,0,0,0,0,0,0,0,0,30,5,1,4.0,6,7.49660441426146,2,1,4,6,6,2,2,6,4,1,1,0,1,0,0,1,0,0,0,0,572500.0
a007496,2,1,0,0,1,0,0,0,0,0,0,0,0,0,0,0,0,0,0,0,0,0,0,0,0,0,1,0,0,1,0,0,1,0,0,0,0,0,0,0,0,0,0,0,0,0,0,0,0,0,0,0,0,0,1,0,0,0,30,6,1,2.0,3,7.49660441426146,3,3,1,2,2,2,5,2,6,0,1,1,0,0,0,0,1,0,0,0,99800.0
a007820,2,0,0,0,0,1,1,0,0,0,0,0,0,0,0,0,0,0,0,0,0,0,0,0,0,0,0,0,0,0,0,0,0,1,1,0,0,0,0,0,0,0,0,0,0,0,0,0,0,0,0,0,0,0,0,0,0,1,50,4,4,11.0,1,8.0,3,2,5,1,6,6,7,3,4,1,1,0,1,0,0,0,1,0,0,0,210000.0
a017864,2,1,0,0,0,1,1,1,0,0,0,0,0,0,0,0,0,0,0,0,0,0,1,0,0,0,0,0,0,1,0,0,0,1,1,1,0,0,0,0,0,0,0,0,0,0,0,0,0,0,1,0,0,0,0,0,0,0,20,6,4,12.0,1,12.0,2,7,4,6,3,5,3,4,4,0,1,0,0,0,1,0,1,0,0,0,45500.0
a006182,2,0,1,0,0,0,0,0,0,0,0,0,0,0,0,0,0,0,0,0,0,0,0,0,0,0,1,0,0,0,1,0,0,0,0,0,0,0,0,0,0,0,0,0,0,0,0,0,0,0,0,0,0,0,1,0,0,1,40,6,1,5.0,10,7.49660441426146,2,6,4,2,1,5,6,5,6,1,1,0,1,0,0,0,0,1,0,0,80500.0
a006535,2,0,1,0,0,0,0,0,0,0,0,0,0,0,0,0,0,0,0,0,0,0,0,0,0,0,0,0,0,0,1,0,0,0,0,0,0,0,0,0,0,0,0,0,0,0,0,0,0,0,0,0,0,0,0,0,0,0,40,7,4,1.0,6,10.0,2,2,2,2,2,2,2,3,6,3,1,0,1,0,0,0,0,1,0,0,132000.0
a004739,2,0,0,0,1,0,1,0,0,1,0,0,0,0,0,0,0,0,0,0,0,0,0,0,0,0,0,0,0,0,0,0,1,0,1,0,0,1,0,0,0,0,0,0,0,0,0,0,0,0,0,0,0,0,0,0,0,0,30,4,3,9.0,3,6.0,2,1,4,1,7,5,5,1,7,1,0,1,1,1,0,0,0,0,0,0,413650.0
a007318,2,0,0,1,1,0,1,0,0,1,0,0,0,0,0,0,0,0,0,0,0,0,0,0,0,0,0,0,0,0,0,1,1,0,1,0,0,1,0,0,0,0,0,0,0,0,0,0,0,0,0,0,0,0,0,0,0,0,40,6,4,3.0,7,7.0,2,5,2,2,1,6,6,5,1,3,1,0,1,0,0,0,0,1,0,0,56700.0
a007159,2,0,1,0,0,0,0,0,0,0,0,0,0,0,0,0,0,0,0,0,0,0,1,0,0,0,1,0,0,0,1,0,0,0,0,0,0,0,0,0,0,0,0,0,0,0,0,0,0,0,1,0,0,0,1,0,0,0,40,6,4,3.0,6,6.0,2,3,6,4,3,4,5,4,5,3,1,0,0,0,0,0,1,1,0,0,79700.0
a015316,2,0,0,0,0,0,0,0,0,0,0,0,0,0,0,0,0,0,0,0,0,0,1,0,0,0,0,0,0,0,0,0,0,0,0,0,0,0,0,0,0,0,0,0,0,0,0,0,0,0,1,0,0,0,0,0,0,1,20,6,4,12.0,1,7.0,3,5,2,2,3,5,3,6,5,1,1,1,1,0,0,0,0,0,0,0,1367640.0
a017923,2,0,0,0,0,0,0,0,1,0,0,0,0,0,0,0,0,0,0,0,0,0,0,0,0,0,0,0,0,0,0,0,0,0,0,0,1,0,0,0,0,0,0,0,0,0,0,0,0,0,0,0,0,0,0,0,0,1,30,6,3,11.0,2,5.0,2,2,2,2,2,6,2,2,2,2,1,0,0,0,1,0,0,1,0,0,418700.0
a017803,2,1,0,0,0,0,0,0,0,1,0,0,0,0,0,0,0,0,0,0,0,0,0,0,0,0,0,0,0,1,0,0,0,0,0,0,0,1,0,0,0,0,0,0,0,0,0,0,0,0,0,0,0,0,0,0,0,1,40,5,2,13.0,4,7.0,3,7,2,2,2,2,6,6,1,0,1,1,0,1,0,0,0,0,0,0,92000.0
a015308,3,1,1,1,1,0,1,0,0,0,0,0,0,0,0,0,0,0,0,0,0,0,0,0,0,0,0,0,0,1,1,1,1,0,1,0,0,0,0,0,0,0,0,0,0,0,0,0,0,0,0,0,0,0,0,0,0,1,20,6,5,13.0,1,7.0,3,4,1,6,2,2,4,6,4,1,1,0,0,0,0,0,1,0,0,1,1331400.0
a007380,2,1,1,0,0,0,0,0,0,0,0,0,0,0,0,0,0,0,0,0,0,0,0,0,0,0,0,0,0,1,1,0,0,0,0,0,0,0,0,0,0,0,0,0,0,0,0,0,0,0,0,0,0,0,0,0,0,1,30,5,2,3.0,3,6.0,2,1,1,4,1,1,1,1,5,1,1,0,1,0,1,0,0,0,0,0,199000.0
a004549,2,0,0,1,1,0,0,0,0,0,0,0,0,0,0,0,0,0,0,0,0,0,0,0,1,0,1,0,0,0,0,1,1,0,0,0,0,0,0,0,0,0,0,0,0,0,0,0,0,0,0,0,1,0,1,0,0,0,30,6,2,3.0,5,7.0,2,4,4,3,2,2,3,5,2,1,1,0,0,1,0,0,1,0,0,0,118400.0
a007356,2,0,0,0,0,1,0,0,0,0,0,1,0,0,0,0,0,0,0,0,0,0,1,0,0,0,1,0,0,0,0,0,0,1,0,0,0,0,0,1,0,0,0,0,0,0,0,0,0,0,1,0,0,0,1,0,0,1,30,7,4,11.0,3,10.0,2,4,4,2,3,4,6,6,5,3,1,0,1,0,0,0,1,0,0,0,221500.0
a001999,3,1,1,1,1,1,0,0,0,0,0,0,0,0,0,0,0,0,0,0,0,0,0,0,0,0,0,0,0,1,1,1,1,1,0,0,0,0,0,0,0,0,0,0,0,0,0,0,0,0,0,0,0,0,0,0,0,1,20,5,4,2.0,3,11.0,2,2,2,1,1,3,2,3,7,0,1,1,0,1,0,0,0,0,0,0,237000.0
a002861,3,0,0,0,0,0,0,0,1,0,0,0,0,0,0,0,0,0,0,0,0,0,0,0,0,0,0,0,0,0,0,0,0,0,0,0,1,0,0,0,0,0,0,0,0,0,0,0,0,0,0,0,0,0,0,0,0,0,30,6,3,8.0,4,6.0,3,3,4,2,5,3,6,3,4,0,1,1,0,1,0,0,0,0,0,0,201400.0
a006579,2,0,0,1,0,0,0,0,0,0,0,0,0,0,0,0,0,0,0,0,0,0,0,0,0,0,0,0,0,0,0,1,0,0,0,0,0,0,0,0,0,0,0,0,0,0,0,0,0,0,0,0,0,0,0,0,0,1,30,6,2,3.0,4,7.0,3,5,3,3,4,3,5,3,5,1,1,1,0,0,0,0,1,0,0,0,128600.0
a002507,2,0,1,0,0,0,0,0,0,0,0,0,0,0,0,0,0,0,0,0,0,0,0,0,0,0,0,0,0,0,1,0,0,0,0,0,0,0,0,0,0,0,0,0,0,0,0,0,0,0,0,0,0,0,0,0,0,0,40,6,5,2.0,9,9.0,3,2,1,2,4,3,4,2,2,4,1,1,1,0,0,0,0,0,0,0,1775200.0
a006309,2,1,0,0,1,1,0,0,0,0,0,0,0,0,0,0,0,0,0,0,0,0,1,0,0,0,0,0,1,1,0,0,1,1,0,0,0,0,0,0,0,0,0,0,0,0,0,0,0,0,1,0,0,0,0,0,1,0,40,6,1,4.0,4,7.49660441426146,2,2,2,2,4,6,2,2,4,1,1,1,1,0,0,0,0,0,0,0,81150.0
a017613,2,1,0,0,0,0,1,0,0,0,0,0,0,0,0,0,0,0,0,0,0,1,0,0,0,0,0,0,0,1,0,0,0,0,1,0,0,0,0,0,0,0,0,0,0,0,0,0,0,1,0,0,0,0,0,0,0,1,40,4,4,4.0,3,7.0,3,3,4,4,5,5,5,3,4,1,1,1,1,0,0,0,0,0,0,0,145280.0
a004752,2,0,0,0,1,1,0,0,0,0,0,0,0,0,0,0,0,0,0,0,0,0,0,0,0,0,0,0,1,0,0,0,1,1,0,0,0,0,0,0,0,0,0,0,0,0,0,0,0,0,0,0,0,0,0,0,1,1,40,6,3,2.0,2,5.0,2,3,5,3,3,4,3,5,3,2,1,0,0,0,0,0,1,1,0,0,155600.0
a015096,3,0,0,1,1,0,0,0,0,0,0,0,1,0,0,0,0,0,0,0,0,1,1,0,0,0,0,1,0,0,0,1,1,0,0,0,0,0,0,0,1,0,0,0,0,0,0,0,0,1,1,0,0,0,0,1,0,1,30,6,2,3.0,4,6.0,3,2,1,3,3,2,3,2,5,1,0,1,1,0,0,0,0,1,0,0,113000.0
a014891,2,0,1,0,0,0,0,0,0,0,0,0,0,0,0,0,0,0,0,0,0,1,1,0,1,0,1,0,1,0,1,0,0,0,0,0,0,0,0,0,0,0,0,0,0,0,0,0,0,1,1,0,1,0,1,0,1,0,20,5,4,12.0,1,11.0,3,1,2,1,4,3,2,6,3,1,1,1,1,0,0,0,0,0,0,0,202000.0
a003647,3,1,0,0,0,0,0,0,0,0,0,0,0,0,0,0,0,0,0,0,0,0,0,1,0,0,0,0,0,1,0,0,0,0,0,0,0,0,0,0,0,0,0,0,0,0,0,0,0,0,0,1,0,0,0,0,0,1,20,6,3,2.0,4,7.0,3,2,1,1,1,4,6,2,3,1,0,1,1,0,1,0,0,0,0,0,1389700.0
a002884,3,1,1,1,0,0,1,0,0,0,0,0,0,0,0,0,0,0,0,0,0,0,0,0,0,0,0,0,0,1,1,1,0,0,1,0,0,0,0,0,0,0,0,0,0,0,0,0,0,0,0,0,0,0,0,0,0,1,20,6,4,12.0,2,5.0,3,1,1,1,5,5,2,1,5,0,1,1,0,0,0,0,1,0,0,0,238200.0
a003876,2,0,0,0,0,0,1,0,0,0,0,0,0,0,0,0,0,0,0,0,0,0,0,0,0,0,0,0,0,0,0,0,0,0,1,0,0,0,0,0,0,0,0,0,0,0,0,0,0,0,0,0,0,0,0,0,0,0,30,6,3,3.0,4,5.0,2,6,7,1,4,7,3,1,7,1,1,0,1,0,0,0,1,0,0,0,89800.0
a011478,2,1,1,0,0,0,0,0,0,0,0,0,0,0,0,0,0,0,0,0,0,1,1,0,1,0,0,0,0,1,1,0,0,0,0,0,0,0,0,0,0,0,0,0,0,0,0,0,0,1,1,0,1,0,0,0,0,1,30,6,1,2.0,6,7.49660441426146,3,6,1,2,3,5,2,1,3,1,1,1,1,0,0,0,0,0,0,0,42800.0
a007960,2,0,0,0,0,0,0,0,0,1,0,0,0,0,0,0,0,0,0,0,0,0,0,0,0,0,0,0,0,0,0,0,0,0,0,0,0,1,0,0,0,0,0,0,0,0,0,0,0,0,0,0,0,0,0,0,0,0,20,5,4,2.0,4,7.0,2,4,3,2,2,6,2,2,5,0,1,0,0,0,1,0,1,0,0,0,162300.0
a007506,3,0,0,0,1,1,1,0,0,0,0,0,0,0,0,0,0,0,0,0,0,0,0,1,0,0,0,0,0,0,0,0,1,1,1,0,0,0,0,0,0,0,0,0,0,0,0,0,0,0,0,1,0,0,0,0,0,0,20,6,4,12.0,3,12.0,2,7,1,2,2,4,3,1,7,1,1,0,0,0,0,1,0,0,1,0,85500.0
a004294,2,0,0,1,0,0,0,0,0,0,0,0,0,0,0,0,0,0,0,0,0,0,0,0,0,0,0,0,0,0,0,1,0,0,0,0,0,0,0,0,0,0,0,0,0,0,0,0,0,0,0,0,0,0,0,0,0,0,60,6,3,1.0,8,12.0,3,4,3,3,2,4,5,3,4,1,0,0,1,0,0,1,0,1,0,0,68600.0
a017967,2,0,0,0,0,0,0,0,0,0,0,0,0,0,0,0,0,0,0,0,0,1,1,0,0,0,1,0,0,0,0,0,0,0,0,0,0,0,0,0,0,0,0,0,0,0,0,0,0,1,1,0,0,0,1,0,0,1,40,6,2,11.0,1,7.0,3,1,2,1,1,1,2,1,7,1,1,0,1,1,0,0,0,0,0,0,57500.0
a007334,2,0,0,0,0,0,0,0,0,1,1,0,0,0,0,0,0,0,0,0,0,1,1,1,0,0,0,0,0,0,0,0,0,0,0,0,0,1,1,0,0,0,0,0,0,0,0,0,0,1,1,1,0,0,0,0,0,0,30,6,2,2.0,4,4.0,2,6,1,4,2,2,4,3,5,1,1,1,1,0,0,0,0,0,0,0,654000.0
a009704,3,0,0,0,1,0,0,0,0,0,0,0,0,0,0,0,0,0,0,0,0,1,1,0,0,0,1,0,0,0,0,0,1,0,0,0,0,0,0,0,0,0,0,0,0,0,0,0,0,1,1,0,0,0,1,0,0,0,30,6,2,3.0,6,11.0,2,1,2,3,3,3,1,2,7,0,0,1,0,1,1,0,0,0,0,0,469800.0
a011175,3,0,0,0,0,0,0,0,1,0,0,0,0,0,0,0,0,0,0,0,0,0,1,0,0,0,1,0,0,0,0,0,0,0,0,0,1,0,0,0,0,0,0,0,0,0,0,0,0,0,1,0,0,0,1,0,0,0,30,5,2,3.0,9,12.0,2,7,1,1,4,7,4,7,7,2,1,1,1,0,0,0,0,0,0,0,414900.0
a003481,3,0,0,0,0,0,0,0,1,0,0,0,0,0,0,0,0,0,0,0,0,0,1,0,0,0,0,0,0,0,0,0,0,0,0,0,1,0,0,0,0,0,0,0,0,0,0,0,0,0,1,0,0,0,0,0,0,0,30,6,1,4.0,4,7.49660441426146,2,7,1,1,1,1,1,2,7,6,1,1,1,0,0,0,0,0,0,0,973410.0
a006982,2,1,0,0,1,0,0,0,0,0,0,0,0,0,0,0,0,0,0,0,0,1,1,0,0,0,1,0,0,1,0,0,1,0,0,0,0,0,0,0,0,0,0,0,0,0,0,0,0,1,1,0,0,0,1,0,0,0,20,6,1,8.0,1,7.49660441426146,3,3,2,5,5,3,2,2,2,0,1,0,0,0,0,1,1,0,0,0,371400.0
a017930,2,0,0,0,0,0,0,0,0,0,0,0,0,0,0,0,0,0,0,0,0,1,0,0,0,0,0,0,0,0,0,0,0,0,0,0,0,0,0,0,0,0,0,0,0,0,0,0,0,1,0,0,0,0,0,0,0,1,30,6,4,13.0,1,5.0,4,2,4,2,5,4,4,6,6,0,1,1,0,0,0,1,0,0,0,0,110000.0
a015619,4,1,0,0,0,0,1,1,0,0,0,0,0,0,0,0,0,0,0,0,0,0,0,0,0,0,0,0,0,1,0,0,0,0,1,1,0,0,0,0,0,0,0,0,0,0,0,0,0,0,0,0,0,0,0,0,0,1,20,4,4,12.0,2,7.0,2,6,1,4,5,6,6,7,7,1,1,1,1,0,0,0,0,0,0,0,1449600.0
a006942,2,1,1,0,0,0,0,0,0,0,0,0,0,0,0,0,0,0,0,0,0,0,1,0,0,0,1,1,0,1,1,0,0,0,0,0,0,0,0,0,0,0,0,0,0,0,0,0,0,0,1,0,0,0,1,1,0,1,30,6,3,3.0,4,10.0,2,1,4,6,3,3,3,5,1,2,1,1,0,0,0,0,0,1,0,0,5000.0
a007925,2,1,0,0,1,0,0,0,0,0,0,0,0,0,0,0,0,0,0,0,0,0,0,0,0,0,0,0,0,1,0,0,1,0,0,0,0,0,0,0,0,0,0,0,0,0,0,0,0,0,0,0,0,0,0,0,0,0,60,5,3,13.0,2,2.0,3,3,2,2,2,2,3,3,2,1,1,0,1,0,1,0,0,0,0,0,20000.0
a001645,3,0,0,0,0,0,0,0,0,0,0,0,0,0,0,0,0,0,0,0,0,0,0,1,0,0,1,0,0,0,0,0,0,0,0,0,0,0,0,0,0,0,0,0,0,0,0,0,0,0,0,1,0,0,1,0,0,1,40,6,4,2.0,5,6.0,3,5,1,5,1,1,7,3,4,0,1,1,0,1,0,0,0,0,0,0,16200.0
a008098,2,1,1,0,0,0,0,0,0,0,0,0,0,0,0,0,0,0,0,0,0,0,0,0,0,0,0,0,0,1,1,0,0,0,0,0,0,0,0,0,0,0,0,0,0,0,0,0,0,0,0,0,0,0,0,0,0,0,30,6,3,3.0,5,7.0,2,4,3,3,3,1,5,2,5,1,0,1,1,0,0,1,0,0,0,0,39980.0
a017927,2,0,1,0,0,0,0,0,1,1,0,0,0,0,0,0,0,0,0,0,0,1,1,0,0,0,0,0,0,0,1,0,0,0,0,0,1,1,0,0,0,0,0,0,0,0,0,0,0,1,1,0,0,0,0,0,0,1,30,6,1,3.0,5,7.49660441426146,2,2,3,1,1,3,2,2,6,3,0,1,0,0,1,0,1,0,0,0,79500.0
a014834,2,1,1,1,0,0,1,1,0,0,0,0,0,0,0,0,0,0,0,0,0,0,0,0,0,0,0,0,0,1,1,1,0,0,1,1,0,0,0,0,0,0,0,0,0,0,0,0,0,0,0,0,0,0,0,0,0,0,20,6,1,4.0,4,7.49660441426146,3,6,2,2,2,2,6,6,7,0,1,1,0,0,0,0,1,0,0,0,65500.0
a005290,2,1,1,1,1,1,1,0,0,1,0,1,0,0,0,0,0,0,0,0,0,1,1,0,0,0,0,0,0,1,1,1,1,1,1,0,0,1,0,1,0,0,0,0,0,0,0,0,0,1,1,0,0,0,0,0,0,1,40,6,5,3.0,1,6.0,2,4,4,3,3,3,5,5,3,1,1,0,1,0,0,0,0,1,0,0,151000.0
a002513,2,1,0,0,0,0,0,0,0,0,0,0,0,0,0,0,0,0,0,0,0,1,0,0,0,0,0,0,0,1,0,0,0,0,0,0,0,0,0,0,0,0,0,0,0,0,0,0,0,1,0,0,0,0,0,0,0,1,40,4,4,1.0,5,10.0,3,7,7,7,1,1,7,7,7,2,1,0,1,0,0,1,0,0,0,0,286200.0
a010341,3,0,0,0,0,0,0,0,1,0,0,0,0,0,0,0,0,0,0,0,0,0,0,0,1,0,0,1,0,0,0,0,0,0,0,0,1,0,0,0,0,0,0,0,0,0,0,0,0,0,0,0,1,0,0,1,0,0,40,6,3,3.0,5,7.0,2,4,2,2,5,6,2,6,2,2,0,1,1,0,0,0,1,0,0,0,91000.0
a006566,2,1,0,0,0,0,0,0,0,0,0,0,0,0,0,0,0,0,0,0,0,0,1,0,0,0,0,0,0,1,0,0,0,0,0,0,0,0,0,0,0,0,0,0,0,0,0,0,0,0,1,0,0,0,0,0,0,1,40,5,4,11.0,1,6.0,3,2,3,2,2,4,4,2,4,5,1,1,1,0,0,0,0,0,0,0,796800.0
a004303,2,0,1,0,0,0,0,0,0,0,0,0,0,0,0,0,0,0,0,0,0,0,0,0,0,0,0,0,0,0,1,0,0,0,0,0,0,0,0,0,0,0,0,0,0,0,0,0,0,0,0,0,0,0,0,0,0,0,20,6,4,2.0,10,10.0,3,4,2,3,2,4,6,7,3,3,1,0,0,0,0,1,1,0,0,0,107900.0
a018190,2,1,0,1,1,0,1,0,0,0,1,1,0,0,0,0,0,0,0,0,0,0,0,0,1,0,1,1,1,1,0,1,1,0,1,0,0,0,1,1,0,0,0,0,0,0,0,0,0,0,0,0,1,0,1,1,1,0,30,6,3,1.0,6,12.0,2,6,2,2,4,6,2,5,2,0,1,1,0,0,0,0,1,0,0,0,113300.0
a017742,2,1,0,0,0,0,0,0,0,0,0,1,0,0,0,0,0,0,0,0,0,0,1,0,1,0,0,0,0,1,0,0,0,0,0,0,0,0,0,1,0,0,0,0,0,0,0,0,0,0,1,0,1,0,0,0,0,1,30,7,1,2.0,5,7.49660441426146,2,2,2,2,2,5,6,2,7,0,1,0,0,0,1,0,1,0,0,0,275700.0
a017605,2,0,0,0,0,0,1,0,0,0,0,1,0,0,0,0,0,0,0,0,0,0,0,0,0,0,0,0,0,0,0,0,0,0,1,0,0,0,0,1,0,0,0,0,0,0,0,0,0,0,0,0,0,0,0,0,0,0,40,5,3,2.0,4,4.0,2,3,3,5,4,4,3,2,6,2,0,1,1,0,0,0,0,1,0,0,125000.0
a005997,2,0,0,0,0,0,0,0,0,0,0,0,1,1,0,0,0,0,0,0,0,0,0,0,0,0,0,0,1,0,0,0,0,0,0,0,0,0,0,0,1,1,0,0,0,0,0,0,0,0,0,0,0,0,0,0,1,0,40,6,4,2.0,7,7.0,3,1,3,1,4,3,5,2,6,2,1,0,1,0,0,0,0,1,0,0,57050.0
a005559,3,0,0,1,1,0,0,1,0,0,0,0,0,0,0,0,0,0,0,0,0,0,1,1,0,0,0,0,0,0,0,1,1,0,0,1,0,0,0,0,0,0,0,0,0,0,0,0,0,0,1,1,0,0,0,0,0,0,20,6,3,3.0,4,10.0,3,3,2,3,2,2,5,3,6,1,1,0,1,0,0,0,1,0,0,0,519782.0
a007582,2,0,0,1,0,0,1,0,0,0,0,0,0,0,0,0,0,0,0,0,0,0,0,0,0,0,0,0,0,0,0,1,0,0,1,0,0,0,0,0,0,0,0,0,0,0,0,0,0,0,0,0,0,0,0,0,0,1,20,7,1,2.0,5,7.49660441426146,2,5,3,1,3,3,1,3,7,0,1,0,0,1,0,0,0,1,0,0,107600.0
a018139,2,1,0,0,1,0,0,0,0,0,0,0,0,0,0,0,0,0,0,0,0,0,0,0,0,0,0,0,0,1,0,0,1,0,0,0,0,0,0,0,0,0,0,0,0,0,0,0,0,0,0,0,0,0,0,0,0,1,30,7,2,3.0,4,8.0,1,4,4,4,5,4,4,5,3,1,1,1,1,0,0,0,0,0,0,0,207200.0
a007778,2,0,0,1,1,0,1,1,0,0,0,0,1,0,0,0,0,0,0,0,0,0,1,0,0,0,1,0,0,0,0,1,1,0,1,1,0,0,0,0,1,0,0,0,0,0,0,0,0,0,1,0,0,0,1,0,0,1,20,6,1,3.0,4,7.49660441426146,2,2,4,3,4,6,4,2,7,1,1,0,1,0,1,0,0,0,0,0,133600.0
a004312,2,0,0,0,0,0,1,0,0,0,0,0,0,0,0,0,0,0,0,0,0,0,0,0,0,0,0,0,0,0,0,0,0,0,1,0,0,0,0,0,0,0,0,0,0,0,0,0,0,0,0,0,0,0,0,0,0,0,60,6,3,3.0,4,7.0,2,4,2,1,3,2,2,1,4,1,0,0,0,0,0,0,1,1,0,0,190600.0
a001960,3,1,0,0,0,0,0,0,0,0,0,0,1,0,0,0,0,0,0,0,0,0,0,0,0,0,1,0,0,1,0,0,0,0,0,0,0,0,0,0,1,0,0,0,0,0,0,0,0,0,0,0,0,0,1,0,0,1,20,6,3,3.0,4,6.0,3,5,3,5,3,4,5,2,5,0,1,1,0,0,0,0,1,0,0,0,557100.0
a001731,3,1,0,0,0,0,0,0,1,1,0,0,0,0,0,0,0,0,0,0,0,0,0,0,0,1,0,0,0,1,0,0,0,0,0,0,1,1,0,0,0,0,0,0,0,0,0,0,0,0,0,0,0,1,0,0,0,0,40,5,3,4.0,6,6.0,2,1,1,4,4,1,4,6,6,1,1,1,1,0,0,0,0,0,0,0,120800.0
a013847,2,1,0,1,1,0,1,0,0,0,0,0,1,0,0,0,0,0,0,0,0,0,1,0,0,0,1,0,0,1,0,1,1,0,1,0,0,0,0,0,1,0,0,0,0,0,0,0,0,0,1,0,0,0,1,0,0,1,30,6,2,3.0,5,5.0,3,3,4,3,3,4,4,4,5,0,1,0,0,0,0,0,1,0,0,0,73400.0
a006537,2,1,0,0,0,0,0,0,0,0,0,0,0,0,0,0,0,0,0,0,0,1,1,0,1,0,1,0,0,1,0,0,0,0,0,0,0,0,0,0,0,0,0,0,0,0,0,0,0,1,1,0,1,0,1,0,0,0,20,6,2,12.0,2,2.0,2,7,1,2,2,3,3,6,3,1,1,0,1,0,0,0,0,0,1,0,109200.0
a005538,2,0,0,1,0,0,0,0,0,0,0,0,0,0,0,0,0,0,0,0,0,1,1,0,0,0,1,0,0,0,0,1,0,0,0,0,0,0,0,0,0,0,0,0,0,0,0,0,0,1,1,0,0,0,1,0,0,0,40,7,4,1.0,4,7.0,3,6,2,2,2,6,6,2,7,1,1,0,0,0,1,0,1,0,0,0,61400.0
a002497,2,0,0,0,0,1,0,0,0,0,0,0,0,0,0,0,0,0,0,0,0,0,0,0,0,0,0,0,0,0,0,0,0,1,0,0,0,0,0,0,0,0,0,0,0,0,0,0,0,0,0,0,0,0,0,0,0,0,40,7,2,3.0,8,11.0,2,2,6,2,1,2,2,4,3,3,1,0,1,0,0,1,0,0,0,0,1847000.0
a002600,3,0,1,0,0,1,0,0,0,0,0,0,0,0,0,0,0,0,0,0,0,0,0,0,0,0,0,0,0,0,1,0,0,1,0,0,0,0,0,0,0,0,0,0,0,0,0,0,0,0,0,0,0,0,0,0,0,0,40,6,4,5.0,4,4.0,3,1,1,7,3,2,6,2,7,3,1,0,1,1,0,0,0,0,0,0,701000.0
a002032,3,0,1,0,0,0,1,1,0,0,0,0,0,0,0,0,0,0,0,0,0,0,0,1,0,0,0,0,0,0,1,0,0,0,1,1,0,0,0,0,0,0,0,0,0,0,0,0,0,0,0,1,0,0,0,0,0,1,20,6,4,3.0,5,12.0,3,3,2,2,2,5,5,6,3,1,1,1,0,0,0,0,1,0,0,0,1850755.0
a006616,2,0,0,0,0,0,0,0,0,1,0,0,0,0,0,0,0,0,0,0,0,1,1,0,1,0,0,0,0,0,0,0,0,0,0,0,0,1,0,0,0,0,0,0,0,0,0,0,0,1,1,0,1,0,0,0,0,1,60,6,2,2.0,3,5.0,2,1,2,1,2,4,2,2,7,2,1,1,1,0,0,0,0,0,0,0,32800.0
a004415,3,1,0,1,1,0,1,1,0,0,0,0,0,0,0,0,0,0,0,0,0,0,0,0,0,0,0,0,0,1,0,1,1,0,1,1,0,0,0,0,0,0,0,0,0,0,0,0,0,0,0,0,0,0,0,0,0,1,20,6,1,3.0,4,7.49660441426146,2,5,5,6,6,6,4,2,6,0,1,1,0,0,0,0,1,0,0,0,484800.0
a000417,4,1,1,0,0,0,0,0,0,0,0,0,0,0,0,0,0,0,0,0,0,0,0,1,0,0,0,0,0,1,1,0,0,0,0,0,0,0,0,0,0,0,0,0,0,0,0,0,0,0,0,1,0,0,0,0,0,0,20,6,2,2.0,6,9.0,2,3,6,6,3,2,6,6,2,1,0,0,1,0,0,0,1,0,1,0,187000.0
a006769,2,0,1,0,0,0,0,0,0,0,0,1,0,0,0,0,0,0,0,0,0,1,0,0,0,0,0,0,0,0,1,0,0,0,0,0,0,0,0,1,0,0,0,0,0,0,0,0,0,1,0,0,0,0,0,0,0,1,30,6,2,3.0,4,6.0,2,2,2,2,4,2,3,5,6,20,0,1,1,0,0,0,0,0,0,1,284000.0
a017738,2,0,0,1,1,0,0,0,0,0,0,0,0,0,0,0,0,0,0,0,0,0,0,0,0,0,0,0,0,0,0,1,1,0,0,0,0,0,0,0,0,0,0,0,0,0,0,0,0,0,0,0,0,0,0,0,0,0,20,6,5,13.0,2,5.0,3,4,1,1,4,4,4,1,1,0,1,1,0,0,0,0,0,1,0,0,8900.0
a012416,3,1,0,0,1,0,0,0,0,0,0,0,0,0,0,0,0,0,0,0,0,0,0,0,1,0,1,0,0,1,0,0,1,0,0,0,0,0,0,0,0,0,0,0,0,0,0,0,0,0,0,0,1,0,1,0,0,1,20,6,4,12.0,2,4.0,2,5,3,1,3,7,4,1,7,0,1,0,0,1,0,0,1,0,0,0,557800.0
a017671,2,0,1,0,0,0,0,0,0,0,0,0,0,0,0,0,0,0,0,0,0,0,0,0,0,0,0,0,0,0,1,0,0,0,0,0,0,0,0,0,0,0,0,0,0,0,0,0,0,0,0,0,0,0,0,0,0,1,30,6,3,2.0,4,6.0,2,3,7,1,1,4,3,2,1,2,0,1,1,0,0,0,0,1,0,0,117600.0
a010349,2,1,0,0,0,0,1,0,0,0,0,0,0,0,0,0,0,0,0,0,0,1,1,0,0,0,0,0,0,1,0,0,0,0,1,0,0,0,0,0,0,0,0,0,0,0,0,0,0,1,1,0,0,0,0,0,0,1,20,6,4,2.0,4,7.0,1,3,2,2,3,6,7,5,6,1,1,1,0,0,0,0,0,1,0,0,41000.0
a000862,3,1,1,0,0,1,0,1,0,0,0,0,0,0,0,0,0,0,0,0,0,0,0,0,0,0,0,0,0,1,1,0,0,1,0,1,0,0,0,0,0,0,0,0,0,0,0,0,0,0,0,0,0,0,0,0,0,0,60,4,1,9.0,6,7.49660441426146,2,6,1,4,7,5,6,7,4,2,0,1,1,0,1,0,0,0,0,0,636600.0
a010002,2,0,0,0,0,0,1,0,0,1,0,0,1,0,0,0,0,0,0,0,0,0,0,0,0,0,0,0,0,0,0,0,0,0,1,0,0,1,0,0,1,0,0,0,0,0,0,0,0,0,0,0,0,0,0,0,0,0,20,5,2,12.0,2,6.0,3,4,2,4,5,2,3,3,6,0,1,1,0,1,0,0,0,0,0,0,3600.0
a006502,2,0,0,0,0,1,0,0,0,0,0,0,0,0,0,0,0,0,0,0,0,0,0,0,0,0,0,0,0,0,0,0,0,1,0,0,0,0,0,0,0,0,0,0,0,0,0,0,0,0,0,0,0,0,0,0,0,0,30,6,1,13.0,4,7.49660441426146,2,2,2,2,2,1,3,2,6,1,0,1,0,0,0,0,0,0,0,0,9000.0
a002885,2,0,1,0,0,0,0,0,0,0,0,0,0,0,0,0,0,0,0,0,0,0,1,0,0,0,0,0,0,0,1,0,0,0,0,0,0,0,0,0,0,0,0,0,0,0,0,0,0,0,1,0,0,0,0,0,0,0,30,6,2,3.0,4,6.0,3,2,1,2,3,3,4,1,6,1,1,1,1,0,0,0,0,0,0,0,258000.0
a001471,2,0,0,0,0,1,1,0,1,0,0,0,0,0,0,0,0,0,0,0,0,0,1,0,0,0,1,0,0,0,0,0,0,1,1,0,1,0,0,0,0,0,0,0,0,0,0,0,0,0,1,0,0,0,1,0,0,1,30,7,4,3.0,3,8.0,2,5,3,3,2,2,6,5,5,3,1,1,1,0,0,0,0,0,0,0,253600.0
a009509,2,1,0,0,0,0,0,0,0,0,0,0,0,0,0,0,0,0,0,0,0,1,0,0,0,0,0,0,0,1,0,0,0,0,0,0,0,0,0,0,0,0,0,0,0,0,0,0,0,1,0,0,0,0,0,0,0,0,50,5,3,6.0,3,5.0,2,2,2,3,2,3,3,2,6,2,1,1,1,0,0,0,0,0,0,0,188850.0
a008562,2,1,1,0,0,0,0,0,0,0,0,0,0,0,0,0,0,0,0,0,0,0,0,0,0,0,0,0,0,1,1,0,0,0,0,0,0,0,0,0,0,0,0,0,0,0,0,0,0,0,0,0,0,0,0,0,0,0,30,5,3,3.0,4,6.0,2,1,7,1,1,1,1,1,1,2,1,0,1,0,0,0,1,0,0,0,432450.0
b011628,2,0,1,0,0,0,0,0,0,0,0,0,0,0,0,0,0,0,0,0,0,0,0,0,0,0,0,0,0,0,1,0,0,0,0,0,0,0,0,0,0,0,0,0,0,0,0,0,0,0,0,0,0,0,0,0,0,1,40,6,4,11.0,1,9.0,3,4,1,1,2,4,4,2,4,3,1,0,1,0,0,0,0,1,0,0,123860.0
a004594,2,0,0,0,1,0,1,0,0,0,0,0,0,0,0,0,0,0,0,0,0,0,0,0,0,0,1,0,0,0,0,0,1,0,1,0,0,0,0,0,0,0,0,0,0,0,0,0,0,0,0,0,0,0,1,0,0,1,20,6,1,3.0,7,7.49660441426146,3,2,2,6,5,6,7,2,7,1,1,0,0,0,0,0,1,1,0,0,63000.0
a004646,2,0,1,0,0,1,1,0,0,0,0,0,1,0,0,0,0,0,0,0,0,0,1,0,0,0,0,0,0,0,1,0,0,1,1,0,0,0,0,0,1,0,0,0,0,0,0,0,0,0,1,0,0,0,0,0,0,1,20,5,3,3.0,3,9.0,2,3,2,2,1,2,5,5,5,1,1,0,0,0,1,0,1,0,0,0,200100.0
a014772,2,1,0,0,0,0,0,0,0,0,0,0,0,0,0,0,0,0,0,0,0,0,1,0,1,0,0,0,0,1,0,0,0,0,0,0,0,0,0,0,0,0,0,0,0,0,0,0,0,0,1,0,1,0,0,0,0,1,20,6,2,3.0,4,5.0,3,4,1,5,2,1,5,5,6,1,1,0,1,0,1,0,0,0,0,0,73400.0
a005514,2,0,1,0,1,0,1,0,0,0,0,0,0,0,0,0,0,0,0,0,0,0,1,0,0,0,1,0,0,0,1,0,1,0,1,0,0,0,0,0,0,0,0,0,0,0,0,0,0,0,1,0,0,0,1,0,0,1,30,7,3,3.0,5,9.0,3,4,6,5,1,2,6,2,6,2,0,0,1,0,0,0,1,1,0,0,21200.0
a018084,2,0,1,0,0,0,0,0,0,0,0,0,0,0,0,0,0,0,0,0,0,0,0,0,0,0,0,0,0,0,1,0,0,0,0,0,0,0,0,0,0,0,0,0,0,0,0,0,0,0,0,0,0,0,0,0,0,0,40,6,1,2.0,7,7.49660441426146,3,2,2,6,2,2,2,1,6,0,1,1,0,0,0,0,1,0,0,0,800.0
a018151,2,1,0,0,0,0,1,0,0,0,0,0,0,0,0,0,0,0,0,0,0,0,0,0,0,0,0,0,0,1,0,0,0,0,1,0,0,0,0,0,0,0,0,0,0,0,0,0,0,0,0,0,0,0,0,0,0,1,30,6,3,11.0,2,6.0,2,2,6,2,3,6,6,3,3,1,1,0,1,0,0,0,1,0,0,0,90000.0
a004679,2,0,0,0,0,0,0,0,0,0,0,0,0,0,0,0,0,0,0,0,0,0,1,0,0,0,0,0,0,0,0,0,0,0,0,0,0,0,0,0,0,0,0,0,0,0,0,0,0,0,1,0,0,0,0,0,0,0,40,8,4,2.0,12,12.0,3,3,3,4,5,2,3,5,1,3,0,0,1,0,1,0,0,0,0,1,23000.0
a006112,2,0,0,0,0,1,0,0,0,0,0,0,0,0,0,0,0,0,0,0,0,0,1,0,0,0,1,0,1,0,0,0,0,1,0,0,0,0,0,0,0,0,0,0,0,0,0,0,0,0,1,0,0,0,1,0,1,1,30,6,3,2.0,6,7.0,2,4,4,1,1,1,4,4,5,2,1,0,1,0,0,0,1,0,0,0,11800.0
a009742,2,1,0,1,1,0,1,0,0,0,0,0,0,0,0,0,0,0,0,0,0,0,0,0,0,0,0,0,0,1,0,1,1,0,1,0,0,0,0,0,0,0,0,0,0,0,0,0,0,0,0,0,0,0,0,0,0,0,30,6,4,13.0,5,5.0,3,4,1,1,3,3,6,1,4,3,0,0,1,0,0,0,1,1,0,0,49600.0
a014130,2,1,0,0,1,0,0,0,0,0,0,0,0,0,0,0,0,0,0,0,0,0,1,0,1,0,0,1,0,1,0,0,1,0,0,0,0,0,0,0,0,0,0,0,0,0,0,0,0,0,1,0,1,0,0,1,0,0,40,6,1,2.0,4,7.49660441426146,3,2,2,2,2,2,5,5,6,0,1,1,0,0,0,0,1,0,0,0,31800.0
a005996,2,0,0,0,0,0,0,0,0,0,0,0,0,0,0,0,0,0,0,0,0,1,0,0,0,0,0,0,0,0,0,0,0,0,0,0,0,0,0,0,0,0,0,0,0,0,0,0,0,1,0,0,0,0,0,0,0,1,40,7,4,2.0,4,12.0,3,5,2,5,2,2,5,5,3,1,0,0,1,0,0,0,0,0,0,0,232600.0
a002472,2,0,0,0,0,0,1,0,0,0,0,0,0,0,0,0,0,0,0,0,0,0,1,0,0,0,0,0,0,0,0,0,0,0,1,0,0,0,0,0,0,0,0,0,0,0,0,0,0,0,1,0,0,0,0,0,0,1,30,5,3,3.0,5,6.0,2,4,3,2,2,3,4,3,6,2,0,0,1,0,0,0,1,1,0,0,445600.0
a006707,2,0,1,0,0,1,0,0,0,0,0,0,0,0,0,0,0,0,0,0,0,0,0,0,0,0,0,0,0,0,1,0,0,1,0,0,0,0,0,0,0,0,0,0,0,0,0,0,0,0,0,0,0,0,0,0,0,1,40,6,4,3.0,5,9.0,2,2,4,3,4,4,3,4,3,3,1,0,1,0,0,0,1,0,0,0,114000.0
a006203,2,0,0,1,0,0,0,0,1,0,0,0,0,0,0,0,0,0,0,0,0,0,1,0,0,0,0,0,0,0,0,1,0,0,0,0,1,0,0,0,0,0,0,0,0,0,0,0,0,0,1,0,0,0,0,0,0,0,20,5,3,3.0,4,5.0,2,2,4,5,5,3,3,6,5,0,1,1,0,1,0,0,0,0,0,0,66500.0
a011640,2,1,0,0,1,0,0,0,0,0,0,0,0,0,0,0,0,0,0,0,0,1,1,0,0,0,0,0,1,1,0,0,1,0,0,0,0,0,0,0,0,0,0,0,0,0,0,0,0,1,1,0,0,0,0,0,1,1,30,6,2,3.0,5,5.0,2,2,2,2,4,3,3,3,5,0,0,1,0,0,0,0,0,0,0,0,1800.0
a000885,3,0,1,0,0,0,1,0,0,0,0,0,0,0,0,0,0,0,0,0,0,1,1,0,0,0,1,0,0,0,1,0,0,0,1,0,0,0,0,0,0,0,0,0,0,0,0,0,0,1,1,0,0,0,1,0,0,0,40,6,2,3.0,5,5.0,3,1,4,1,4,1,2,3,4,1,0,1,0,0,0,0,0,0,0,0,463000.0
a017847,2,1,0,0,0,0,0,0,0,0,0,0,0,0,0,0,0,0,0,0,0,0,0,0,0,0,0,0,0,1,0,0,0,0,0,0,0,0,0,0,0,0,0,0,0,0,0,0,0,0,0,0,0,0,0,0,0,1,40,6,1,2.0,6,7.49660441426146,3,2,2,2,2,6,2,5,3,0,1,1,0,0,0,0,1,0,0,0,691520.0
a011277,3,0,0,0,0,0,0,0,0,0,0,0,0,0,0,0,0,0,0,0,0,1,1,0,0,0,1,0,0,0,0,0,0,0,0,0,0,0,0,0,0,0,0,0,0,0,0,0,0,1,1,0,0,0,1,0,0,1,40,6,3,11.0,5,5.0,3,7,3,2,1,1,2,1,7,1,1,1,1,0,0,0,0,0,0,0,792290.0
a007922,2,1,0,0,1,0,0,0,0,0,0,0,0,0,0,0,0,0,0,0,0,0,0,0,0,0,1,0,0,1,0,0,1,0,0,0,0,0,0,0,0,0,0,0,0,0,0,0,0,0,0,0,0,0,1,0,0,1,20,6,4,2.0,6,7.0,2,6,1,3,2,4,5,6,7,3,1,0,1,0,0,0,1,0,0,0,159600.0
a008563,2,0,1,0,0,0,1,0,0,1,1,1,0,0,0,0,0,0,0,0,0,0,0,0,0,0,0,0,0,0,1,0,0,0,1,0,0,1,1,1,0,0,0,0,0,0,0,0,0,0,0,0,0,0,0,0,0,0,30,6,5,3.0,5,12.0,2,5,6,2,3,6,2,2,6,1,1,1,1,0,0,0,0,0,0,0,17000.0
a007297,2,0,0,1,0,0,1,1,0,1,0,1,0,0,0,0,0,0,0,0,0,0,0,0,0,0,0,0,0,0,0,1,0,0,1,1,0,1,0,1,0,0,0,0,0,0,0,0,0,0,0,0,0,0,0,0,0,1,30,6,1,3.0,5,7.49660441426146,3,4,4,4,4,4,4,4,4,0,1,1,0,0,0,0,1,0,0,0,7000.0
a000934,5,0,0,1,0,0,1,0,0,0,0,0,0,0,0,0,0,0,0,0,0,0,0,0,1,1,0,1,0,0,0,1,0,0,1,0,0,0,0,0,0,0,0,0,0,0,0,0,0,0,0,0,1,1,0,1,0,1,40,6,3,3.0,9,9.0,3,1,3,4,4,4,1,1,5,1,1,1,0,1,0,0,0,0,0,0,282980.0
a004066,3,1,0,1,1,1,0,0,0,0,0,0,0,0,0,0,0,0,0,0,0,0,0,0,0,0,0,0,0,1,0,1,1,1,0,0,0,0,0,0,0,0,0,0,0,0,0,0,0,0,0,0,0,0,0,0,0,1,50,4,4,11.0,1,9.0,3,2,5,5,4,4,7,7,4,0,1,1,0,0,0,1,0,0,0,0,64750.0
a009662,2,1,1,0,1,0,0,0,0,0,0,1,0,0,0,0,0,0,0,0,0,0,1,0,0,0,0,0,0,1,1,0,1,0,0,0,0,0,0,1,0,0,0,0,0,0,0,0,0,0,1,0,0,0,0,0,0,1,50,4,3,2.0,3,4.0,3,3,2,2,2,2,6,3,4,1,1,0,1,0,0,0,1,0,0,0,401200.0
a008375,5,1,1,0,1,0,0,1,0,0,0,0,0,0,0,0,0,0,0,0,0,0,1,0,0,0,0,0,0,1,1,0,1,0,0,1,0,0,0,0,0,0,0,0,0,0,0,0,0,0,1,0,0,0,0,0,0,1,20,6,1,2.0,5,7.49660441426146,2,3,1,4,2,4,5,6,2,2,1,0,1,0,0,0,0,0,1,0,478700.0
a002465,2,1,0,0,0,0,1,0,0,1,0,1,0,0,0,0,0,0,0,0,0,0,0,0,0,0,0,0,0,1,0,0,0,0,1,0,0,1,0,1,0,0,0,0,0,0,0,0,0,0,0,0,0,0,0,0,0,1,30,6,1,3.0,4,7.49660441426146,3,4,2,3,4,6,1,4,2,0,0,0,0,0,0,0,0,0,0,1,25000.0
a003300,3,1,1,0,0,0,0,0,0,0,0,0,0,0,0,0,0,0,0,0,0,0,1,1,1,0,0,0,0,1,1,0,0,0,0,0,0,0,0,0,0,0,0,0,0,0,0,0,0,0,1,1,1,0,0,0,0,1,30,6,3,2.0,5,10.0,2,7,7,2,1,7,1,1,7,2,1,0,1,0,0,0,0,1,0,0,325700.0
a004810,3,1,0,0,1,1,0,0,0,0,0,0,0,0,0,0,0,0,0,0,0,1,1,0,0,0,0,0,0,1,0,0,1,1,0,0,0,0,0,0,0,0,0,0,0,0,0,0,0,1,1,0,0,0,0,0,0,1,60,5,2,3.0,5,6.0,2,1,1,2,2,2,3,2,1,2,1,0,1,0,0,1,0,0,0,0,79600.0
a006804,2,0,0,0,0,0,0,0,0,0,0,0,0,0,0,0,0,0,0,0,0,1,0,0,0,0,0,0,0,0,0,0,0,0,0,0,0,0,0,0,0,0,0,0,0,0,0,0,0,1,0,0,0,0,0,0,0,1,50,4,1,13.0,4,7.49660441426146,2,1,4,1,4,3,1,1,4,3,1,0,1,0,0,0,0,0,0,0,65900.0
a002731,3,0,0,0,0,0,1,0,0,0,0,0,0,0,0,0,0,0,0,0,0,0,1,1,0,0,1,0,0,0,0,0,0,0,1,0,0,0,0,0,0,0,0,0,0,0,0,0,0,0,1,1,0,0,1,0,0,1,20,6,5,3.0,4,12.0,2,4,2,4,5,3,5,1,7,0,1,1,0,0,0,0,1,0,0,0,143270.0
a000179,3,1,0,0,0,0,1,0,0,0,0,0,0,0,0,0,0,0,0,0,0,0,1,0,0,0,0,0,0,0,0,0,0,0,1,0,0,0,0,0,0,0,0,0,0,0,0,0,0,0,0,0,0,0,0,0,0,1,40,4,1,3.0,4,7.49660441426146,2,3,6,2,4,1,3,3,5,2,1,1,0,0,0,0,0,1,0,0,216900.0
a005694,3,0,0,0,0,0,0,0,0,0,0,0,0,0,0,0,0,0,0,0,0,0,1,0,0,0,0,0,0,0,0,0,0,0,0,0,0,0,0,0,0,0,0,0,0,0,0,0,0,0,1,0,0,0,0,0,0,0,30,6,1,4.0,6,7.49660441426146,2,1,1,1,1,1,1,4,7,0,1,1,0,0,0,0,1,0,0,0,1149500.0
a009387,2,0,0,0,0,0,0,0,0,0,1,0,0,0,0,0,0,0,0,0,0,0,0,0,0,0,0,0,0,0,0,0,0,0,0,0,0,0,1,0,0,0,0,0,0,0,0,0,0,0,0,0,0,0,0,0,0,1,40,7,4,3.0,4,7.0,2,2,2,3,5,6,5,5,2,3,0,1,1,0,0,1,0,0,0,0,112000.0
a000086,4,0,0,0,0,0,1,0,0,0,0,0,0,0,0,0,0,0,0,0,0,0,1,1,0,0,0,0,0,0,0,0,0,0,1,0,0,0,0,0,0,0,0,0,0,0,0,0,0,0,0,0,0,0,0,0,0,1,30,6,4,3.0,6,6.0,3,2,2,6,4,4,6,2,4,3,1,0,1,0,0,0,0,0,0,0,752000.0
a011622,2,0,0,1,1,0,1,0,0,1,0,0,0,0,0,0,0,0,0,0,0,0,1,0,1,0,1,1,0,0,0,1,1,0,1,0,0,1,0,0,0,0,0,0,0,0,0,0,0,0,1,0,1,0,1,1,0,0,20,6,3,12.0,2,5.0,3,6,1,3,4,1,5,7,6,1,1,0,1,0,0,0,1,0,0,0,67600.0
a003650,2,0,0,0,1,0,0,0,0,1,0,0,0,0,0,0,0,0,0,0,0,0,1,0,0,0,0,0,0,0,0,0,1,0,0,0,0,1,0,0,0,0,0,0,0,0,0,0,0,0,1,0,0,0,0,0,0,0,40,6,4,2.0,6,9.0,2,2,2,2,4,6,6,5,6,1,1,0,1,0,0,0,1,0,0,0,925600.0
a005145,2,0,1,0,0,0,0,0,0,1,0,0,0,0,0,0,0,0,0,0,0,0,0,0,0,0,0,0,0,0,1,0,0,0,0,0,0,1,0,0,0,0,0,0,0,0,0,0,0,0,0,0,0,0,0,0,0,1,30,6,2,3.0,5,8.0,2,4,5,3,2,2,2,3,2,1,0,1,0,1,0,0,0,1,0,0,158400.0
a008415,2,0,0,0,0,0,0,0,0,0,0,0,0,0,0,0,0,0,0,0,0,0,1,0,1,0,1,0,0,0,0,0,0,0,0,0,0,0,0,0,0,0,0,0,0,0,0,0,0,0,1,0,1,0,1,0,0,0,20,6,1,10.0,4,7.49660441426146,2,1,2,1,5,6,1,7,5,0,1,1,0,1,0,0,0,0,0,0,231400.0
a007004,2,1,0,0,1,0,0,0,0,0,0,0,0,1,0,0,0,0,0,0,0,0,1,0,0,0,0,0,0,1,0,0,1,0,0,0,0,0,0,0,0,1,0,0,0,0,0,0,0,0,1,0,0,0,0,0,0,0,20,6,2,9.0,4,5.0,2,5,1,3,3,2,3,3,4,0,1,1,0,0,0,0,1,0,0,0,330620.0
a001158,4,1,0,0,0,0,0,0,0,0,0,0,0,0,0,0,0,0,0,0,0,0,1,0,1,0,1,1,0,1,0,0,0,0,0,0,0,0,0,0,0,0,0,0,0,0,0,0,0,0,1,0,1,0,1,1,0,0,30,6,1,3.0,4,7.49660441426146,2,1,3,2,3,2,2,3,2,0,1,0,0,0,0,1,0,1,0,0,29300.0
a012313,4,1,0,0,1,0,0,0,0,0,0,0,0,0,0,0,0,0,0,0,0,0,1,0,0,0,1,0,0,1,0,0,1,0,0,0,0,0,0,0,0,0,0,0,0,0,0,0,0,0,1,0,0,0,1,0,0,0,60,6,3,3.0,3,5.0,3,3,4,3,6,3,4,4,4,1,1,1,0,0,0,0,1,0,0,0,1214000.0
a015355,2,1,0,1,1,0,0,0,0,0,0,0,0,0,0,0,0,0,0,0,0,0,1,0,0,0,0,0,0,1,0,1,1,0,0,0,0,0,0,0,0,0,0,0,0,0,0,0,0,0,1,0,0,0,0,0,0,0,20,6,4,13.0,1,6.0,3,4,3,2,5,5,3,4,6,0,1,1,0,0,0,0,1,0,0,0,111970.0
a005867,3,1,0,0,0,0,0,0,0,0,0,0,0,0,0,0,0,0,0,0,0,1,0,0,0,0,1,0,0,1,0,0,0,0,0,0,0,0,0,0,0,0,0,0,0,0,0,0,0,1,0,0,0,0,1,0,0,1,60,4,3,11.0,1,9.0,3,4,6,2,1,6,6,6,6,1,1,1,0,0,0,0,0,0,1,0,862700.0
a002986,2,1,0,1,1,0,0,0,0,0,0,0,0,0,0,0,0,0,0,0,0,0,0,0,1,0,0,0,1,1,0,1,1,0,0,0,0,0,0,0,0,0,0,0,0,0,0,0,0,0,0,0,1,0,0,0,1,0,20,5,4,12.0,2,10.0,1,2,2,1,3,2,3,2,3,0,1,0,0,0,0,1,1,0,0,0,109422.0
a004024,3,1,0,1,1,0,0,0,0,1,0,0,0,0,0,0,0,0,0,0,0,0,1,0,0,0,0,0,0,1,0,1,1,0,0,0,0,1,0,0,0,0,0,0,0,0,0,0,0,0,1,0,0,0,0,0,0,1,20,5,2,13.0,5,6.0,2,1,4,1,4,6,4,5,7,1,1,0,0,0,1,0,0,1,0,0,256600.0
a002897,2,1,0,0,0,0,1,0,0,1,0,0,0,0,0,0,0,0,0,0,0,0,1,0,0,0,0,0,0,1,0,0,0,0,1,0,0,1,0,0,0,0,0,0,0,0,0,0,0,0,1,0,0,0,0,0,0,1,20,4,3,3.0,4,8.0,2,2,4,4,5,4,1,6,2,0,1,1,0,0,0,0,1,0,0,0,130200.0
a006355,2,0,0,0,0,1,0,0,0,0,0,0,0,0,0,0,0,0,0,0,0,0,1,0,0,0,0,0,1,0,0,0,0,1,0,0,0,0,0,0,0,0,0,0,0,0,0,0,0,0,1,0,0,0,0,0,1,1,20,6,4,2.0,4,7.0,2,4,2,1,2,4,4,6,7,3,0,0,1,0,1,0,1,0,0,0,65550.0
a002003,2,0,0,0,0,0,0,0,0,0,0,0,1,0,0,0,0,0,0,0,0,0,1,0,0,0,1,0,0,0,0,0,0,0,0,0,0,0,0,0,1,0,0,0,0,0,0,0,0,0,1,0,0,0,1,0,0,1,20,6,2,3.0,3,6.0,2,2,2,2,2,2,2,2,6,1,1,0,1,0,0,0,0,0,0,1,43900.0
a007244,2,1,0,0,0,0,1,0,0,0,0,0,0,0,0,0,0,0,0,0,0,0,0,0,0,0,0,0,0,1,0,0,0,0,1,0,0,0,0,0,0,0,0,0,0,0,0,0,0,0,0,0,0,0,0,0,0,1,30,6,1,3.0,2,7.49660441426146,3,4,1,1,5,1,1,7,1,0,1,1,0,1,0,0,0,0,0,0,5000.0
c002786,3,0,1,1,1,1,0,0,0,0,1,0,0,0,0,0,0,0,0,0,0,0,0,0,0,0,0,0,0,0,1,1,1,1,0,0,0,0,1,0,0,0,0,0,0,0,0,0,0,0,0,0,0,0,0,0,0,0,30,6,3,1.0,9,9.0,2,2,3,1,2,4,5,6,3,2,1,1,1,0,0,0,0,0,0,0,118200.0
a000497,2,1,0,1,1,1,0,0,0,0,0,0,0,0,0,0,0,0,0,0,0,0,1,0,0,0,0,0,0,1,0,1,1,1,0,0,0,0,0,0,0,0,0,0,0,0,0,0,0,0,1,0,0,0,0,0,0,0,30,6,1,2.0,3,7.49660441426146,3,3,3,2,6,4,5,2,7,3,1,1,0,0,0,0,1,0,0,0,824250.0
a001505,3,0,0,0,0,1,0,0,0,0,0,0,0,0,0,0,0,0,0,0,0,0,0,0,0,0,0,0,0,0,0,0,0,1,0,0,0,0,0,0,0,0,0,0,0,0,0,0,0,0,0,0,0,0,0,0,0,1,30,6,1,2.0,3,7.49660441426146,3,1,3,1,3,4,4,5,4,7,1,0,1,0,0,0,1,0,0,0,229440.0
a010065,2,0,0,1,0,0,0,0,0,0,0,0,0,0,0,0,0,0,0,0,0,0,0,0,0,0,0,0,0,0,0,1,0,0,0,0,0,0,0,0,0,0,0,0,0,0,0,0,0,0,0,0,0,0,0,0,0,0,30,6,1,12.0,2,7.49660441426146,3,3,2,2,5,6,2,6,3,0,1,1,0,0,0,0,1,0,0,0,18600.0
a003335,3,1,0,0,0,0,0,0,0,0,0,0,0,0,0,0,0,0,0,0,0,0,0,1,0,0,0,0,0,1,0,0,0,0,0,0,0,0,0,0,0,0,0,0,0,0,0,0,0,0,0,1,0,0,0,0,0,1,30,6,1,3.0,4,7.49660441426146,2,4,2,2,2,4,5,2,4,1,0,1,1,0,0,0,0,0,1,0,1796994.0
a002271,4,1,1,1,1,0,1,0,0,0,0,0,0,0,0,0,0,0,0,0,0,0,0,0,0,0,0,0,0,1,1,1,1,0,1,0,0,0,0,0,0,0,0,0,0,0,0,0,0,0,0,0,0,0,0,0,0,0,20,6,1,7.0,4,7.49660441426146,3,4,2,2,3,4,3,4,4,0,1,1,0,0,0,0,1,0,0,0,281500.0
a003411,2,1,0,0,1,0,1,0,0,0,0,0,0,0,0,0,0,0,0,0,0,0,1,0,0,0,0,1,0,1,0,0,1,0,1,0,0,0,0,0,0,0,0,0,0,0,0,0,0,0,1,0,0,0,0,1,0,1,20,6,3,12.0,2,6.0,2,4,4,4,2,2,5,6,4,1,1,0,1,0,0,0,1,0,0,0,14000.0
a008457,3,1,0,0,1,0,1,0,0,0,0,0,0,0,0,0,0,0,0,0,0,0,0,1,1,0,0,0,0,1,0,0,1,0,1,0,0,0,0,0,0,0,0,0,0,0,0,0,0,0,0,1,1,0,0,0,0,1,20,6,3,3.0,5,7.0,3,5,2,3,2,2,2,2,3,0,0,1,0,1,0,1,0,0,0,0,62100.0
a007638,2,1,0,0,0,0,0,0,0,0,0,0,0,0,0,0,0,0,0,0,0,1,1,0,0,0,0,0,0,1,0,0,0,0,0,0,0,0,0,0,0,0,0,0,0,0,0,0,0,1,1,0,0,0,0,0,0,0,30,8,2,12.0,1,5.0,2,1,4,1,4,4,2,2,7,1,0,1,1,0,1,0,0,0,0,0,188000.0
a002111,3,0,0,0,1,0,1,0,0,0,0,0,0,0,0,0,0,0,0,0,0,0,0,0,0,0,0,0,0,0,0,0,1,0,1,0,0,0,0,0,0,0,0,0,0,0,0,0,0,0,0,0,0,0,0,0,0,1,30,6,2,4.0,4,9.0,1,1,1,1,1,7,1,4,4,1,1,0,1,0,0,0,1,0,0,0,884100.0
a007634,2,0,0,0,1,0,0,0,0,0,0,0,0,0,0,0,0,0,0,0,0,1,1,0,0,0,0,0,0,0,0,0,1,0,0,0,0,0,0,0,0,0,0,0,0,0,0,0,0,1,1,0,0,0,0,0,0,1,20,6,2,3.0,4,4.0,3,4,1,1,1,3,2,1,6,1,1,0,1,1,0,0,0,0,0,0,68500.0
a007716,2,0,0,0,0,0,0,0,0,0,0,0,0,0,0,0,0,0,0,0,0,0,0,0,0,0,0,0,1,0,0,0,0,0,0,0,0,0,0,0,0,0,0,0,0,0,0,0,0,0,0,0,0,0,0,0,1,0,40,7,4,1.0,6,6.0,2,2,4,4,5,6,6,2,4,1,1,0,1,0,0,1,0,0,0,0,29300.0
